Tarih;Karar (Ordin) No;Dosya Numarası;Ek Bilgi;Kaynak Belge
04.06.2026;1935P;12876/2023;Copii minori: 2;ordin-1935-din-04.06.2026-art-10.pdf
04.06.2026;1935P;8335/2024;;ordin-1935-din-04.06.2026-art-10.pdf
04.06.2026;1935P;7580/2023;Copii minori: 1;ordin-1935-din-04.06.2026-art-10.pdf
04.06.2026;1935P;50480/2024;;ordin-1935-din-04.06.2026-art-10.pdf
04.06.2026;1935P;10947/2023;;ordin-1935-din-04.06.2026-art-10.pdf
04.06.2026;1935P;10976/2023;;ordin-1935-din-04.06.2026-art-10.pdf
04.06.2026;1935P;18002/2024;;ordin-1935-din-04.06.2026-art-10.pdf
04.06.2026;1935P;23245/2023;Copii minori: 1;ordin-1935-din-04.06.2026-art-10.pdf
04.06.2026;1935P;23245/2023;;ordin-1935-din-04.06.2026-art-10.pdf
04.06.2026;1935P;23245/2023;;ordin-1935-din-04.06.2026-art-10.pdf
04.06.2026;1935P;1850/2024;;ordin-1935-din-04.06.2026-art-10.pdf
04.06.2026;1935P;18047/2024;;ordin-1935-din-04.06.2026-art-10.pdf
04.06.2026;1935P;6532/2023;Copii minori: 1;ordin-1935-din-04.06.2026-art-10.pdf
04.06.2026;1935P;6535/2023;;ordin-1935-din-04.06.2026-art-10.pdf
04.06.2026;1935P;10946/2023;;ordin-1935-din-04.06.2026-art-10.pdf
04.06.2026;1935P;18045/2024;;ordin-1935-din-04.06.2026-art-10.pdf
04.06.2026;1935P;4183/2024;;ordin-1935-din-04.06.2026-art-10.pdf
04.06.2026;1935P;2076/2023;;ordin-1935-din-04.06.2026-art-10.pdf
04.06.2026;1935P;26385/2022;;ordin-1935-din-04.06.2026-art-10.pdf
04.06.2026;1935P;9391/2024;;ordin-1935-din-04.06.2026-art-10.pdf
04.06.2026;1935P;1575/2023;;ordin-1935-din-04.06.2026-art-10.pdf
04.06.2026;1935P;6647/2024;;ordin-1935-din-04.06.2026-art-10.pdf
04.06.2026;1935P;7930/2024;;ordin-1935-din-04.06.2026-art-10.pdf
04.06.2026;1935P;12900/2023;;ordin-1935-din-04.06.2026-art-10.pdf
04.06.2026;1935P;4154/2024;;ordin-1935-din-04.06.2026-art-10.pdf
04.06.2026;1935P;3380/2023;;ordin-1935-din-04.06.2026-art-10.pdf
04.06.2026;1935P;3380/2023;;ordin-1935-din-04.06.2026-art-10.pdf
04.06.2026;1935P;10982/2023;Copii minori: 1;ordin-1935-din-04.06.2026-art-10.pdf
04.06.2026;1935P;11150/2023;;ordin-1935-din-04.06.2026-art-10.pdf
04.06.2026;1935P;11150/2023;;ordin-1935-din-04.06.2026-art-10.pdf
04.06.2026;1935P;8930/2024;;ordin-1935-din-04.06.2026-art-10.pdf
04.06.2026;1935P;49091/2024;;ordin-1935-din-04.06.2026-art-10.pdf
04.06.2026;1935P;6685/2024;;ordin-1935-din-04.06.2026-art-10.pdf
04.06.2026;1935P;9448/2024;;ordin-1935-din-04.06.2026-art-10.pdf
04.06.2026;1935P;23351/2023;;ordin-1935-din-04.06.2026-art-10.pdf
04.06.2026;1935P;20518/2024;;ordin-1935-din-04.06.2026-art-10.pdf
04.06.2026;1935P;19841/2024;;ordin-1935-din-04.06.2026-art-10.pdf
04.06.2026;1935P;10986/2023;;ordin-1935-din-04.06.2026-art-10.pdf
04.06.2026;1935P;17440/2023;;ordin-1935-din-04.06.2026-art-10.pdf
04.06.2026;1935P;10980/2023;Copii minori: 1;ordin-1935-din-04.06.2026-art-10.pdf
04.06.2026;1935P;17983/2024;;ordin-1935-din-04.06.2026-art-10.pdf
04.06.2026;1935P;18029/2024;;ordin-1935-din-04.06.2026-art-10.pdf
04.06.2026;1935P;1588/2023;;ordin-1935-din-04.06.2026-art-10.pdf
04.06.2026;1935P;1593/2023;Copii minori: 3;ordin-1935-din-04.06.2026-art-10.pdf
04.06.2026;1935P;23282/2023;Copii minori: 2;ordin-1935-din-04.06.2026-art-10.pdf
04.06.2026;1935P;1873/2024;;ordin-1935-din-04.06.2026-art-10.pdf
04.06.2026;1935P;9415/2024;;ordin-1935-din-04.06.2026-art-10.pdf
04.06.2026;1935P;49782/2023;;ordin-1935-din-04.06.2026-art-10.pdf
04.06.2026;1935P;20532/2024;;ordin-1935-din-04.06.2026-art-10.pdf
04.06.2026;1935P;4123/2024;;ordin-1935-din-04.06.2026-art-10.pdf
04.06.2026;1935P;12875/2023;;ordin-1935-din-04.06.2026-art-10.pdf
04.06.2026;1935P;11147/2023;;ordin-1935-din-04.06.2026-art-10.pdf
04.06.2026;1935P;50488/2024;;ordin-1935-din-04.06.2026-art-10.pdf
04.06.2026;1935P;28772/2024;Copii minori: 1;ordin-1935-din-04.06.2026-art-10.pdf
04.06.2026;1935P;3449/2024;;ordin-1935-din-04.06.2026-art-10.pdf
04.06.2026;1935P;50473/2024;;ordin-1935-din-04.06.2026-art-10.pdf
04.06.2026;1935P;19188/2024;;ordin-1935-din-04.06.2026-art-10.pdf
04.06.2026;1935P;19117/2024;;ordin-1935-din-04.06.2026-art-10.pdf
04.06.2026;1935P;18001/2024;;ordin-1935-din-04.06.2026-art-10.pdf
04.06.2026;1935P;16476/2022;Copii minori: 1;ordin-1935-din-04.06.2026-art-10.pdf
04.06.2026;1935P;1820/2024;;ordin-1935-din-04.06.2026-art-10.pdf
04.06.2026;1935P;18006/2024;;ordin-1935-din-04.06.2026-art-10.pdf
04.06.2026;1935P;51027/2024;;ordin-1935-din-04.06.2026-art-10.pdf
04.06.2026;1935P;18028/2024;;ordin-1935-din-04.06.2026-art-10.pdf
04.06.2026;1935P;45100/2023;;ordin-1935-din-04.06.2026-art-10.pdf
04.06.2026;1935P;9395/2024;;ordin-1935-din-04.06.2026-art-10.pdf
04.06.2026;1935P;23151/2023;;ordin-1935-din-04.06.2026-art-10.pdf
04.06.2026;1935P;9362/2024;;ordin-1935-din-04.06.2026-art-10.pdf
04.06.2026;1935P;23875/2023;;ordin-1935-din-04.06.2026-art-10.pdf
04.06.2026;1935P;11071/2023;;ordin-1935-din-04.06.2026-art-10.pdf
04.06.2026;1935P;49834/2024;;ordin-1935-din-04.06.2026-art-10.pdf
04.06.2026;1935P;49096/2024;;ordin-1935-din-04.06.2026-art-10.pdf
04.06.2026;1935P;6520/2023;Copii minori: 1;ordin-1935-din-04.06.2026-art-10.pdf
04.06.2026;1935P;10971/2023;Copii minori: 1;ordin-1935-din-04.06.2026-art-10.pdf
04.06.2026;1935P;6650/2024;;ordin-1935-din-04.06.2026-art-10.pdf
04.06.2026;1935P;45100/2023;;ordin-1935-din-04.06.2026-art-10.pdf
04.06.2026;1935P;1813/2024;;ordin-1935-din-04.06.2026-art-10.pdf
04.06.2026;1935P;49069/2024;;ordin-1935-din-04.06.2026-art-10.pdf
04.06.2026;1935P;49097/2024;;ordin-1935-din-04.06.2026-art-10.pdf
04.06.2026;1935P;20540/2024;;ordin-1935-din-04.06.2026-art-10.pdf
04.06.2026;1935P;9438/2024;;ordin-1935-din-04.06.2026-art-10.pdf
04.06.2026;1935P;10983/2023;;ordin-1935-din-04.06.2026-art-10.pdf
04.06.2026;1935P;10964/2023;;ordin-1935-din-04.06.2026-art-10.pdf
04.06.2026;1935P;9432/2024;;ordin-1935-din-04.06.2026-art-10.pdf
04.06.2026;1935P;18051/2024;;ordin-1935-din-04.06.2026-art-10.pdf
04.06.2026;1935P;10978/2023;;ordin-1935-din-04.06.2026-art-10.pdf
04.06.2026;1935P;1843/2024;;ordin-1935-din-04.06.2026-art-10.pdf
04.06.2026;1935P;3452/2024;;ordin-1935-din-04.06.2026-art-10.pdf
04.06.2026;1935P;12908/2023;Copii minori: 1;ordin-1935-din-04.06.2026-art-10.pdf
04.06.2026;1935P;4014/2023;;ordin-1935-din-04.06.2026-art-10.pdf
04.06.2026;1935P;4019/2023;Copii minori: 1;ordin-1935-din-04.06.2026-art-10.pdf
04.06.2026;1935P;4022/2023;;ordin-1935-din-04.06.2026-art-10.pdf
04.06.2026;1935P;9409/2024;;ordin-1935-din-04.06.2026-art-10.pdf
04.06.2026;1935P;49851/2024;;ordin-1935-din-04.06.2026-art-10.pdf
04.06.2026;1935P;26885/2023;;ordin-1935-din-04.06.2026-art-10.pdf
04.06.2026;1935P;49077/2024;;ordin-1935-din-04.06.2026-art-10.pdf
04.06.2026;1935P;18041/2024;;ordin-1935-din-04.06.2026-art-10.pdf
04.06.2026;1935P;8824/2023;Copii minori: 1;ordin-1935-din-04.06.2026-art-10.pdf
04.06.2026;1935P;9379/2024;;ordin-1935-din-04.06.2026-art-10.pdf
04.06.2026;1935P;3380/2023;;ordin-1935-din-04.06.2026-art-10.pdf
04.06.2026;1935P;10987/2023;;ordin-1935-din-04.06.2026-art-10.pdf
04.06.2026;1935P;10957/2023;;ordin-1935-din-04.06.2026-art-10.pdf
04.06.2026;1935P;49347/2024;;ordin-1935-din-04.06.2026-art-10.pdf
04.06.2026;1935P;18019/2024;;ordin-1935-din-04.06.2026-art-10.pdf
04.06.2026;1935P;1119/2024;;ordin-1935-din-04.06.2026-art-10.pdf
04.06.2026;1935P;18025/2024;;ordin-1935-din-04.06.2026-art-10.pdf
04.06.2026;1935P;45008/2023;;ordin-1935-din-04.06.2026-art-10.pdf
04.06.2026;1935P;9440/2024;;ordin-1935-din-04.06.2026-art-10.pdf
04.06.2026;1935P;16494/2022;;ordin-1935-din-04.06.2026-art-10.pdf
04.06.2026;1935P;11004/2023;;ordin-1935-din-04.06.2026-art-10.pdf
04.06.2026;1935P;10954/2023;;ordin-1935-din-04.06.2026-art-10.pdf
04.06.2026;1935P;50136/2024;;ordin-1935-din-04.06.2026-art-10.pdf
04.06.2026;1935P;49832/2024;;ordin-1935-din-04.06.2026-art-10.pdf
04.06.2026;1935P;2451/2024;;ordin-1935-din-04.06.2026-art-10.pdf
03.06.2026;1909P;7026/2023;Copii minori: 1;ordin-1909P-03.06.2026-art-10.pdf
03.06.2026;1909P;7026/2023;;ordin-1909P-03.06.2026-art-10.pdf
03.06.2026;1909P;7032/2023;;ordin-1909P-03.06.2026-art-10.pdf
03.06.2026;1909P;7035/2023;;ordin-1909P-03.06.2026-art-10.pdf
03.06.2026;1909P;6207/2023;;ordin-1909P-03.06.2026-art-10.pdf
03.06.2026;1909P;6215/2023;;ordin-1909P-03.06.2026-art-10.pdf
03.06.2026;1909P;8040/2023;;ordin-1909P-03.06.2026-art-10.pdf
03.06.2026;1909P;8040/2023;;ordin-1909P-03.06.2026-art-10.pdf
03.06.2026;1909P;6918/2023;;ordin-1909P-03.06.2026-art-10.pdf
03.06.2026;1909P;7771/2023;;ordin-1909P-03.06.2026-art-10.pdf
03.06.2026;1909P;6839/2023;Copii minori: 3;ordin-1909P-03.06.2026-art-10.pdf
03.06.2026;1909P;6376/2023;;ordin-1909P-03.06.2026-art-10.pdf
03.06.2026;1909P;6896/2023;;ordin-1909P-03.06.2026-art-10.pdf
03.06.2026;1909P;7727/2023;;ordin-1909P-03.06.2026-art-10.pdf
03.06.2026;1909P;7831/2023;;ordin-1909P-03.06.2026-art-10.pdf
03.06.2026;1909P;6880/2023;;ordin-1909P-03.06.2026-art-10.pdf
03.06.2026;1909P;6852/2023;;ordin-1909P-03.06.2026-art-10.pdf
03.06.2026;1909P;7730/2023;;ordin-1909P-03.06.2026-art-10.pdf
03.06.2026;1909P;2980/2023;;ordin-1909P-03.06.2026-art-10.pdf
03.06.2026;1909P;6229/2023;;ordin-1909P-03.06.2026-art-10.pdf
03.06.2026;1909P;6220/2023;;ordin-1909P-03.06.2026-art-10.pdf
03.06.2026;1909P;7022/2023;;ordin-1909P-03.06.2026-art-10.pdf
03.06.2026;1909P;7297/2023;Copii minori: 3;ordin-1909P-03.06.2026-art-10.pdf
03.06.2026;1909P;6891/2023;;ordin-1909P-03.06.2026-art-10.pdf
03.06.2026;1909P;6891/2023;;ordin-1909P-03.06.2026-art-10.pdf
03.06.2026;1909P;6891/2023;;ordin-1909P-03.06.2026-art-10.pdf
03.06.2026;1909P;6645/2023;;ordin-1909P-03.06.2026-art-10.pdf
03.06.2026;1909P;6855/2023;;ordin-1909P-03.06.2026-art-10.pdf
03.06.2026;1909P;6908/2023;;ordin-1909P-03.06.2026-art-10.pdf
03.06.2026;1909P;6845/2023;;ordin-1909P-03.06.2026-art-10.pdf
03.06.2026;1909P;6865/2023;Copii minori: 1;ordin-1909P-03.06.2026-art-10.pdf
03.06.2026;1909P;6887/2023;;ordin-1909P-03.06.2026-art-10.pdf
03.06.2026;1909P;6883/2023;;ordin-1909P-03.06.2026-art-10.pdf
03.06.2026;1909P;6895/2023;;ordin-1909P-03.06.2026-art-10.pdf
28.05.2026;1837P;6192/2023;Copii minori: 3;ordin-1837P-28.05.2026-art-10.pdf
28.05.2026;1837P;6208/2023;;ordin-1837P-28.05.2026-art-10.pdf
28.05.2026;1837P;4925/2023;Copii minori: 2;ordin-1837P-28.05.2026-art-10.pdf
28.05.2026;1837P;4925/2023;;ordin-1837P-28.05.2026-art-10.pdf
28.05.2026;1837P;4931/2023;;ordin-1837P-28.05.2026-art-10.pdf
28.05.2026;1837P;5390/2023;;ordin-1837P-28.05.2026-art-10.pdf
28.05.2026;1837P;25020/2022;Copii minori: 1;ordin-1837P-28.05.2026-art-10.pdf
28.05.2026;1837P;5384/2023;Copii minori: 1;ordin-1837P-28.05.2026-art-10.pdf
28.05.2026;1837P;4919/2023;;ordin-1837P-28.05.2026-art-10.pdf
28.05.2026;1837P;4912/2023;;ordin-1837P-28.05.2026-art-10.pdf
28.05.2026;1837P;4939/2023;;ordin-1837P-28.05.2026-art-10.pdf
28.05.2026;1837P;4913/2023;;ordin-1837P-28.05.2026-art-10.pdf
28.05.2026;1837P;4944/2023;;ordin-1837P-28.05.2026-art-10.pdf
28.05.2026;1837P;4930/2023;;ordin-1837P-28.05.2026-art-10.pdf
28.05.2026;1837P;5264/2023;;ordin-1837P-28.05.2026-art-10.pdf
28.05.2026;1837P;5271/2023;;ordin-1837P-28.05.2026-art-10.pdf
28.05.2026;1837P;5277/2023;;ordin-1837P-28.05.2026-art-10.pdf
28.05.2026;1837P;5274/2023;;ordin-1837P-28.05.2026-art-10.pdf
28.05.2026;1837P;5269/2023;Copii minori: 3;ordin-1837P-28.05.2026-art-10.pdf
28.05.2026;1837P;4910/2023;;ordin-1837P-28.05.2026-art-10.pdf
28.05.2026;1837P;6184/2023;;ordin-1837P-28.05.2026-art-10.pdf
28.05.2026;1837P;6163/2023;;ordin-1837P-28.05.2026-art-10.pdf
28.05.2026;1837P;6178/2023;Copii minori: 2;ordin-1837P-28.05.2026-art-10.pdf
28.05.2026;1837P;6189/2023;;ordin-1837P-28.05.2026-art-10.pdf
28.05.2026;1837P;6168/2023;Copii minori: 2;ordin-1837P-28.05.2026-art-10.pdf
28.05.2026;1837P;6197/2023;Copii minori: 1;ordin-1837P-28.05.2026-art-10.pdf
28.05.2026;1837P;4927/2023;;ordin-1837P-28.05.2026-art-10.pdf
28.05.2026;1837P;5280/2023;;ordin-1837P-28.05.2026-art-10.pdf
28.05.2026;1837P;6073/2023;;ordin-1837P-28.05.2026-art-10.pdf
28.05.2026;1837P;6070/2023;;ordin-1837P-28.05.2026-art-10.pdf
26.05.2026;1807P;32904/2023;Copii minori: 2;Ordin-1807P-26.05.2026-art-10.pdf
26.05.2026;1807P;33734/2022;;Ordin-1807P-26.05.2026-art-10.pdf
13.05.2026;1636P;1810/2024;;ordin-1636P-13.05.2026-art.10.pdf
13.05.2026;1636P;24311/2022;Copii minori: 2;ordin-1636P-13.05.2026-art.10.pdf
07.05.2026;1569P;4200/2024;;Ordin-1569P-07.05.2026-art.-10.pdf
07.05.2026;1569P;49346/2024;;Ordin-1569P-07.05.2026-art.-10.pdf
24.04.2026;1426P;48178/2024;;Ordin-nr.-1426P-24.04.2026-art.10.pdf
24.04.2026;1426P;29603/2022;;Ordin-nr.-1426P-24.04.2026-art.10.pdf
24.04.2026;1426P;11087/2023;Copii minori: 2;Ordin-nr.-1426P-24.04.2026-art.10.pdf
24.04.2026;1426P;41904/2024;;Ordin-nr.-1426P-24.04.2026-art.10.pdf
24.04.2026;1426P;5987/2023;;Ordin-nr.-1426P-24.04.2026-art.10.pdf
24.04.2026;1426P;5973/2023;;Ordin-nr.-1426P-24.04.2026-art.10.pdf
24.04.2026;1426P;11077/2023;;Ordin-nr.-1426P-24.04.2026-art.10.pdf
24.04.2026;1426P;11077/2023;Copii minori: 1;Ordin-nr.-1426P-24.04.2026-art.10.pdf
24.04.2026;1426P;47579/2024;;Ordin-nr.-1426P-24.04.2026-art.10.pdf
24.04.2026;1426P;22563/2025;;Ordin-nr.-1426P-24.04.2026-art.10.pdf
24.04.2026;1426P;48130/2024;;Ordin-nr.-1426P-24.04.2026-art.10.pdf
24.04.2026;1426P;33685/2022;;Ordin-nr.-1426P-24.04.2026-art.10.pdf
24.04.2026;1426P;47694/2024;;Ordin-nr.-1426P-24.04.2026-art.10.pdf
24.04.2026;1426P;29622/2022;Copii minori: 1;Ordin-nr.-1426P-24.04.2026-art.10.pdf
24.04.2026;1426P;48175/2024;;Ordin-nr.-1426P-24.04.2026-art.10.pdf
24.04.2026;1426P;15992/2021;;Ordin-nr.-1426P-24.04.2026-art.10.pdf
24.04.2026;1426P;5480/2023;Copii minori: 2;Ordin-nr.-1426P-24.04.2026-art.10.pdf
24.04.2026;1426P;42103/2024;;Ordin-nr.-1426P-24.04.2026-art.10.pdf
24.04.2026;1426P;42020/2024;;Ordin-nr.-1426P-24.04.2026-art.10.pdf
24.04.2026;1426P;47691/2024;;Ordin-nr.-1426P-24.04.2026-art.10.pdf
24.04.2026;1426P;38535/2022;;Ordin-nr.-1426P-24.04.2026-art.10.pdf
24.04.2026;1426P;38535/2022;;Ordin-nr.-1426P-24.04.2026-art.10.pdf
24.04.2026;1426P;47641/2024;;Ordin-nr.-1426P-24.04.2026-art.10.pdf
24.04.2026;1426P;34239/2022;;Ordin-nr.-1426P-24.04.2026-art.10.pdf
24.04.2026;1426P;41845/2024;;Ordin-nr.-1426P-24.04.2026-art.10.pdf
24.04.2026;1426P;34279/2022;;Ordin-nr.-1426P-24.04.2026-art.10.pdf
24.04.2026;1426P;29605/2022;;Ordin-nr.-1426P-24.04.2026-art.10.pdf
24.04.2026;1426P;29593/2022;;Ordin-nr.-1426P-24.04.2026-art.10.pdf
24.04.2026;1426P;29609/2022;;Ordin-nr.-1426P-24.04.2026-art.10.pdf
24.04.2026;1426P;48005/2024;;Ordin-nr.-1426P-24.04.2026-art.10.pdf
24.04.2026;1426P;41868/2024;;Ordin-nr.-1426P-24.04.2026-art.10.pdf
24.04.2026;1426P;47631/2024;;Ordin-nr.-1426P-24.04.2026-art.10.pdf
24.04.2026;1426P;31509/2022;;Ordin-nr.-1426P-24.04.2026-art.10.pdf
24.04.2026;1426P;41900/2024;;Ordin-nr.-1426P-24.04.2026-art.10.pdf
24.04.2026;1426P;41881/2024;;Ordin-nr.-1426P-24.04.2026-art.10.pdf
24.04.2026;1426P;47972/2024;;Ordin-nr.-1426P-24.04.2026-art.10.pdf
24.04.2026;1426P;48099/2024;;Ordin-nr.-1426P-24.04.2026-art.10.pdf
24.04.2026;1426P;33685/2022;Copii minori: 1;Ordin-nr.-1426P-24.04.2026-art.10.pdf
24.04.2026;1426P;42037/2024;;Ordin-nr.-1426P-24.04.2026-art.10.pdf
24.04.2026;1426P;47973/2024;;Ordin-nr.-1426P-24.04.2026-art.10.pdf
24.04.2026;1426P;41694/2024;;Ordin-nr.-1426P-24.04.2026-art.10.pdf
24.04.2026;1426P;47708/2024;;Ordin-nr.-1426P-24.04.2026-art.10.pdf
24.04.2026;1426P;38488/2022;;Ordin-nr.-1426P-24.04.2026-art.10.pdf
24.04.2026;1426P;47598/2024;;Ordin-nr.-1426P-24.04.2026-art.10.pdf
24.04.2026;1426P;42134/2024;;Ordin-nr.-1426P-24.04.2026-art.10.pdf
24.04.2026;1426P;41898/2024;;Ordin-nr.-1426P-24.04.2026-art.10.pdf
24.04.2026;1426P;41986/2024;;Ordin-nr.-1426P-24.04.2026-art.10.pdf
24.04.2026;1426P;6311/2023;Copii minori: 1;Ordin-nr.-1426P-24.04.2026-art.10.pdf
24.04.2026;1426P;27921/2022;;Ordin-nr.-1426P-24.04.2026-art.10.pdf
24.04.2026;1426P;5811/2023;Copii minori: 1;Ordin-nr.-1426P-24.04.2026-art.10.pdf
24.04.2026;1426P;48102/2024;;Ordin-nr.-1426P-24.04.2026-art.10.pdf
24.04.2026;1426P;47697/2024;;Ordin-nr.-1426P-24.04.2026-art.10.pdf
24.04.2026;1426P;34285/2022;;Ordin-nr.-1426P-24.04.2026-art.10.pdf
24.04.2026;1426P;34227/2022;;Ordin-nr.-1426P-24.04.2026-art.10.pdf
24.04.2026;1426P;41843/2024;;Ordin-nr.-1426P-24.04.2026-art.10.pdf
24.04.2026;1426P;41977/2024;;Ordin-nr.-1426P-24.04.2026-art.10.pdf
24.04.2026;1426P;47688/2024;;Ordin-nr.-1426P-24.04.2026-art.10.pdf
24.04.2026;1426P;28210/2022;Copii minori: 2;Ordin-nr.-1426P-24.04.2026-art.10.pdf
24.04.2026;1426P;29618/2022;Copii minori: 2;Ordin-nr.-1426P-24.04.2026-art.10.pdf
24.04.2026;1426P;19051/2022;Copii minori: 2;Ordin-nr.-1426P-24.04.2026-art.10.pdf
24.04.2026;1426P;27927/2022;;Ordin-nr.-1426P-24.04.2026-art.10.pdf
24.04.2026;1426P;41985/2024;;Ordin-nr.-1426P-24.04.2026-art.10.pdf
24.04.2026;1426P;12629/2022;;Ordin-nr.-1426P-24.04.2026-art.10.pdf
24.04.2026;1426P;12629/2022;;Ordin-nr.-1426P-24.04.2026-art.10.pdf
24.04.2026;1426P;12629/2022;;Ordin-nr.-1426P-24.04.2026-art.10.pdf
24.04.2026;1426P;41846/2024;;Ordin-nr.-1426P-24.04.2026-art.10.pdf
24.04.2026;1426P;31523/2022;;Ordin-nr.-1426P-24.04.2026-art.10.pdf
24.04.2026;1426P;31523/2022;Copii minori: 1;Ordin-nr.-1426P-24.04.2026-art.10.pdf
24.04.2026;1426P;5460/2023;;Ordin-nr.-1426P-24.04.2026-art.10.pdf
24.04.2026;1426P;6222/2023;;Ordin-nr.-1426P-24.04.2026-art.10.pdf
24.04.2026;1426P;29610/2022;;Ordin-nr.-1426P-24.04.2026-art.10.pdf
24.04.2026;1426P;5806/2023;Copii minori: 2;Ordin-nr.-1426P-24.04.2026-art.10.pdf
24.04.2026;1426P;48095/2024;;Ordin-nr.-1426P-24.04.2026-art.10.pdf
24.04.2026;1426P;47607/2024;;Ordin-nr.-1426P-24.04.2026-art.10.pdf
24.04.2026;1426P;41882/2024;;Ordin-nr.-1426P-24.04.2026-art.10.pdf
24.04.2026;1426P;42069/2024;;Ordin-nr.-1426P-24.04.2026-art.10.pdf
24.04.2026;1426P;12647/2022;Copii minori: 1;Ordin-nr.-1426P-24.04.2026-art.10.pdf
24.04.2026;1426P;12647/2022;;Ordin-nr.-1426P-24.04.2026-art.10.pdf
24.04.2026;1426P;27930/2022;Copii minori: 1;Ordin-nr.-1426P-24.04.2026-art.10.pdf
24.04.2026;1426P;21514/2022;;Ordin-nr.-1426P-24.04.2026-art.10.pdf
24.04.2026;1426P;11116/2023;;Ordin-nr.-1426P-24.04.2026-art.10.pdf
24.04.2026;1426P;11110/2023;Copii minori: 2;Ordin-nr.-1426P-24.04.2026-art.10.pdf
24.04.2026;1426P;29633/2022;Copii minori: 2;Ordin-nr.-1426P-24.04.2026-art.10.pdf
24.04.2026;1426P;41863/2024;;Ordin-nr.-1426P-24.04.2026-art.10.pdf
24.04.2026;1426P;41855/2024;;Ordin-nr.-1426P-24.04.2026-art.10.pdf
24.04.2026;1426P;6226/2023;;Ordin-nr.-1426P-24.04.2026-art.10.pdf
24.04.2026;1426P;34329/2022;;Ordin-nr.-1426P-24.04.2026-art.10.pdf
24.04.2026;1426P;8303/2022;Copii minori: 2;Ordin-nr.-1426P-24.04.2026-art.10.pdf
30.03.2026;1066P;57327/2024;;Ordin-1066P-30.03.2026-art.10.pdf
30.03.2026;1066P;21944/2024;;Ordin-1066P-30.03.2026-art.10.pdf
30.03.2026;1066P;21939/2024;;Ordin-1066P-30.03.2026-art.10.pdf
30.03.2026;1066P;21988/2024;;Ordin-1066P-30.03.2026-art.10.pdf
30.03.2026;1066P;56825/2024;;Ordin-1066P-30.03.2026-art.10.pdf
30.03.2026;1066P;20631/2024;;Ordin-1066P-30.03.2026-art.10.pdf
30.03.2026;1066P;31815/2024;;Ordin-1066P-30.03.2026-art.10.pdf
30.03.2026;1066P;22023/2024;;Ordin-1066P-30.03.2026-art.10.pdf
30.03.2026;1066P;56511/2024;;Ordin-1066P-30.03.2026-art.10.pdf
30.03.2026;1066P;21971/2024;;Ordin-1066P-30.03.2026-art.10.pdf
30.03.2026;1066P;55992/2024;;Ordin-1066P-30.03.2026-art.10.pdf
30.03.2026;1066P;56600/2024;;Ordin-1066P-30.03.2026-art.10.pdf
30.03.2026;1066P;56073/2024;;Ordin-1066P-30.03.2026-art.10.pdf
30.03.2026;1066P;56069/2024;;Ordin-1066P-30.03.2026-art.10.pdf
30.03.2026;1066P;56826/2024;;Ordin-1066P-30.03.2026-art.10.pdf
30.03.2026;1066P;29155/2024;;Ordin-1066P-30.03.2026-art.10.pdf
30.03.2026;1066P;31769/2024;;Ordin-1066P-30.03.2026-art.10.pdf
30.03.2026;1066P;29571/2024;;Ordin-1066P-30.03.2026-art.10.pdf
30.03.2026;1066P;28791/2024;;Ordin-1066P-30.03.2026-art.10.pdf
30.03.2026;1066P;56094/2024;;Ordin-1066P-30.03.2026-art.10.pdf
30.03.2026;1066P;31810/2024;;Ordin-1066P-30.03.2026-art.10.pdf
30.03.2026;1066P;20639/2024;;Ordin-1066P-30.03.2026-art.10.pdf
30.03.2026;1066P;31855/2024;;Ordin-1066P-30.03.2026-art.10.pdf
30.03.2026;1066P;20575/2024;;Ordin-1066P-30.03.2026-art.10.pdf
30.03.2026;1066P;31930/2024;;Ordin-1066P-30.03.2026-art.10.pdf
30.03.2026;1066P;55413/2024;;Ordin-1066P-30.03.2026-art.10.pdf
30.03.2026;1066P;28793/2024;;Ordin-1066P-30.03.2026-art.10.pdf
30.03.2026;1066P;21962/2024;;Ordin-1066P-30.03.2026-art.10.pdf
30.03.2026;1066P;20611/2024;;Ordin-1066P-30.03.2026-art.10.pdf
30.03.2026;1066P;56025/2024;;Ordin-1066P-30.03.2026-art.10.pdf
30.03.2026;1066P;55869/2024;;Ordin-1066P-30.03.2026-art.10.pdf
30.03.2026;1066P;20561/2024;;Ordin-1066P-30.03.2026-art.10.pdf
30.03.2026;1066P;31841/2024;;Ordin-1066P-30.03.2026-art.10.pdf
30.03.2026;1066P;31730/2024;;Ordin-1066P-30.03.2026-art.10.pdf
30.03.2026;1066P;22703/2024;;Ordin-1066P-30.03.2026-art.10.pdf
30.03.2026;1066P;22022/2024;;Ordin-1066P-30.03.2026-art.10.pdf
30.03.2026;1066P;56300/2024;;Ordin-1066P-30.03.2026-art.10.pdf
30.03.2026;1066P;21493/2024;;Ordin-1066P-30.03.2026-art.10.pdf
30.03.2026;1066P;20743/2024;;Ordin-1066P-30.03.2026-art.10.pdf
30.03.2026;1066P;20685/2024;;Ordin-1066P-30.03.2026-art.10.pdf
30.03.2026;1066P;20595/2024;;Ordin-1066P-30.03.2026-art.10.pdf
30.03.2026;1066P;57315/2024;;Ordin-1066P-30.03.2026-art.10.pdf
30.03.2026;1066P;57322/2024;;Ordin-1066P-30.03.2026-art.10.pdf
30.03.2026;1066P;22011/2024;;Ordin-1066P-30.03.2026-art.10.pdf
30.03.2026;1066P;31586/2024;;Ordin-1066P-30.03.2026-art.10.pdf
30.03.2026;1066P;31780/2024;;Ordin-1066P-30.03.2026-art.10.pdf
30.03.2026;1066P;57318/2024;;Ordin-1066P-30.03.2026-art.10.pdf
30.03.2026;1066P;56094/2024;;Ordin-1066P-30.03.2026-art.10.pdf
30.03.2026;1066P;31916/2024;;Ordin-1066P-30.03.2026-art.10.pdf
30.03.2026;1066P;22024/2024;;Ordin-1066P-30.03.2026-art.10.pdf
30.03.2026;1066P;29345/2024;;Ordin-1066P-30.03.2026-art.10.pdf
30.03.2026;1066P;56375/2024;;Ordin-1066P-30.03.2026-art.10.pdf
30.03.2026;1066P;56741/2024;;Ordin-1066P-30.03.2026-art.10.pdf
30.03.2026;1066P;29570/2024;;Ordin-1066P-30.03.2026-art.10.pdf
30.03.2026;1065P;17912/2024;;Ordin-1065P-30.03.2026-art.-10.pdf
30.03.2026;1065P;26175/2022;;Ordin-1065P-30.03.2026-art.-10.pdf
30.03.2026;1065P;26175/2022;;Ordin-1065P-30.03.2026-art.-10.pdf
30.03.2026;1065P;25930/2022;;Ordin-1065P-30.03.2026-art.-10.pdf
30.03.2026;1065P;17921/2024;;Ordin-1065P-30.03.2026-art.-10.pdf
30.03.2026;1065P;25510/2022;;Ordin-1065P-30.03.2026-art.-10.pdf
30.03.2026;1065P;25510/2022;Copii minori: 1;Ordin-1065P-30.03.2026-art.-10.pdf
30.03.2026;1065P;11575/2022;Copii minori: 2;Ordin-1065P-30.03.2026-art.-10.pdf
30.03.2026;1065P;35333/2022;Copii minori: 1;Ordin-1065P-30.03.2026-art.-10.pdf
30.03.2026;1065P;35333/2022;;Ordin-1065P-30.03.2026-art.-10.pdf
30.03.2026;1065P;14301/2024;;Ordin-1065P-30.03.2026-art.-10.pdf
30.03.2026;1065P;23030/2023;;Ordin-1065P-30.03.2026-art.-10.pdf
30.03.2026;1065P;1445/2023;;Ordin-1065P-30.03.2026-art.-10.pdf
30.03.2026;1065P;101929/2019;;Ordin-1065P-30.03.2026-art.-10.pdf
30.03.2026;1065P;14328/2024;;Ordin-1065P-30.03.2026-art.-10.pdf
30.03.2026;1065P;28188/2022;Copii minori: 2;Ordin-1065P-30.03.2026-art.-10.pdf
30.03.2026;1065P;11810/2022;Copii minori: 1;Ordin-1065P-30.03.2026-art.-10.pdf
30.03.2026;1065P;14988/2024;;Ordin-1065P-30.03.2026-art.-10.pdf
30.03.2026;1065P;35837/2022;Copii minori: 2;Ordin-1065P-30.03.2026-art.-10.pdf
30.03.2026;1065P;26355/2022;;Ordin-1065P-30.03.2026-art.-10.pdf
30.03.2026;1065P;26353/2022;;Ordin-1065P-30.03.2026-art.-10.pdf
30.03.2026;1065P;21238/2022;;Ordin-1065P-30.03.2026-art.-10.pdf
30.03.2026;1065P;3107/2023;;Ordin-1065P-30.03.2026-art.-10.pdf
30.03.2026;1065P;38528/2022;;Ordin-1065P-30.03.2026-art.-10.pdf
30.03.2026;1065P;38532/2022;;Ordin-1065P-30.03.2026-art.-10.pdf
30.03.2026;1065P;38531/2022;;Ordin-1065P-30.03.2026-art.-10.pdf
30.03.2026;1065P;17914/2024;;Ordin-1065P-30.03.2026-art.-10.pdf
30.03.2026;1065P;17970/2024;;Ordin-1065P-30.03.2026-art.-10.pdf
30.03.2026;1065P;17960/2024;;Ordin-1065P-30.03.2026-art.-10.pdf
30.03.2026;1065P;9888/2022;;Ordin-1065P-30.03.2026-art.-10.pdf
30.03.2026;1065P;9888/2022;;Ordin-1065P-30.03.2026-art.-10.pdf
30.03.2026;1065P;9888/2022;;Ordin-1065P-30.03.2026-art.-10.pdf
30.03.2026;1065P;17946/2024;;Ordin-1065P-30.03.2026-art.-10.pdf
30.03.2026;1065P;17949/2024;;Ordin-1065P-30.03.2026-art.-10.pdf
30.03.2026;1065P;15041/2024;;Ordin-1065P-30.03.2026-art.-10.pdf
30.03.2026;1065P;14313/2024;;Ordin-1065P-30.03.2026-art.-10.pdf
30.03.2026;1065P;25305/2022;;Ordin-1065P-30.03.2026-art.-10.pdf
30.03.2026;1065P;3081/2023;;Ordin-1065P-30.03.2026-art.-10.pdf
30.03.2026;1065P;3081/2023;;Ordin-1065P-30.03.2026-art.-10.pdf
30.03.2026;1065P;17887/2024;;Ordin-1065P-30.03.2026-art.-10.pdf
30.03.2026;1065P;17973/2024;;Ordin-1065P-30.03.2026-art.-10.pdf
30.03.2026;1065P;17897/2024;;Ordin-1065P-30.03.2026-art.-10.pdf
30.03.2026;1065P;17888/2024;;Ordin-1065P-30.03.2026-art.-10.pdf
30.03.2026;1065P;26142/2022;;Ordin-1065P-30.03.2026-art.-10.pdf
30.03.2026;1065P;26339/2022;;Ordin-1065P-30.03.2026-art.-10.pdf
30.03.2026;1065P;26334/2022;;Ordin-1065P-30.03.2026-art.-10.pdf
30.03.2026;1065P;26343/2022;;Ordin-1065P-30.03.2026-art.-10.pdf
30.03.2026;1065P;7563/2023;;Ordin-1065P-30.03.2026-art.-10.pdf
30.03.2026;1065P;7563/2023;;Ordin-1065P-30.03.2026-art.-10.pdf
30.03.2026;1065P;7568/2023;;Ordin-1065P-30.03.2026-art.-10.pdf
30.03.2026;1065P;43890/2021;;Ordin-1065P-30.03.2026-art.-10.pdf
30.03.2026;1065P;17919/2024;;Ordin-1065P-30.03.2026-art.-10.pdf
30.03.2026;1065P;7869/2023;Copii minori: 2;Ordin-1065P-30.03.2026-art.-10.pdf
30.03.2026;1065P;20361/2022;;Ordin-1065P-30.03.2026-art.-10.pdf
30.03.2026;1065P;21242/2022;;Ordin-1065P-30.03.2026-art.-10.pdf
30.03.2026;1065P;21233/2022;;Ordin-1065P-30.03.2026-art.-10.pdf
30.03.2026;1065P;17899/2024;;Ordin-1065P-30.03.2026-art.-10.pdf
30.03.2026;1065P;20429/2021;;Ordin-1065P-30.03.2026-art.-10.pdf
30.03.2026;1065P;20429/2021;;Ordin-1065P-30.03.2026-art.-10.pdf
30.03.2026;1065P;37984/2022;Copii minori: 2;Ordin-1065P-30.03.2026-art.-10.pdf
30.03.2026;1065P;15110/2024;;Ordin-1065P-30.03.2026-art.-10.pdf
30.03.2026;1065P;14650/2024;;Ordin-1065P-30.03.2026-art.-10.pdf
25.03.2026;1063P;37310/2024;;Ordin-1063P-25.03.2026-art-10.pdf
25.03.2026;1063P;41824/2024;;Ordin-1063P-25.03.2026-art-10.pdf
25.03.2026;1063P;36928/2024;;Ordin-1063P-25.03.2026-art-10.pdf
25.03.2026;1063P;57595/2024;;Ordin-1063P-25.03.2026-art-10.pdf
25.03.2026;1063P;9862/2024;;Ordin-1063P-25.03.2026-art-10.pdf
25.03.2026;1063P;57584/2024;;Ordin-1063P-25.03.2026-art-10.pdf
25.03.2026;1063P;34408/2024;;Ordin-1063P-25.03.2026-art-10.pdf
25.03.2026;1063P;40685/2024;;Ordin-1063P-25.03.2026-art-10.pdf
25.03.2026;1063P;34355/2024;;Ordin-1063P-25.03.2026-art-10.pdf
25.03.2026;1063P;11789/2024;;Ordin-1063P-25.03.2026-art-10.pdf
25.03.2026;1063P;34308/2024;;Ordin-1063P-25.03.2026-art-10.pdf
25.03.2026;1063P;53103/2024;;Ordin-1063P-25.03.2026-art-10.pdf
25.03.2026;1063P;34465/2024;;Ordin-1063P-25.03.2026-art-10.pdf
25.03.2026;1063P;9502/2024;;Ordin-1063P-25.03.2026-art-10.pdf
25.03.2026;1063P;53336/2024;;Ordin-1063P-25.03.2026-art-10.pdf
25.03.2026;1063P;14276/2024;;Ordin-1063P-25.03.2026-art-10.pdf
25.03.2026;1063P;11780/2024;;Ordin-1063P-25.03.2026-art-10.pdf
25.03.2026;1063P;37274/2024;;Ordin-1063P-25.03.2026-art-10.pdf
25.03.2026;1063P;37205/2024;;Ordin-1063P-25.03.2026-art-10.pdf
25.03.2026;1063P;34433/2024;;Ordin-1063P-25.03.2026-art-10.pdf
25.03.2026;1063P;34549/2024;;Ordin-1063P-25.03.2026-art-10.pdf
25.03.2026;1063P;14278/2024;;Ordin-1063P-25.03.2026-art-10.pdf
25.03.2026;1063P;37238/2024;;Ordin-1063P-25.03.2026-art-10.pdf
25.03.2026;1063P;53593/2024;;Ordin-1063P-25.03.2026-art-10.pdf
25.03.2026;1063P;39587/2024;;Ordin-1063P-25.03.2026-art-10.pdf
25.03.2026;1063P;11792/2024;;Ordin-1063P-25.03.2026-art-10.pdf
25.03.2026;1063P;34340/2024;;Ordin-1063P-25.03.2026-art-10.pdf
25.03.2026;1063P;37308/2024;;Ordin-1063P-25.03.2026-art-10.pdf
25.03.2026;1063P;34491/2024;;Ordin-1063P-25.03.2026-art-10.pdf
25.03.2026;1063P;53018/2024;;Ordin-1063P-25.03.2026-art-10.pdf
25.03.2026;1063P;59802/2024;;Ordin-1063P-25.03.2026-art-10.pdf
25.03.2026;1063P;54578/2024;;Ordin-1063P-25.03.2026-art-10.pdf
25.03.2026;1063P;60136/2024;;Ordin-1063P-25.03.2026-art-10.pdf
25.03.2026;1063P;37244/2024;;Ordin-1063P-25.03.2026-art-10.pdf
25.03.2026;1063P;12208/2024;;Ordin-1063P-25.03.2026-art-10.pdf
25.03.2026;1063P;22240/2024;Copii minori: 1;Ordin-1063P-25.03.2026-art-10.pdf
25.03.2026;1063P;22240/2024;;Ordin-1063P-25.03.2026-art-10.pdf
25.03.2026;1063P;14246/2024;;Ordin-1063P-25.03.2026-art-10.pdf
25.03.2026;1063P;14241/2024;;Ordin-1063P-25.03.2026-art-10.pdf
25.03.2026;1063P;53038/2024;;Ordin-1063P-25.03.2026-art-10.pdf
25.03.2026;1063P;18150/2024;;Ordin-1063P-25.03.2026-art-10.pdf
25.03.2026;1063P;9470/2024;;Ordin-1063P-25.03.2026-art-10.pdf
25.03.2026;1063P;59585/2024;;Ordin-1063P-25.03.2026-art-10.pdf
25.03.2026;1063P;34415/2024;;Ordin-1063P-25.03.2026-art-10.pdf
25.03.2026;1063P;58208/2024;;Ordin-1063P-25.03.2026-art-10.pdf
25.03.2026;1063P;12729/2024;;Ordin-1063P-25.03.2026-art-10.pdf
25.03.2026;1063P;9707/2024;;Ordin-1063P-25.03.2026-art-10.pdf
25.03.2026;1063P;9705/2024;;Ordin-1063P-25.03.2026-art-10.pdf
25.03.2026;1063P;37321/2024;;Ordin-1063P-25.03.2026-art-10.pdf
25.03.2026;1063P;9487/2024;;Ordin-1063P-25.03.2026-art-10.pdf
25.03.2026;1063P;11784/2024;;Ordin-1063P-25.03.2026-art-10.pdf
25.03.2026;1063P;11426/2024;;Ordin-1063P-25.03.2026-art-10.pdf
25.03.2026;1063P;32350/2024;;Ordin-1063P-25.03.2026-art-10.pdf
25.03.2026;1063P;34461/2024;;Ordin-1063P-25.03.2026-art-10.pdf
25.03.2026;1063P;39916/2024;;Ordin-1063P-25.03.2026-art-10.pdf
25.03.2026;1063P;11820/2024;;Ordin-1063P-25.03.2026-art-10.pdf
25.03.2026;1063P;60131/2024;;Ordin-1063P-25.03.2026-art-10.pdf
25.03.2026;1063P;57850/2024;Copii minori: 1;Ordin-1063P-25.03.2026-art-10.pdf
25.03.2026;1063P;55367/2024;;Ordin-1063P-25.03.2026-art-10.pdf
25.03.2026;1063P;54583/2024;;Ordin-1063P-25.03.2026-art-10.pdf
25.03.2026;1063P;9731/2024;;Ordin-1063P-25.03.2026-art-10.pdf
25.03.2026;1063P;11786/2024;;Ordin-1063P-25.03.2026-art-10.pdf
25.03.2026;1063P;34375/2024;;Ordin-1063P-25.03.2026-art-10.pdf
25.03.2026;1063P;53604/2024;;Ordin-1063P-25.03.2026-art-10.pdf
25.03.2026;1063P;35433/2024;;Ordin-1063P-25.03.2026-art-10.pdf
25.03.2026;1063P;34441/2024;;Ordin-1063P-25.03.2026-art-10.pdf
25.03.2026;1063P;53235/2024;;Ordin-1063P-25.03.2026-art-10.pdf
25.03.2026;1063P;34413/2024;;Ordin-1063P-25.03.2026-art-10.pdf
25.03.2026;1063P;58186/2024;;Ordin-1063P-25.03.2026-art-10.pdf
25.03.2026;1063P;11802/2024;;Ordin-1063P-25.03.2026-art-10.pdf
25.03.2026;1063P;37204/2024;;Ordin-1063P-25.03.2026-art-10.pdf
25.03.2026;1063P;34364/2024;;Ordin-1063P-25.03.2026-art-10.pdf
25.03.2026;1063P;37328/2024;;Ordin-1063P-25.03.2026-art-10.pdf
25.03.2026;1063P;34367/2024;;Ordin-1063P-25.03.2026-art-10.pdf
25.03.2026;1063P;53646/2024;;Ordin-1063P-25.03.2026-art-10.pdf
25.03.2026;1063P;11114/2024;;Ordin-1063P-25.03.2026-art-10.pdf
25.03.2026;1063P;34502/2024;;Ordin-1063P-25.03.2026-art-10.pdf
25.03.2026;1063P;57862/2024;;Ordin-1063P-25.03.2026-art-10.pdf
25.03.2026;1063P;53486/2024;;Ordin-1063P-25.03.2026-art-10.pdf
25.03.2026;1063P;14274/2024;;Ordin-1063P-25.03.2026-art-10.pdf
25.03.2026;1063P;32260/2024;;Ordin-1063P-25.03.2026-art-10.pdf
25.03.2026;1063P;53014/2024;;Ordin-1063P-25.03.2026-art-10.pdf
25.03.2026;1063P;54149/2024;;Ordin-1063P-25.03.2026-art-10.pdf
25.03.2026;1063P;57600/2024;;Ordin-1063P-25.03.2026-art-10.pdf
25.03.2026;1063P;60182/2024;;Ordin-1063P-25.03.2026-art-10.pdf
25.03.2026;1063P;34485/2024;;Ordin-1063P-25.03.2026-art-10.pdf
25.03.2026;1063P;37230/2024;;Ordin-1063P-25.03.2026-art-10.pdf
25.03.2026;1063P;57571/2024;;Ordin-1063P-25.03.2026-art-10.pdf
25.03.2026;1063P;57571/2024;Copii minori: 1;Ordin-1063P-25.03.2026-art-10.pdf
25.03.2026;1063P;34463/2024;;Ordin-1063P-25.03.2026-art-10.pdf
25.03.2026;1063P;37202/2024;;Ordin-1063P-25.03.2026-art-10.pdf
25.03.2026;1063P;37325/2024;;Ordin-1063P-25.03.2026-art-10.pdf
25.03.2026;1063P;34402/2024;;Ordin-1063P-25.03.2026-art-10.pdf
25.03.2026;1063P;11787/2024;;Ordin-1063P-25.03.2026-art-10.pdf
25.03.2026;1063P;11787/2024;;Ordin-1063P-25.03.2026-art-10.pdf
25.03.2026;1063P;9493/2024;;Ordin-1063P-25.03.2026-art-10.pdf
25.03.2026;1063P;41793/2024;;Ordin-1063P-25.03.2026-art-10.pdf
25.03.2026;1063P;41797/2024;;Ordin-1063P-25.03.2026-art-10.pdf
25.03.2026;1063P;34323/2024;;Ordin-1063P-25.03.2026-art-10.pdf
25.03.2026;1063P;34368/2024;;Ordin-1063P-25.03.2026-art-10.pdf
25.03.2026;1063P;14232/2024;;Ordin-1063P-25.03.2026-art-10.pdf
25.03.2026;1063P;14232/2024;;Ordin-1063P-25.03.2026-art-10.pdf
25.03.2026;1063P;33890/2024;;Ordin-1063P-25.03.2026-art-10.pdf
25.03.2026;1063P;57603/2024;;Ordin-1063P-25.03.2026-art-10.pdf
25.03.2026;1063P;34326/2024;;Ordin-1063P-25.03.2026-art-10.pdf
25.03.2026;1063P;14229/2024;;Ordin-1063P-25.03.2026-art-10.pdf
25.03.2026;1063P;40176/2024;;Ordin-1063P-25.03.2026-art-10.pdf
25.03.2026;1063P;55409/2024;;Ordin-1063P-25.03.2026-art-10.pdf
25.03.2026;1063P;58886/2024;;Ordin-1063P-25.03.2026-art-10.pdf
25.03.2026;1063P;59622/2024;;Ordin-1063P-25.03.2026-art-10.pdf
25.03.2026;1063P;53206/2024;;Ordin-1063P-25.03.2026-art-10.pdf
25.03.2026;1063P;34422/2024;;Ordin-1063P-25.03.2026-art-10.pdf
25.03.2026;1063P;34384/2024;;Ordin-1063P-25.03.2026-art-10.pdf
25.03.2026;1063P;53205/2024;;Ordin-1063P-25.03.2026-art-10.pdf
25.03.2026;1063P;9496/2024;;Ordin-1063P-25.03.2026-art-10.pdf
25.03.2026;1063P;56309/2024;;Ordin-1063P-25.03.2026-art-10.pdf
25.03.2026;1063P;9458/2024;;Ordin-1063P-25.03.2026-art-10.pdf
25.03.2026;1063P;11799/2024;;Ordin-1063P-25.03.2026-art-10.pdf
25.03.2026;1063P;37277/2024;;Ordin-1063P-25.03.2026-art-10.pdf
25.03.2026;1063P;9474/2024;;Ordin-1063P-25.03.2026-art-10.pdf
25.03.2026;1063P;57334/2024;;Ordin-1063P-25.03.2026-art-10.pdf
25.03.2026;1063P;47979/2024;;Ordin-1063P-25.03.2026-art-10.pdf
25.03.2026;1063P;57837/2024;;Ordin-1063P-25.03.2026-art-10.pdf
25.03.2026;1063P;37320/2024;;Ordin-1063P-25.03.2026-art-10.pdf
25.03.2026;1063P;58635/2024;;Ordin-1063P-25.03.2026-art-10.pdf
25.03.2026;1063P;13105/2024;;Ordin-1063P-25.03.2026-art-10.pdf
25.03.2026;1063P;53229/2024;;Ordin-1063P-25.03.2026-art-10.pdf
25.03.2026;1063P;34319/2024;;Ordin-1063P-25.03.2026-art-10.pdf
25.03.2026;1063P;11821/2024;;Ordin-1063P-25.03.2026-art-10.pdf
25.03.2026;1063P;11830/2024;;Ordin-1063P-25.03.2026-art-10.pdf
25.03.2026;1063P;13904/2024;;Ordin-1063P-25.03.2026-art-10.pdf
25.03.2026;1063P;9505/2024;;Ordin-1063P-25.03.2026-art-10.pdf
25.03.2026;1063P;34412/2024;;Ordin-1063P-25.03.2026-art-10.pdf
25.03.2026;1063P;40365/2024;;Ordin-1063P-25.03.2026-art-10.pdf
25.03.2026;1063P;58622/2024;;Ordin-1063P-25.03.2026-art-10.pdf
25.03.2026;1063P;53480/2024;;Ordin-1063P-25.03.2026-art-10.pdf
25.03.2026;1063P;34376/2024;;Ordin-1063P-25.03.2026-art-10.pdf
25.03.2026;1063P;24919/2024;;Ordin-1063P-25.03.2026-art-10.pdf
25.03.2026;1063P;11770/2024;;Ordin-1063P-25.03.2026-art-10.pdf
25.03.2026;1063P;11795/2024;;Ordin-1063P-25.03.2026-art-10.pdf
25.03.2026;1063P;54028/2024;;Ordin-1063P-25.03.2026-art-10.pdf
25.03.2026;1063P;34345/2024;;Ordin-1063P-25.03.2026-art-10.pdf
25.03.2026;1063P;34766/2024;;Ordin-1063P-25.03.2026-art-10.pdf
25.03.2026;1063P;39574/2024;;Ordin-1063P-25.03.2026-art-10.pdf
25.03.2026;1063P;38576/2024;;Ordin-1063P-25.03.2026-art-10.pdf
25.03.2026;1060P;51043/2024;;Ordin-nr.-1060-P-din-25.03.2026-art.10ii.pdf
25.03.2026;1060P;42234/2024;;Ordin-nr.-1060-P-din-25.03.2026-art.10ii.pdf
25.03.2026;1060P;52140/2024;;Ordin-nr.-1060-P-din-25.03.2026-art.10ii.pdf
25.03.2026;1060P;51303/2024;;Ordin-nr.-1060-P-din-25.03.2026-art.10ii.pdf
25.03.2026;1060P;52920/2024;;Ordin-nr.-1060-P-din-25.03.2026-art.10ii.pdf
25.03.2026;1060P;8582/2022;;Ordin-nr.-1060-P-din-25.03.2026-art.10ii.pdf
25.03.2026;1060P;8582/2022;;Ordin-nr.-1060-P-din-25.03.2026-art.10ii.pdf
25.03.2026;1060P;8582/2022;;Ordin-nr.-1060-P-din-25.03.2026-art.10ii.pdf
25.03.2026;1060P;8585/2022;;Ordin-nr.-1060-P-din-25.03.2026-art.10ii.pdf
25.03.2026;1060P;41245/2024;;Ordin-nr.-1060-P-din-25.03.2026-art.10ii.pdf
25.03.2026;1060P;26372/2024;;Ordin-nr.-1060-P-din-25.03.2026-art.10ii.pdf
25.03.2026;1060P;28769/2024;;Ordin-nr.-1060-P-din-25.03.2026-art.10ii.pdf
25.03.2026;1060P;51617/2024;;Ordin-nr.-1060-P-din-25.03.2026-art.10ii.pdf
25.03.2026;1060P;51410/2024;Copii minori: 1;Ordin-nr.-1060-P-din-25.03.2026-art.10ii.pdf
25.03.2026;1060P;51124/2024;;Ordin-nr.-1060-P-din-25.03.2026-art.10ii.pdf
25.03.2026;1060P;51621/2024;;Ordin-nr.-1060-P-din-25.03.2026-art.10ii.pdf
25.03.2026;1060P;28739/2024;;Ordin-nr.-1060-P-din-25.03.2026-art.10ii.pdf
25.03.2026;1060P;51045/2024;;Ordin-nr.-1060-P-din-25.03.2026-art.10ii.pdf
25.03.2026;1060P;51079/2024;;Ordin-nr.-1060-P-din-25.03.2026-art.10ii.pdf
25.03.2026;1060P;11547/2022;;Ordin-nr.-1060-P-din-25.03.2026-art.10ii.pdf
25.03.2026;1060P;51620/2024;;Ordin-nr.-1060-P-din-25.03.2026-art.10ii.pdf
25.03.2026;1060P;3091/2023;;Ordin-nr.-1060-P-din-25.03.2026-art.10ii.pdf
25.03.2026;1060P;51136/2024;;Ordin-nr.-1060-P-din-25.03.2026-art.10ii.pdf
25.03.2026;1060P;51301/2024;;Ordin-nr.-1060-P-din-25.03.2026-art.10ii.pdf
25.03.2026;1060P;51301/2024;;Ordin-nr.-1060-P-din-25.03.2026-art.10ii.pdf
25.03.2026;1060P;28702/2024;;Ordin-nr.-1060-P-din-25.03.2026-art.10ii.pdf
25.03.2026;1060P;51142/2024;;Ordin-nr.-1060-P-din-25.03.2026-art.10ii.pdf
25.03.2026;1060P;26437/2024;;Ordin-nr.-1060-P-din-25.03.2026-art.10ii.pdf
25.03.2026;1060P;10963/2023;;Ordin-nr.-1060-P-din-25.03.2026-art.10ii.pdf
25.03.2026;1060P;10963/2023;Copii minori: 2;Ordin-nr.-1060-P-din-25.03.2026-art.10ii.pdf
25.03.2026;1060P;28765/2024;;Ordin-nr.-1060-P-din-25.03.2026-art.10ii.pdf
25.03.2026;1060P;26425/2024;;Ordin-nr.-1060-P-din-25.03.2026-art.10ii.pdf
25.03.2026;1060P;26543/2024;;Ordin-nr.-1060-P-din-25.03.2026-art.10ii.pdf
25.03.2026;1060P;51265/2024;;Ordin-nr.-1060-P-din-25.03.2026-art.10ii.pdf
25.03.2026;1060P;51614/2024;;Ordin-nr.-1060-P-din-25.03.2026-art.10ii.pdf
25.03.2026;1060P;28752/2024;;Ordin-nr.-1060-P-din-25.03.2026-art.10ii.pdf
25.03.2026;1060P;27737/2024;;Ordin-nr.-1060-P-din-25.03.2026-art.10ii.pdf
25.03.2026;1060P;51562/2024;;Ordin-nr.-1060-P-din-25.03.2026-art.10ii.pdf
25.03.2026;1060P;52960/2024;;Ordin-nr.-1060-P-din-25.03.2026-art.10ii.pdf
25.03.2026;1060P;28722/2024;;Ordin-nr.-1060-P-din-25.03.2026-art.10ii.pdf
25.03.2026;1060P;28726/2024;;Ordin-nr.-1060-P-din-25.03.2026-art.10ii.pdf
25.03.2026;1060P;26532/2024;;Ordin-nr.-1060-P-din-25.03.2026-art.10ii.pdf
25.03.2026;1060P;28787/2024;;Ordin-nr.-1060-P-din-25.03.2026-art.10ii.pdf
25.03.2026;1060P;51413/2024;;Ordin-nr.-1060-P-din-25.03.2026-art.10ii.pdf
25.03.2026;1060P;26510/2024;;Ordin-nr.-1060-P-din-25.03.2026-art.10ii.pdf
25.03.2026;1060P;27943/2024;;Ordin-nr.-1060-P-din-25.03.2026-art.10ii.pdf
25.03.2026;1060P;51310/2024;;Ordin-nr.-1060-P-din-25.03.2026-art.10ii.pdf
25.03.2026;1060P;28766/2024;;Ordin-nr.-1060-P-din-25.03.2026-art.10ii.pdf
25.03.2026;1060P;25052/2024;;Ordin-nr.-1060-P-din-25.03.2026-art.10ii.pdf
25.03.2026;1060P;26489/2024;;Ordin-nr.-1060-P-din-25.03.2026-art.10ii.pdf
26.01.2026;281P;10972/2023;Copii minori: 5;ORDIN-281-26.01.2026-art-10.pdf
26.01.2026;281P;6894/2023;Copii minori: 2;ORDIN-281-26.01.2026-art-10.pdf
26.01.2026;281P;6726/2023;;ORDIN-281-26.01.2026-art-10.pdf
26.01.2026;281P;12636/2022;;ORDIN-281-26.01.2026-art-10.pdf
26.01.2026;281P;6905/2023;Copii minori: 2;ORDIN-281-26.01.2026-art-10.pdf
26.01.2026;281P;23695/2023;;ORDIN-281-26.01.2026-art-10.pdf
26.01.2026;281P;1564/2023;;ORDIN-281-26.01.2026-art-10.pdf
26.01.2026;281P;9887/2022;;ORDIN-281-26.01.2026-art-10.pdf
26.01.2026;281P;7122/2023;Copii minori: 2;ORDIN-281-26.01.2026-art-10.pdf
26.01.2026;281P;6886/2023;;ORDIN-281-26.01.2026-art-10.pdf
26.01.2026;281P;6900/2023;;ORDIN-281-26.01.2026-art-10.pdf
26.01.2026;281P;10456/2023;Copii minori: 1;ORDIN-281-26.01.2026-art-10.pdf
26.01.2026;281P;10456/2023;;ORDIN-281-26.01.2026-art-10.pdf
26.01.2026;281P;36075/2021;;ORDIN-281-26.01.2026-art-10.pdf
26.01.2026;281P;2013/2022;;ORDIN-281-26.01.2026-art-10.pdf
26.01.2026;281P;6902/2023;;ORDIN-281-26.01.2026-art-10.pdf
26.01.2026;281P;6902/2023;;ORDIN-281-26.01.2026-art-10.pdf
26.01.2026;281P;4289/2023;;ORDIN-281-26.01.2026-art-10.pdf
26.01.2026;281P;4738/2023;Copii minori: 1;ORDIN-281-26.01.2026-art-10.pdf
26.01.2026;281P;4289/2023;;ORDIN-281-26.01.2026-art-10.pdf
26.01.2026;281P;36072/2021;;ORDIN-281-26.01.2026-art-10.pdf
26.01.2026;281P;36814/2021;Copii minori: 1;ORDIN-281-26.01.2026-art-10.pdf
26.01.2026;281P;6324/2023;;ORDIN-281-26.01.2026-art-10.pdf
26.01.2026;281P;6324/2023;;ORDIN-281-26.01.2026-art-10.pdf
26.01.2026;281P;12939/2023;;ORDIN-281-26.01.2026-art-10.pdf
26.01.2026;281P;37610/2022;;ORDIN-281-26.01.2026-art-10.pdf
26.01.2026;281P;36063/2021;;ORDIN-281-26.01.2026-art-10.pdf
26.01.2026;281P;6967/2023;;ORDIN-281-26.01.2026-art-10.pdf
26.01.2026;281P;6967/2023;;ORDIN-281-26.01.2026-art-10.pdf
26.01.2026;281P;6729/2023;;ORDIN-281-26.01.2026-art-10.pdf
15.01.2026;123P;8279/2022;;ordin-123P-15.01.2026-art-10.pdf
15.01.2026;123P;8284/2022;;ordin-123P-15.01.2026-art-10.pdf
15.01.2026;123P;8282/2022;;ordin-123P-15.01.2026-art-10.pdf
15.01.2026;123P;40127/2021;;ordin-123P-15.01.2026-art-10.pdf
15.01.2026;123P;10470/2023;Copii minori: 1;ordin-123P-15.01.2026-art-10.pdf
15.01.2026;123P;10470/2023;;ordin-123P-15.01.2026-art-10.pdf
15.01.2026;123P;10390/2023;;ordin-123P-15.01.2026-art-10.pdf
15.01.2026;123P;8109/2023;;ordin-123P-15.01.2026-art-10.pdf
15.01.2026;123P;34616/2023;;ordin-123P-15.01.2026-art-10.pdf
15.01.2026;123P;8109/2023;;ordin-123P-15.01.2026-art-10.pdf
15.01.2026;123P;9963/2023;;ordin-123P-15.01.2026-art-10.pdf
15.01.2026;123P;10402/2023;Copii minori: 2;ordin-123P-15.01.2026-art-10.pdf
15.01.2026;123P;10395/2023;Copii minori: 2;ordin-123P-15.01.2026-art-10.pdf
15.01.2026;123P;32451/2023;;ordin-123P-15.01.2026-art-10.pdf
15.01.2026;123P;11564/2022;;ordin-123P-15.01.2026-art-10.pdf
15.01.2026;123P;32460/2023;;ordin-123P-15.01.2026-art-10.pdf
15.01.2026;123P;28129/2022;Copii minori: 1;ordin-123P-15.01.2026-art-10.pdf
15.01.2026;123P;8114/2023;Copii minori: 1;ordin-123P-15.01.2026-art-10.pdf
15.01.2026;123P;8114/2023;;ordin-123P-15.01.2026-art-10.pdf
15.01.2026;123P;34999/2022;;ordin-123P-15.01.2026-art-10.pdf
15.01.2026;123P;32877/2023;;ordin-123P-15.01.2026-art-10.pdf
15.01.2026;123P;18214/2022;;ordin-123P-15.01.2026-art-10.pdf
15.01.2026;123P;9999/2023;;ordin-123P-15.01.2026-art-10.pdf
15.01.2026;123P;9987/2023;;ordin-123P-15.01.2026-art-10.pdf
15.01.2026;123P;32488/2023;;ordin-123P-15.01.2026-art-10.pdf
15.01.2026;123P;32442/2023;;ordin-123P-15.01.2026-art-10.pdf
15.01.2026;123P;32464/2023;;ordin-123P-15.01.2026-art-10.pdf
15.01.2026;123P;27942/2022;;ordin-123P-15.01.2026-art-10.pdf
15.01.2026;123P;43601/2021;;ordin-123P-15.01.2026-art-10.pdf
15.01.2026;123P;43601/2021;;ordin-123P-15.01.2026-art-10.pdf
15.01.2026;123P;34239/2023;;ordin-123P-15.01.2026-art-10.pdf
15.01.2026;123P;34237/2023;;ordin-123P-15.01.2026-art-10.pdf
15.01.2026;123P;34243/2023;;ordin-123P-15.01.2026-art-10.pdf
15.01.2026;123P;34632/2023;;ordin-123P-15.01.2026-art-10.pdf
15.01.2026;123P;32432/2023;;ordin-123P-15.01.2026-art-10.pdf
15.01.2026;123P;22891/2023;;ordin-123P-15.01.2026-art-10.pdf
15.01.2026;123P;22898/2023;Copii minori: 1;ordin-123P-15.01.2026-art-10.pdf
15.01.2026;123P;26803/2022;;ordin-123P-15.01.2026-art-10.pdf
15.01.2026;123P;32439/2023;;ordin-123P-15.01.2026-art-10.pdf
15.01.2026;123P;32435/2023;;ordin-123P-15.01.2026-art-10.pdf
15.01.2026;123P;26803/2022;;ordin-123P-15.01.2026-art-10.pdf
15.01.2026;123P;26831/2022;;ordin-123P-15.01.2026-art-10.pdf
15.01.2026;123P;32450/2023;;ordin-123P-15.01.2026-art-10.pdf
15.01.2026;123P;6742/2023;Copii minori: 2;ordin-123P-15.01.2026-art-10.pdf
15.01.2026;123P;32423/2023;;ordin-123P-15.01.2026-art-10.pdf
15.01.2026;123P;32426/2023;;ordin-123P-15.01.2026-art-10.pdf
15.01.2026;123P;32473/2023;;ordin-123P-15.01.2026-art-10.pdf
15.01.2026;123P;9982/2023;;ordin-123P-15.01.2026-art-10.pdf
15.01.2026;123P;28201/2022;;ordin-123P-15.01.2026-art-10.pdf
15.01.2026;123P;32418/2023;;ordin-123P-15.01.2026-art-10.pdf
15.01.2026;123P;33549/2023;;ordin-123P-15.01.2026-art-10.pdf
18.12.2025;5308P;35014/2023;;Ordin-5308-din-18.12.2025-art-10.pdf
18.12.2025;5308P;34754/2023;Copii minori: 2;Ordin-5308-din-18.12.2025-art-10.pdf
18.12.2025;5308P;17686/2020;;Ordin-5308-din-18.12.2025-art-10.pdf
18.12.2025;5308P;4911/2023;;Ordin-5308-din-18.12.2025-art-10.pdf
18.12.2025;5308P;4911/2023;;Ordin-5308-din-18.12.2025-art-10.pdf
18.12.2025;5308P;34674/2023;;Ordin-5308-din-18.12.2025-art-10.pdf
18.12.2025;5308P;34693/2023;;Ordin-5308-din-18.12.2025-art-10.pdf
18.12.2025;5308P;34706/2023;;Ordin-5308-din-18.12.2025-art-10.pdf
18.12.2025;5308P;36562/2023;;Ordin-5308-din-18.12.2025-art-10.pdf
18.12.2025;5308P;17686/2020;;Ordin-5308-din-18.12.2025-art-10.pdf
18.12.2025;5308P;17686/2020;;Ordin-5308-din-18.12.2025-art-10.pdf
18.12.2025;5308P;34685/2023;;Ordin-5308-din-18.12.2025-art-10.pdf
18.12.2025;5308P;34713/2023;;Ordin-5308-din-18.12.2025-art-10.pdf
18.12.2025;5308P;36895/2023;;Ordin-5308-din-18.12.2025-art-10.pdf
18.12.2025;5308P;36894/2023;;Ordin-5308-din-18.12.2025-art-10.pdf
18.12.2025;5308P;36966/2023;;Ordin-5308-din-18.12.2025-art-10.pdf
18.12.2025;5308P;36885/2023;;Ordin-5308-din-18.12.2025-art-10.pdf
18.12.2025;5308P;34635/2023;;Ordin-5308-din-18.12.2025-art-10.pdf
18.12.2025;5308P;36944/2023;;Ordin-5308-din-18.12.2025-art-10.pdf
18.12.2025;5308P;37338/2023;;Ordin-5308-din-18.12.2025-art-10.pdf
18.12.2025;5308P;36929/2023;;Ordin-5308-din-18.12.2025-art-10.pdf
18.12.2025;5308P;9171/2023;Copii minori: 4;Ordin-5308-din-18.12.2025-art-10.pdf
18.12.2025;5308P;23343/2023;Copii minori: 3;Ordin-5308-din-18.12.2025-art-10.pdf
18.12.2025;5308P;36936/2023;;Ordin-5308-din-18.12.2025-art-10.pdf
18.12.2025;5308P;36888/2023;;Ordin-5308-din-18.12.2025-art-10.pdf
18.12.2025;5308P;36938/2023;;Ordin-5308-din-18.12.2025-art-10.pdf
18.12.2025;5308P;36865/2023;;Ordin-5308-din-18.12.2025-art-10.pdf
16.12.2025;5252P;49789/2023;;Ordin-5252P-16.12.2025-art-10.pdf
16.12.2025;5252P;47261/2023;;Ordin-5252P-16.12.2025-art-10.pdf
16.12.2025;5252P;49805/2023;;Ordin-5252P-16.12.2025-art-10.pdf
16.12.2025;5252P;49818/2023;;Ordin-5252P-16.12.2025-art-10.pdf
16.12.2025;5252P;49300/2023;;Ordin-5252P-16.12.2025-art-10.pdf
16.12.2025;5252P;47278/2023;;Ordin-5252P-16.12.2025-art-10.pdf
16.12.2025;5252P;49856/2023;;Ordin-5252P-16.12.2025-art-10.pdf
16.12.2025;5252P;47275/2023;Copii minori: 1;Ordin-5252P-16.12.2025-art-10.pdf
16.12.2025;5252P;49802/2023;;Ordin-5252P-16.12.2025-art-10.pdf
16.12.2025;5252P;11550/2022;Copii minori: 1;Ordin-5252P-16.12.2025-art-10.pdf
16.12.2025;5252P;11566/2022;;Ordin-5252P-16.12.2025-art-10.pdf
16.12.2025;5252P;49870/2023;;Ordin-5252P-16.12.2025-art-10.pdf
16.12.2025;5252P;11552/2022;;Ordin-5252P-16.12.2025-art-10.pdf
16.12.2025;5252P;49808/2023;;Ordin-5252P-16.12.2025-art-10.pdf
16.12.2025;5252P;11572/2022;Copii minori: 3;Ordin-5252P-16.12.2025-art-10.pdf
16.12.2025;5252P;49865/2023;;Ordin-5252P-16.12.2025-art-10.pdf
16.12.2025;5252P;49331/2023;;Ordin-5252P-16.12.2025-art-10.pdf
16.12.2025;5252P;49838/2023;;Ordin-5252P-16.12.2025-art-10.pdf
16.12.2025;5252P;49871/2023;;Ordin-5252P-16.12.2025-art-10.pdf
16.12.2025;5252P;49836/2023;;Ordin-5252P-16.12.2025-art-10.pdf
16.12.2025;5252P;11556/2022;Copii minori: 1;Ordin-5252P-16.12.2025-art-10.pdf
16.12.2025;5252P;49788/2023;;Ordin-5252P-16.12.2025-art-10.pdf
16.12.2025;5252P;49804/2023;;Ordin-5252P-16.12.2025-art-10.pdf
16.12.2025;5252P;11554/2022;;Ordin-5252P-16.12.2025-art-10.pdf
16.12.2025;5252P;49852/2023;;Ordin-5252P-16.12.2025-art-10.pdf
16.12.2025;5252P;48597/2023;;Ordin-5252P-16.12.2025-art-10.pdf
26.11.2025;4843P;3823/2023;;ORDIN-4843P-26.11.2025-art-10.pdf
26.11.2025;4843P;38630/2022;;ORDIN-4843P-26.11.2025-art-10.pdf
26.11.2025;4843P;39228/2023;;ORDIN-4843P-26.11.2025-art-10.pdf
26.11.2025;4843P;8030/2023;Copii minori: 1;ORDIN-4843P-26.11.2025-art-10.pdf
26.11.2025;4843P;43555/2021;;ORDIN-4843P-26.11.2025-art-10.pdf
26.11.2025;4843P;19029/2022;;ORDIN-4843P-26.11.2025-art-10.pdf
26.11.2025;4843P;19029/2022;;ORDIN-4843P-26.11.2025-art-10.pdf
26.11.2025;4843P;23104/2023;;ORDIN-4843P-26.11.2025-art-10.pdf
26.11.2025;4843P;39237/2023;;ORDIN-4843P-26.11.2025-art-10.pdf
26.11.2025;4843P;21049/2022;Copii minori: 1;ORDIN-4843P-26.11.2025-art-10.pdf
26.11.2025;4843P;39250/2023;;ORDIN-4843P-26.11.2025-art-10.pdf
26.11.2025;4843P;20858/2022;;ORDIN-4843P-26.11.2025-art-10.pdf
26.11.2025;4843P;20858/2022;;ORDIN-4843P-26.11.2025-art-10.pdf
26.11.2025;4843P;43372/2023;;ORDIN-4843P-26.11.2025-art-10.pdf
26.11.2025;4843P;39211/2023;;ORDIN-4843P-26.11.2025-art-10.pdf
26.11.2025;4843P;39800/2023;;ORDIN-4843P-26.11.2025-art-10.pdf
26.11.2025;4843P;38357/2023;;ORDIN-4843P-26.11.2025-art-10.pdf
26.11.2025;4843P;38619/2022;;ORDIN-4843P-26.11.2025-art-10.pdf
26.11.2025;4843P;41418/2023;;ORDIN-4843P-26.11.2025-art-10.pdf
26.11.2025;4843P;42193/2023;;ORDIN-4843P-26.11.2025-art-10.pdf
26.11.2025;4843P;39236/2023;;ORDIN-4843P-26.11.2025-art-10.pdf
26.11.2025;4843P;21056/2022;;ORDIN-4843P-26.11.2025-art-10.pdf
26.11.2025;4843P;21056/2022;;ORDIN-4843P-26.11.2025-art-10.pdf
26.11.2025;4843P;39251/2023;;ORDIN-4843P-26.11.2025-art-10.pdf
26.11.2025;4843P;41883/2023;;ORDIN-4843P-26.11.2025-art-10.pdf
26.11.2025;4843P;40981/2023;;ORDIN-4843P-26.11.2025-art-10.pdf
26.11.2025;4843P;40980/2023;;ORDIN-4843P-26.11.2025-art-10.pdf
26.11.2025;4843P;20651/2022;;ORDIN-4843P-26.11.2025-art-10.pdf
26.11.2025;4843P;20651/2022;;ORDIN-4843P-26.11.2025-art-10.pdf
26.11.2025;4843P;20651/2022;;ORDIN-4843P-26.11.2025-art-10.pdf
26.11.2025;4843P;40295/2023;;ORDIN-4843P-26.11.2025-art-10.pdf
26.11.2025;4843P;39230/2023;;ORDIN-4843P-26.11.2025-art-10.pdf
26.11.2025;4843P;39240/2023;;ORDIN-4843P-26.11.2025-art-10.pdf
26.11.2025;4843P;41396/2023;;ORDIN-4843P-26.11.2025-art-10.pdf
26.11.2025;4843P;43555/2021;;ORDIN-4843P-26.11.2025-art-10.pdf
26.11.2025;4843P;21056/2022;Copii minori: 2;ORDIN-4843P-26.11.2025-art-10.pdf
26.11.2025;4843P;44557/2023;;ORDIN-4843P-26.11.2025-art-10.pdf
26.11.2025;4843P;43598/2021;;ORDIN-4843P-26.11.2025-art-10.pdf
26.11.2025;4843P;43596/2021;;ORDIN-4843P-26.11.2025-art-10.pdf
26.11.2025;4843P;43596/2021;;ORDIN-4843P-26.11.2025-art-10.pdf
26.11.2025;4843P;43598/2021;Copii minori: 1;ORDIN-4843P-26.11.2025-art-10.pdf
26.11.2025;4843P;39177/2023;;ORDIN-4843P-26.11.2025-art-10.pdf
26.11.2025;4843P;42451/2023;;ORDIN-4843P-26.11.2025-art-10.pdf
26.11.2025;4842P;44949/2023;;ORDIN-4842P-26.11.2025-art-10.pdf
26.11.2025;4842P;30347/2023;;ORDIN-4842P-26.11.2025-art-10.pdf
26.11.2025;4842P;32368/2023;;ORDIN-4842P-26.11.2025-art-10.pdf
26.11.2025;4842P;44886/2023;;ORDIN-4842P-26.11.2025-art-10.pdf
26.11.2025;4842P;44900/2023;;ORDIN-4842P-26.11.2025-art-10.pdf
26.11.2025;4842P;32349/2023;;ORDIN-4842P-26.11.2025-art-10.pdf
26.11.2025;4842P;28698/2023;;ORDIN-4842P-26.11.2025-art-10.pdf
26.11.2025;4842P;44997/2023;;ORDIN-4842P-26.11.2025-art-10.pdf
26.11.2025;4842P;30463/2023;;ORDIN-4842P-26.11.2025-art-10.pdf
26.11.2025;4842P;47258/2023;;ORDIN-4842P-26.11.2025-art-10.pdf
26.11.2025;4842P;44998/2023;;ORDIN-4842P-26.11.2025-art-10.pdf
26.11.2025;4842P;31117/2023;;ORDIN-4842P-26.11.2025-art-10.pdf
26.11.2025;4842P;44970/2023;;ORDIN-4842P-26.11.2025-art-10.pdf
26.11.2025;4842P;30384/2023;;ORDIN-4842P-26.11.2025-art-10.pdf
26.11.2025;4842P;45831/2023;;ORDIN-4842P-26.11.2025-art-10.pdf
26.11.2025;4842P;45120/2023;;ORDIN-4842P-26.11.2025-art-10.pdf
26.11.2025;4842P;30496/2023;;ORDIN-4842P-26.11.2025-art-10.pdf
26.11.2025;4842P;30405/2023;;ORDIN-4842P-26.11.2025-art-10.pdf
26.11.2025;4842P;44893/2023;;ORDIN-4842P-26.11.2025-art-10.pdf
26.11.2025;4842P;44975/2023;;ORDIN-4842P-26.11.2025-art-10.pdf
26.11.2025;4842P;28680/2023;Copii minori: 2;ORDIN-4842P-26.11.2025-art-10.pdf
26.11.2025;4842P;32376/2023;;ORDIN-4842P-26.11.2025-art-10.pdf
26.11.2025;4842P;46887/2023;;ORDIN-4842P-26.11.2025-art-10.pdf
26.11.2025;4842P;46887/2023;Copii minori: 1;ORDIN-4842P-26.11.2025-art-10.pdf
26.11.2025;4842P;44933/2023;;ORDIN-4842P-26.11.2025-art-10.pdf
26.11.2025;4842P;28670/2023;Copii minori: 1;ORDIN-4842P-26.11.2025-art-10.pdf
26.11.2025;4842P;44564/2023;;ORDIN-4842P-26.11.2025-art-10.pdf
26.11.2025;4842P;23373/2023;;ORDIN-4842P-26.11.2025-art-10.pdf
26.11.2025;4842P;44874/2023;;ORDIN-4842P-26.11.2025-art-10.pdf
26.11.2025;4842P;12924/2023;;ORDIN-4842P-26.11.2025-art-10.pdf
26.11.2025;4842P;30373/2023;;ORDIN-4842P-26.11.2025-art-10.pdf
26.11.2025;4842P;32400/2023;;ORDIN-4842P-26.11.2025-art-10.pdf
26.11.2025;4842P;44929/2023;;ORDIN-4842P-26.11.2025-art-10.pdf
26.11.2025;4842P;28659/2023;;ORDIN-4842P-26.11.2025-art-10.pdf
26.11.2025;4842P;44984/2023;;ORDIN-4842P-26.11.2025-art-10.pdf
26.11.2025;4842P;4901/2023;;ORDIN-4842P-26.11.2025-art-10.pdf
26.11.2025;4842P;44943/2023;;ORDIN-4842P-26.11.2025-art-10.pdf
26.11.2025;4842P;44973/2023;;ORDIN-4842P-26.11.2025-art-10.pdf
26.11.2025;4842P;32414/2023;;ORDIN-4842P-26.11.2025-art-10.pdf
26.11.2025;4842P;44575/2023;Copii minori: 1;ORDIN-4842P-26.11.2025-art-10.pdf
26.11.2025;4842P;44575/2023;;ORDIN-4842P-26.11.2025-art-10.pdf
26.11.2025;4842P;32346/2023;;ORDIN-4842P-26.11.2025-art-10.pdf
26.11.2025;4842P;44911/2023;;ORDIN-4842P-26.11.2025-art-10.pdf
26.11.2025;4842P;13035/2023;;ORDIN-4842P-26.11.2025-art-10.pdf
24.11.2025;4747P;13755/2022;;Ordin-4747P-24.11.2025-art.10.pdf
24.11.2025;4747P;1865/2022;;Ordin-4747P-24.11.2025-art.10.pdf
24.11.2025;4747P;13751/2022;;Ordin-4747P-24.11.2025-art.10.pdf
24.11.2025;4747P;35305/2022;;Ordin-4747P-24.11.2025-art.10.pdf
24.11.2025;4747P;35303/2022;;Ordin-4747P-24.11.2025-art.10.pdf
24.11.2025;4747P;13744/2022;;Ordin-4747P-24.11.2025-art.10.pdf
24.11.2025;4747P;35776/2022;Copii minori: 1;Ordin-4747P-24.11.2025-art.10.pdf
24.11.2025;4747P;35776/2022;;Ordin-4747P-24.11.2025-art.10.pdf
24.11.2025;4747P;8287/2023;;Ordin-4747P-24.11.2025-art.10.pdf
24.11.2025;4747P;8287/2023;;Ordin-4747P-24.11.2025-art.10.pdf
24.11.2025;4747P;8296/2023;;Ordin-4747P-24.11.2025-art.10.pdf
24.11.2025;4747P;34878/2022;Copii minori: 1;Ordin-4747P-24.11.2025-art.10.pdf
24.11.2025;4747P;34878/2022;;Ordin-4747P-24.11.2025-art.10.pdf
24.11.2025;4747P;36040/2022;;Ordin-4747P-24.11.2025-art.10.pdf
24.11.2025;4747P;4864/2023;;Ordin-4747P-24.11.2025-art.10.pdf
24.11.2025;4747P;13743/2022;Copii minori: 2;Ordin-4747P-24.11.2025-art.10.pdf
24.11.2025;4747P;36088/2022;;Ordin-4747P-24.11.2025-art.10.pdf
24.11.2025;4747P;13762/2022;;Ordin-4747P-24.11.2025-art.10.pdf
24.11.2025;4747P;13767/2022;;Ordin-4747P-24.11.2025-art.10.pdf
24.11.2025;4747P;13758/2022;;Ordin-4747P-24.11.2025-art.10.pdf
24.11.2025;4747P;13764/2022;;Ordin-4747P-24.11.2025-art.10.pdf
24.11.2025;4747P;13754/2022;;Ordin-4747P-24.11.2025-art.10.pdf
24.11.2025;4747P;34338/2022;;Ordin-4747P-24.11.2025-art.10.pdf
24.11.2025;4747P;36225/2022;;Ordin-4747P-24.11.2025-art.10.pdf
24.11.2025;4747P;36220/2022;;Ordin-4747P-24.11.2025-art.10.pdf
24.11.2025;4747P;35787/2022;;Ordin-4747P-24.11.2025-art.10.pdf
24.11.2025;4747P;13768/2022;Copii minori: 2;Ordin-4747P-24.11.2025-art.10.pdf
24.11.2025;4747P;36482/2022;;Ordin-4747P-24.11.2025-art.10.pdf
24.11.2025;4747P;36202/2022;;Ordin-4747P-24.11.2025-art.10.pdf
24.11.2025;4747P;13752/2022;;Ordin-4747P-24.11.2025-art.10.pdf
24.11.2025;4747P;13771/2022;Copii minori: 3;Ordin-4747P-24.11.2025-art.10.pdf
24.11.2025;4747P;13771/2022;;Ordin-4747P-24.11.2025-art.10.pdf
24.11.2025;4747P;35278/2022;;Ordin-4747P-24.11.2025-art.10.pdf
24.11.2025;4747P;13769/2022;;Ordin-4747P-24.11.2025-art.10.pdf
24.11.2025;4747P;13747/2022;Copii minori: 2;Ordin-4747P-24.11.2025-art.10.pdf
24.11.2025;4747P;13756/2022;;Ordin-4747P-24.11.2025-art.10.pdf
24.11.2025;4747P;13765/2022;;Ordin-4747P-24.11.2025-art.10.pdf
24.11.2025;4747P;36028/2022;Copii minori: 3;Ordin-4747P-24.11.2025-art.10.pdf
24.11.2025;4747P;36227/2022;;Ordin-4747P-24.11.2025-art.10.pdf
24.11.2025;4747P;36481/2022;;Ordin-4747P-24.11.2025-art.10.pdf
24.11.2025;4747P;13746/2022;;Ordin-4747P-24.11.2025-art.10.pdf
24.11.2025;4747P;3372/2023;;Ordin-4747P-24.11.2025-art.10.pdf
24.11.2025;4747P;3372/2023;;Ordin-4747P-24.11.2025-art.10.pdf
24.11.2025;4747P;13745/2022;;Ordin-4747P-24.11.2025-art.10.pdf
24.11.2025;4747P;36499/2022;;Ordin-4747P-24.11.2025-art.10.pdf
24.11.2025;4747P;36120/2022;;Ordin-4747P-24.11.2025-art.10.pdf
24.11.2025;4747P;36131/2022;;Ordin-4747P-24.11.2025-art.10.pdf
24.11.2025;4747P;35476/2022;Copii minori: 1;Ordin-4747P-24.11.2025-art.10.pdf
24.11.2025;4747P;35298/2022;;Ordin-4747P-24.11.2025-art.10.pdf
24.11.2025;4747P;36495/2022;;Ordin-4747P-24.11.2025-art.10.pdf
24.11.2025;4747P;13742/2022;;Ordin-4747P-24.11.2025-art.10.pdf
24.11.2025;4747P;13750/2022;;Ordin-4747P-24.11.2025-art.10.pdf
24.11.2025;4747P;13750/2022;;Ordin-4747P-24.11.2025-art.10.pdf
24.11.2025;4747P;13749/2022;;Ordin-4747P-24.11.2025-art.10.pdf
24.11.2025;4747P;36487/2022;;Ordin-4747P-24.11.2025-art.10.pdf
24.11.2025;4747P;36489/2022;Copii minori: 2;Ordin-4747P-24.11.2025-art.10.pdf
24.11.2025;4747P;36201/2022;Copii minori: 1;Ordin-4747P-24.11.2025-art.10.pdf
24.11.2025;4747P;3060/2023;;Ordin-4747P-24.11.2025-art.10.pdf
24.11.2025;4747P;649/2023;;Ordin-4747P-24.11.2025-art.10.pdf
24.11.2025;4747P;1546/2020;;Ordin-4747P-24.11.2025-art.10.pdf
24.11.2025;4747P;13770/2022;Copii minori: 1;Ordin-4747P-24.11.2025-art.10.pdf
24.11.2025;4747P;36492/2022;;Ordin-4747P-24.11.2025-art.10.pdf
24.11.2025;4747P;36493/2022;;Ordin-4747P-24.11.2025-art.10.pdf
24.11.2025;4747P;13766/2022;;Ordin-4747P-24.11.2025-art.10.pdf
24.11.2025;4747P;35307/2022;;Ordin-4747P-24.11.2025-art.10.pdf
24.11.2025;4747P;35313/2022;;Ordin-4747P-24.11.2025-art.10.pdf
04.11.2025;4155P;4866/2023;;ORDIN-4155-P-din-data-de-04.11.2025-ART.-10i.pdf
04.11.2025;4155P;5054/2023;;ORDIN-4155-P-din-data-de-04.11.2025-ART.-10i.pdf
04.11.2025;4155P;5067/2023;;ORDIN-4155-P-din-data-de-04.11.2025-ART.-10i.pdf
04.11.2025;4155P;5140/2023;;ORDIN-4155-P-din-data-de-04.11.2025-ART.-10i.pdf
04.11.2025;4155P;5143/2023;Copii minori: 1;ORDIN-4155-P-din-data-de-04.11.2025-ART.-10i.pdf
04.11.2025;4155P;11046/2022;;ORDIN-4155-P-din-data-de-04.11.2025-ART.-10i.pdf
04.11.2025;4155P;11045/2022;;ORDIN-4155-P-din-data-de-04.11.2025-ART.-10i.pdf
04.11.2025;4155P;21764/2020;;ORDIN-4155-P-din-data-de-04.11.2025-ART.-10i.pdf
04.11.2025;4155P;35740/2021;;ORDIN-4155-P-din-data-de-04.11.2025-ART.-10i.pdf
04.11.2025;4155P;21714/2020;;ORDIN-4155-P-din-data-de-04.11.2025-ART.-10i.pdf
04.11.2025;4155P;37893/2022;;ORDIN-4155-P-din-data-de-04.11.2025-ART.-10i.pdf
04.11.2025;4155P;37887/2022;;ORDIN-4155-P-din-data-de-04.11.2025-ART.-10i.pdf
04.11.2025;4155P;37890/2022;;ORDIN-4155-P-din-data-de-04.11.2025-ART.-10i.pdf
04.11.2025;4155P;24436/2023;;ORDIN-4155-P-din-data-de-04.11.2025-ART.-10i.pdf
04.11.2025;4155P;3000/2023;Copii minori: 2;ORDIN-4155-P-din-data-de-04.11.2025-ART.-10i.pdf
04.11.2025;4155P;3005/2023;;ORDIN-4155-P-din-data-de-04.11.2025-ART.-10i.pdf
04.11.2025;4155P;2987/2023;;ORDIN-4155-P-din-data-de-04.11.2025-ART.-10i.pdf
04.11.2025;4155P;4866/2023;Copii minori: 1;ORDIN-4155-P-din-data-de-04.11.2025-ART.-10i.pdf
04.11.2025;4155P;10780/2022;;ORDIN-4155-P-din-data-de-04.11.2025-ART.-10i.pdf
04.11.2025;4155P;5634/2023;;ORDIN-4155-P-din-data-de-04.11.2025-ART.-10i.pdf
04.11.2025;4155P;23428/2022;Copii minori: 1;ORDIN-4155-P-din-data-de-04.11.2025-ART.-10i.pdf
04.11.2025;4155P;5071/2023;;ORDIN-4155-P-din-data-de-04.11.2025-ART.-10i.pdf
04.11.2025;4155P;14543/2022;;ORDIN-4155-P-din-data-de-04.11.2025-ART.-10i.pdf
22.10.2025;3827P;34270/2022;;Ordin-nr.3827-din-22.10.2025-art.10.pdf
22.10.2025;3827P;34345/2022;Copii minori: 1;Ordin-nr.3827-din-22.10.2025-art.10.pdf
22.10.2025;3827P;34330/2022;;Ordin-nr.3827-din-22.10.2025-art.10.pdf
22.10.2025;3827P;34344/2022;;Ordin-nr.3827-din-22.10.2025-art.10.pdf
22.10.2025;3827P;34343/2022;;Ordin-nr.3827-din-22.10.2025-art.10.pdf
22.10.2025;3827P;8281/2023;;Ordin-nr.3827-din-22.10.2025-art.10.pdf
22.10.2025;3827P;8290/2023;;Ordin-nr.3827-din-22.10.2025-art.10.pdf
22.10.2025;3827P;34254/2022;Copii minori: 1;Ordin-nr.3827-din-22.10.2025-art.10.pdf
22.10.2025;3827P;34315/2022;;Ordin-nr.3827-din-22.10.2025-art.10.pdf
22.10.2025;3827P;34232/2022;;Ordin-nr.3827-din-22.10.2025-art.10.pdf
22.10.2025;3827P;1250/2023;;Ordin-nr.3827-din-22.10.2025-art.10.pdf
22.10.2025;3827P;1250/2023;Copii minori: 1;Ordin-nr.3827-din-22.10.2025-art.10.pdf
22.10.2025;3827P;1112/2023;Copii minori: 1;Ordin-nr.3827-din-22.10.2025-art.10.pdf
22.10.2025;3827P;8199/2023;Copii minori: 2;Ordin-nr.3827-din-22.10.2025-art.10.pdf
22.10.2025;3827P;8202/2023;Copii minori: 1;Ordin-nr.3827-din-22.10.2025-art.10.pdf
22.10.2025;3827P;8201/2023;;Ordin-nr.3827-din-22.10.2025-art.10.pdf
22.10.2025;3827P;8201/2023;Copii minori: 1;Ordin-nr.3827-din-22.10.2025-art.10.pdf
22.10.2025;3827P;8202/2023;;Ordin-nr.3827-din-22.10.2025-art.10.pdf
22.10.2025;3827P;34317/2022;Copii minori: 1;Ordin-nr.3827-din-22.10.2025-art.10.pdf
22.10.2025;3827P;34244/2022;Copii minori: 1;Ordin-nr.3827-din-22.10.2025-art.10.pdf
22.10.2025;3827P;37968/2022;Copii minori: 2;Ordin-nr.3827-din-22.10.2025-art.10.pdf
22.10.2025;3827P;34278/2022;;Ordin-nr.3827-din-22.10.2025-art.10.pdf
22.10.2025;3827P;34224/2022;Copii minori: 2;Ordin-nr.3827-din-22.10.2025-art.10.pdf
22.10.2025;3827P;10527/2022;;Ordin-nr.3827-din-22.10.2025-art.10.pdf
22.10.2025;3827P;10527/2022;;Ordin-nr.3827-din-22.10.2025-art.10.pdf
22.10.2025;3827P;8293/2023;;Ordin-nr.3827-din-22.10.2025-art.10.pdf
22.10.2025;3827P;8300/2023;Copii minori: 1;Ordin-nr.3827-din-22.10.2025-art.10.pdf
22.10.2025;3827P;10552/2022;;Ordin-nr.3827-din-22.10.2025-art.10.pdf
22.10.2025;3827P;10554/2022;;Ordin-nr.3827-din-22.10.2025-art.10.pdf
22.10.2025;3827P;20388/2023;;Ordin-nr.3827-din-22.10.2025-art.10.pdf
22.10.2025;3827P;16380/2022;;Ordin-nr.3827-din-22.10.2025-art.10.pdf
22.10.2025;3827P;37971/2022;Copii minori: 1;Ordin-nr.3827-din-22.10.2025-art.10.pdf
22.10.2025;3827P;37966/2022;Copii minori: 2;Ordin-nr.3827-din-22.10.2025-art.10.pdf
22.10.2025;3827P;34269/2022;Copii minori: 1;Ordin-nr.3827-din-22.10.2025-art.10.pdf
22.10.2025;3827P;8205/2023;;Ordin-nr.3827-din-22.10.2025-art.10.pdf
22.10.2025;3827P;34311/2022;Copii minori: 1;Ordin-nr.3827-din-22.10.2025-art.10.pdf
22.10.2025;3827P;34267/2022;;Ordin-nr.3827-din-22.10.2025-art.10.pdf
22.10.2025;3827P;34267/2022;;Ordin-nr.3827-din-22.10.2025-art.10.pdf
22.10.2025;3827P;8184/2023;;Ordin-nr.3827-din-22.10.2025-art.10.pdf
22.10.2025;3827P;39401/2022;Copii minori: 1;Ordin-nr.3827-din-22.10.2025-art.10.pdf
14.10.2025;3697P;27753/2022;;Ordin-3697P-14.10.2025-art.10.pdf
14.10.2025;3697P;27773/2022;;Ordin-3697P-14.10.2025-art.10.pdf
14.10.2025;3697P;25719/2022;;Ordin-3697P-14.10.2025-art.10.pdf
14.10.2025;3697P;25721/2022;;Ordin-3697P-14.10.2025-art.10.pdf
14.10.2025;3697P;25572/2022;;Ordin-3697P-14.10.2025-art.10.pdf
14.10.2025;3697P;25775/2022;;Ordin-3697P-14.10.2025-art.10.pdf
14.10.2025;3697P;34325/2022;;Ordin-3697P-14.10.2025-art.10.pdf
14.10.2025;3697P;34346/2022;;Ordin-3697P-14.10.2025-art.10.pdf
14.10.2025;3697P;25535/2022;;Ordin-3697P-14.10.2025-art.10.pdf
14.10.2025;3697P;25544/2022;Copii minori: 2;Ordin-3697P-14.10.2025-art.10.pdf
14.10.2025;3697P;25549/2022;;Ordin-3697P-14.10.2025-art.10.pdf
14.10.2025;3697P;25559/2022;;Ordin-3697P-14.10.2025-art.10.pdf
14.10.2025;3697P;18894/2020;;Ordin-3697P-14.10.2025-art.10.pdf
14.10.2025;3697P;34326/2022;;Ordin-3697P-14.10.2025-art.10.pdf
14.10.2025;3697P;24125/2019;;Ordin-3697P-14.10.2025-art.10.pdf
14.10.2025;3697P;26807/2022;;Ordin-3697P-14.10.2025-art.10.pdf
14.10.2025;3697P;27773/2022;Copii minori: 2;Ordin-3697P-14.10.2025-art.10.pdf
14.10.2025;3697P;31505/2022;;Ordin-3697P-14.10.2025-art.10.pdf
14.10.2025;3697P;27748/2022;;Ordin-3697P-14.10.2025-art.10.pdf
14.10.2025;3697P;25592/2022;;Ordin-3697P-14.10.2025-art.10.pdf
14.10.2025;3697P;16832/2022;Copii minori: 1;Ordin-3697P-14.10.2025-art.10.pdf
14.10.2025;3697P;16830/2022;;Ordin-3697P-14.10.2025-art.10.pdf
14.10.2025;3697P;27712/2022;;Ordin-3697P-14.10.2025-art.10.pdf
14.10.2025;3697P;34937/2022;;Ordin-3697P-14.10.2025-art.10.pdf
14.10.2025;3697P;27706/2022;;Ordin-3697P-14.10.2025-art.10.pdf
14.10.2025;3697P;27788/2022;;Ordin-3697P-14.10.2025-art.10.pdf
14.10.2025;3697P;34972/2022;;Ordin-3697P-14.10.2025-art.10.pdf
14.10.2025;3697P;34972/2022;;Ordin-3697P-14.10.2025-art.10.pdf
14.10.2025;3697P;27779/2022;;Ordin-3697P-14.10.2025-art.10.pdf
14.10.2025;3697P;27791/2022;;Ordin-3697P-14.10.2025-art.10.pdf
14.10.2025;3697P;27762/2022;;Ordin-3697P-14.10.2025-art.10.pdf
14.10.2025;3697P;27782/2022;;Ordin-3697P-14.10.2025-art.10.pdf
14.10.2025;3697P;27766/2022;;Ordin-3697P-14.10.2025-art.10.pdf
14.10.2025;3697P;34324/2022;;Ordin-3697P-14.10.2025-art.10.pdf
14.10.2025;3697P;68333/2019;;Ordin-3697P-14.10.2025-art.10.pdf
14.10.2025;3697P;27757/2022;Copii minori: 1;Ordin-3697P-14.10.2025-art.10.pdf
14.10.2025;3697P;34335/2022;;Ordin-3697P-14.10.2025-art.10.pdf
14.10.2025;3697P;34337/2022;Copii minori: 3;Ordin-3697P-14.10.2025-art.10.pdf
14.10.2025;3697P;27713/2022;;Ordin-3697P-14.10.2025-art.10.pdf
14.10.2025;3697P;27769/2022;Copii minori: 2;Ordin-3697P-14.10.2025-art.10.pdf
14.10.2025;3697P;34331/2022;;Ordin-3697P-14.10.2025-art.10.pdf
14.10.2025;3697P;34811/2022;;Ordin-3697P-14.10.2025-art.10.pdf
14.10.2025;3697P;27726/2022;;Ordin-3697P-14.10.2025-art.10.pdf
14.10.2025;3697P;27743/2022;;Ordin-3697P-14.10.2025-art.10.pdf
14.10.2025;3697P;27771/2022;;Ordin-3697P-14.10.2025-art.10.pdf
14.10.2025;3697P;88242/2019;;Ordin-3697P-14.10.2025-art.10.pdf
14.10.2025;3697P;35296/2022;;Ordin-3697P-14.10.2025-art.10.pdf
14.10.2025;3697P;35292/2022;;Ordin-3697P-14.10.2025-art.10.pdf
14.10.2025;3697P;35279/2022;;Ordin-3697P-14.10.2025-art.10.pdf
14.10.2025;3697P;35287/2022;;Ordin-3697P-14.10.2025-art.10.pdf
14.10.2025;3697P;26133/2022;;Ordin-3697P-14.10.2025-art.10.pdf
14.10.2025;3697P;26137/2022;;Ordin-3697P-14.10.2025-art.10.pdf
14.10.2025;3697P;26133/2022;Copii minori: 2;Ordin-3697P-14.10.2025-art.10.pdf
14.10.2025;3697P;25505/2022;;Ordin-3697P-14.10.2025-art.10.pdf
14.10.2025;3697P;27775/2022;;Ordin-3697P-14.10.2025-art.10.pdf
14.10.2025;3697P;27778/2022;;Ordin-3697P-14.10.2025-art.10.pdf
14.10.2025;3697P;12979/2022;;Ordin-3697P-14.10.2025-art.10.pdf
14.10.2025;3697P;27761/2022;Copii minori: 1;Ordin-3697P-14.10.2025-art.10.pdf
14.10.2025;3697P;8062/2023;;Ordin-3697P-14.10.2025-art.10.pdf
14.10.2025;3697P;8060/2023;;Ordin-3697P-14.10.2025-art.10.pdf
14.10.2025;3697P;8068/2023;;Ordin-3697P-14.10.2025-art.10.pdf
14.10.2025;3697P;26130/2022;;Ordin-3697P-14.10.2025-art.10.pdf
14.10.2025;3697P;38765/2022;;Ordin-3697P-14.10.2025-art.10.pdf
14.10.2025;3697P;27746/2022;;Ordin-3697P-14.10.2025-art.10.pdf
14.10.2025;3697P;27772/2022;;Ordin-3697P-14.10.2025-art.10.pdf
14.10.2025;3697P;27709/2022;;Ordin-3697P-14.10.2025-art.10.pdf
14.10.2025;3697P;27750/2022;Copii minori: 2;Ordin-3697P-14.10.2025-art.10.pdf
14.10.2025;3697P;7790/2023;Copii minori: 2;Ordin-3697P-14.10.2025-art.10.pdf
14.10.2025;3697P;27777/2022;;Ordin-3697P-14.10.2025-art.10.pdf
14.10.2025;3697P;27777/2022;;Ordin-3697P-14.10.2025-art.10.pdf
14.10.2025;3697P;34342/2022;;Ordin-3697P-14.10.2025-art.10.pdf
14.10.2025;3697P;27784/2022;;Ordin-3697P-14.10.2025-art.10.pdf
14.10.2025;3697P;26796/2022;;Ordin-3697P-14.10.2025-art.10.pdf
14.10.2025;3697P;26540/2022;;Ordin-3697P-14.10.2025-art.10.pdf
14.10.2025;3697P;34332/2022;;Ordin-3697P-14.10.2025-art.10.pdf
14.10.2025;3697P;26377/2022;;Ordin-3697P-14.10.2025-art.10.pdf
14.10.2025;3697P;27754/2022;;Ordin-3697P-14.10.2025-art.10.pdf
14.10.2025;3697P;27763/2022;;Ordin-3697P-14.10.2025-art.10.pdf
14.10.2025;3697P;27710/2022;;Ordin-3697P-14.10.2025-art.10.pdf
14.10.2025;3697P;34975/2022;Copii minori: 1;Ordin-3697P-14.10.2025-art.10.pdf
14.10.2025;3697P;34972/2022;Copii minori: 2;Ordin-3697P-14.10.2025-art.10.pdf
14.10.2025;3697P;34975/2022;;Ordin-3697P-14.10.2025-art.10.pdf
14.10.2025;3697P;7536/2023;Copii minori: 2;Ordin-3697P-14.10.2025-art.10.pdf
14.10.2025;3697P;27767/2022;;Ordin-3697P-14.10.2025-art.10.pdf
14.10.2025;3697P;27752/2022;;Ordin-3697P-14.10.2025-art.10.pdf
14.10.2025;3697P;27765/2022;Copii minori: 1;Ordin-3697P-14.10.2025-art.10.pdf
14.10.2025;3697P;27758/2022;;Ordin-3697P-14.10.2025-art.10.pdf
14.10.2025;3697P;27783/2022;;Ordin-3697P-14.10.2025-art.10.pdf
14.10.2025;3697P;27768/2022;;Ordin-3697P-14.10.2025-art.10.pdf
14.10.2025;3697P;34336/2022;;Ordin-3697P-14.10.2025-art.10.pdf
01.10.2025;3500P;33198/2022;Copii minori: 2;Ordin-3500P-01.10.2025-art.-10.pdf
01.10.2025;3500P;934/2023;;Ordin-3500P-01.10.2025-art.-10.pdf
01.10.2025;3500P;24042/2022;;Ordin-3500P-01.10.2025-art.-10.pdf
01.10.2025;3500P;23520/2022;;Ordin-3500P-01.10.2025-art.-10.pdf
01.10.2025;3500P;38495/2022;;Ordin-3500P-01.10.2025-art.-10.pdf
01.10.2025;3500P;24987/2022;;Ordin-3500P-01.10.2025-art.-10.pdf
01.10.2025;3500P;24970/2022;Copii minori: 2;Ordin-3500P-01.10.2025-art.-10.pdf
01.10.2025;3500P;24982/2022;;Ordin-3500P-01.10.2025-art.-10.pdf
01.10.2025;3500P;24982/2022;Copii minori: 3;Ordin-3500P-01.10.2025-art.-10.pdf
01.10.2025;3500P;3419/2023;;Ordin-3500P-01.10.2025-art.-10.pdf
01.10.2025;3500P;24993/2022;;Ordin-3500P-01.10.2025-art.-10.pdf
01.10.2025;3500P;24977/2022;;Ordin-3500P-01.10.2025-art.-10.pdf
01.10.2025;3500P;671/2023;;Ordin-3500P-01.10.2025-art.-10.pdf
01.10.2025;3500P;24984/2022;Copii minori: 3;Ordin-3500P-01.10.2025-art.-10.pdf
01.10.2025;3500P;24972/2022;;Ordin-3500P-01.10.2025-art.-10.pdf
01.10.2025;3500P;23809/2022;;Ordin-3500P-01.10.2025-art.-10.pdf
01.10.2025;3500P;23519/2022;Copii minori: 2;Ordin-3500P-01.10.2025-art.-10.pdf
01.10.2025;3500P;24062/2022;;Ordin-3500P-01.10.2025-art.-10.pdf
01.10.2025;3500P;33196/2022;Copii minori: 1;Ordin-3500P-01.10.2025-art.-10.pdf
01.10.2025;3500P;24979/2022;;Ordin-3500P-01.10.2025-art.-10.pdf
01.10.2025;3500P;35840/2022;;Ordin-3500P-01.10.2025-art.-10.pdf
01.10.2025;3500P;35846/2022;Copii minori: 1;Ordin-3500P-01.10.2025-art.-10.pdf
01.10.2025;3500P;24974/2022;;Ordin-3500P-01.10.2025-art.-10.pdf
01.10.2025;3500P;23830/2022;Copii minori: 2;Ordin-3500P-01.10.2025-art.-10.pdf
01.10.2025;3500P;23830/2022;;Ordin-3500P-01.10.2025-art.-10.pdf
01.10.2025;3500P;12510/2022;;Ordin-3500P-01.10.2025-art.-10.pdf
01.10.2025;3500P;12512/2022;;Ordin-3500P-01.10.2025-art.-10.pdf
01.10.2025;3500P;12516/2022;Copii minori: 1;Ordin-3500P-01.10.2025-art.-10.pdf
01.10.2025;3500P;23087/2023;;Ordin-3500P-01.10.2025-art.-10.pdf
01.10.2025;3500P;24990/2022;;Ordin-3500P-01.10.2025-art.-10.pdf
01.10.2025;3500P;24989/2022;Copii minori: 1;Ordin-3500P-01.10.2025-art.-10.pdf
01.10.2025;3500P;24973/2022;Copii minori: 2;Ordin-3500P-01.10.2025-art.-10.pdf
01.10.2025;3500P;24973/2022;;Ordin-3500P-01.10.2025-art.-10.pdf
01.10.2025;3500P;24973/2022;;Ordin-3500P-01.10.2025-art.-10.pdf
01.10.2025;3500P;33200/2022;;Ordin-3500P-01.10.2025-art.-10.pdf
01.10.2025;3500P;24991/2022;Copii minori: 1;Ordin-3500P-01.10.2025-art.-10.pdf
01.10.2025;3500P;24971/2022;;Ordin-3500P-01.10.2025-art.-10.pdf
01.10.2025;3500P;24994/2022;;Ordin-3500P-01.10.2025-art.-10.pdf
01.10.2025;3500P;24988/2022;;Ordin-3500P-01.10.2025-art.-10.pdf
01.10.2025;3500P;23290/2023;Copii minori: 3;Ordin-3500P-01.10.2025-art.-10.pdf
01.10.2025;3500P;24983/2022;;Ordin-3500P-01.10.2025-art.-10.pdf
01.10.2025;3500P;24976/2022;Copii minori: 2;Ordin-3500P-01.10.2025-art.-10.pdf
01.10.2025;3500P;24975/2022;Copii minori: 2;Ordin-3500P-01.10.2025-art.-10.pdf
01.10.2025;3500P;12417/2022;;Ordin-3500P-01.10.2025-art.-10.pdf
01.10.2025;3500P;24986/2022;;Ordin-3500P-01.10.2025-art.-10.pdf
01.10.2025;3500P;24995/2022;;Ordin-3500P-01.10.2025-art.-10.pdf
01.10.2025;3500P;24985/2022;;Ordin-3500P-01.10.2025-art.-10.pdf
01.10.2025;3500P;24992/2022;Copii minori: 2;Ordin-3500P-01.10.2025-art.-10.pdf
22.09.2025;3110P;18975/2022;Copii minori: 1;Ordin-3110-22.09.2025-art-10.pdf
22.09.2025;3110P;12618/2022;Copii minori: 3;Ordin-3110-22.09.2025-art-10.pdf
22.09.2025;3110P;8247/2022;Copii minori: 2;Ordin-3110-22.09.2025-art-10.pdf
22.09.2025;3110P;12633/2022;;Ordin-3110-22.09.2025-art-10.pdf
22.09.2025;3110P;8243/2022;;Ordin-3110-22.09.2025-art-10.pdf
22.09.2025;3110P;8240/2022;;Ordin-3110-22.09.2025-art-10.pdf
22.09.2025;3110P;746/2023;;Ordin-3110-22.09.2025-art-10.pdf
22.09.2025;3110P;744/2023;;Ordin-3110-22.09.2025-art-10.pdf
22.09.2025;3110P;3827/2023;Copii minori: 2;Ordin-3110-22.09.2025-art-10.pdf
22.09.2025;3110P;4907/2023;;Ordin-3110-22.09.2025-art-10.pdf
22.09.2025;3110P;19046/2022;Copii minori: 2;Ordin-3110-22.09.2025-art-10.pdf
22.09.2025;3110P;8233/2022;;Ordin-3110-22.09.2025-art-10.pdf
22.09.2025;3110P;12639/2022;;Ordin-3110-22.09.2025-art-10.pdf
22.09.2025;3110P;18966/2022;;Ordin-3110-22.09.2025-art-10.pdf
22.09.2025;3110P;19043/2022;;Ordin-3110-22.09.2025-art-10.pdf
22.09.2025;3110P;4865/2023;;Ordin-3110-22.09.2025-art-10.pdf
22.09.2025;3110P;12640/2022;Copii minori: 3;Ordin-3110-22.09.2025-art-10.pdf
22.09.2025;3110P;12646/2022;;Ordin-3110-22.09.2025-art-10.pdf
22.09.2025;3110P;12624/2022;;Ordin-3110-22.09.2025-art-10.pdf
22.09.2025;3110P;12643/2022;;Ordin-3110-22.09.2025-art-10.pdf
22.09.2025;3110P;8201/2022;;Ordin-3110-22.09.2025-art-10.pdf
22.09.2025;3110P;18957/2022;;Ordin-3110-22.09.2025-art-10.pdf
22.09.2025;3110P;8754/2023;;Ordin-3110-22.09.2025-art-10.pdf
22.09.2025;3110P;18944/2022;;Ordin-3110-22.09.2025-art-10.pdf
22.09.2025;3110P;19037/2022;;Ordin-3110-22.09.2025-art-10.pdf
22.09.2025;3110P;748/2023;;Ordin-3110-22.09.2025-art-10.pdf
22.09.2025;3110P;18976/2022;;Ordin-3110-22.09.2025-art-10.pdf
22.09.2025;3110P;19056/2022;;Ordin-3110-22.09.2025-art-10.pdf
22.09.2025;3110P;12631/2022;Copii minori: 1;Ordin-3110-22.09.2025-art-10.pdf
22.09.2025;3110P;19045/2022;;Ordin-3110-22.09.2025-art-10.pdf
22.09.2025;3110P;12637/2022;;Ordin-3110-22.09.2025-art-10.pdf
22.09.2025;3110P;12642/2022;;Ordin-3110-22.09.2025-art-10.pdf
22.09.2025;3110P;8235/2022;;Ordin-3110-22.09.2025-art-10.pdf
22.09.2025;3110P;8199/2022;;Ordin-3110-22.09.2025-art-10.pdf
22.09.2025;3110P;4876/2023;;Ordin-3110-22.09.2025-art-10.pdf
22.09.2025;3110P;18973/2022;;Ordin-3110-22.09.2025-art-10.pdf
22.09.2025;3110P;8245/2022;;Ordin-3110-22.09.2025-art-10.pdf
22.09.2025;3110P;4893/2023;Copii minori: 1;Ordin-3110-22.09.2025-art-10.pdf
22.09.2025;3110P;18977/2022;;Ordin-3110-22.09.2025-art-10.pdf
22.09.2025;3110P;19057/2022;;Ordin-3110-22.09.2025-art-10.pdf
22.09.2025;3110P;19060/2022;;Ordin-3110-22.09.2025-art-10.pdf
22.09.2025;3110P;3338/2023;;Ordin-3110-22.09.2025-art-10.pdf
22.09.2025;3110P;18971/2022;Copii minori: 2;Ordin-3110-22.09.2025-art-10.pdf
22.09.2025;3110P;8236/2022;;Ordin-3110-22.09.2025-art-10.pdf
22.09.2025;3110P;4888/2023;Copii minori: 3;Ordin-3110-22.09.2025-art-10.pdf
22.09.2025;3110P;4874/2023;;Ordin-3110-22.09.2025-art-10.pdf
22.09.2025;3110P;8241/2022;Copii minori: 2;Ordin-3110-22.09.2025-art-10.pdf
22.09.2025;3110P;8226/2022;;Ordin-3110-22.09.2025-art-10.pdf
22.09.2025;3110P;8228/2022;;Ordin-3110-22.09.2025-art-10.pdf
22.09.2025;3110P;19030/2022;Copii minori: 3;Ordin-3110-22.09.2025-art-10.pdf
22.09.2025;3110P;34857/2022;;Ordin-3110-22.09.2025-art-10.pdf
22.09.2025;3110P;18941/2022;Copii minori: 1;Ordin-3110-22.09.2025-art-10.pdf
22.09.2025;3110P;19059/2022;;Ordin-3110-22.09.2025-art-10.pdf
22.09.2025;3110P;4898/2023;;Ordin-3110-22.09.2025-art-10.pdf
22.09.2025;3110P;19040/2022;Copii minori: 2;Ordin-3110-22.09.2025-art-10.pdf
22.09.2025;3110P;4870/2023;Copii minori: 3;Ordin-3110-22.09.2025-art-10.pdf
22.09.2025;3110P;18956/2022;;Ordin-3110-22.09.2025-art-10.pdf
22.09.2025;3110P;19031/2022;;Ordin-3110-22.09.2025-art-10.pdf
22.09.2025;3110P;18951/2022;;Ordin-3110-22.09.2025-art-10.pdf
22.09.2025;3110P;1920/2023;Copii minori: 1;Ordin-3110-22.09.2025-art-10.pdf
22.09.2025;3110P;12641/2022;Copii minori: 2;Ordin-3110-22.09.2025-art-10.pdf
22.09.2025;3110P;12645/2022;Copii minori: 1;Ordin-3110-22.09.2025-art-10.pdf
22.09.2025;3110P;4641/2023;;Ordin-3110-22.09.2025-art-10.pdf
22.09.2025;3110P;3611/2023;;Ordin-3110-22.09.2025-art-10.pdf
22.09.2025;3110P;18978/2022;;Ordin-3110-22.09.2025-art-10.pdf
22.09.2025;3110P;3171/2023;;Ordin-3110-22.09.2025-art-10.pdf
22.09.2025;3110P;3174/2023;;Ordin-3110-22.09.2025-art-10.pdf
22.09.2025;3110P;18938/2022;;Ordin-3110-22.09.2025-art-10.pdf
22.09.2025;3110P;12623/2022;;Ordin-3110-22.09.2025-art-10.pdf
22.09.2025;3110P;8302/2022;;Ordin-3110-22.09.2025-art-10.pdf
22.09.2025;3110P;19039/2022;Copii minori: 2;Ordin-3110-22.09.2025-art-10.pdf
22.09.2025;3110P;8256/2022;;Ordin-3110-22.09.2025-art-10.pdf
22.09.2025;3110P;8254/2022;;Ordin-3110-22.09.2025-art-10.pdf
22.09.2025;3110P;8254/2022;;Ordin-3110-22.09.2025-art-10.pdf
22.09.2025;3110P;18942/2022;;Ordin-3110-22.09.2025-art-10.pdf
22.09.2025;3110P;18942/2022;Copii minori: 1;Ordin-3110-22.09.2025-art-10.pdf
22.09.2025;3110P;18968/2022;;Ordin-3110-22.09.2025-art-10.pdf
22.09.2025;3110P;18939/2022;;Ordin-3110-22.09.2025-art-10.pdf
22.09.2025;3110P;12626/2022;;Ordin-3110-22.09.2025-art-10.pdf
22.09.2025;3110P;12638/2022;;Ordin-3110-22.09.2025-art-10.pdf
22.09.2025;3110P;19036/2022;;Ordin-3110-22.09.2025-art-10.pdf
22.09.2025;3110P;18969/2022;;Ordin-3110-22.09.2025-art-10.pdf
22.09.2025;3110P;19033/2022;;Ordin-3110-22.09.2025-art-10.pdf
22.09.2025;3110P;12635/2022;;Ordin-3110-22.09.2025-art-10.pdf
22.09.2025;3110P;4881/2023;;Ordin-3110-22.09.2025-art-10.pdf
22.09.2025;3110P;4895/2023;;Ordin-3110-22.09.2025-art-10.pdf
22.09.2025;3110P;12634/2022;;Ordin-3110-22.09.2025-art-10.pdf
22.09.2025;3110P;12632/2022;Copii minori: 2;Ordin-3110-22.09.2025-art-10.pdf
22.09.2025;3110P;4880/2023;Copii minori: 3;Ordin-3110-22.09.2025-art-10.pdf
22.09.2025;3110P;12621/2022;;Ordin-3110-22.09.2025-art-10.pdf
22.09.2025;3110P;19050/2022;;Ordin-3110-22.09.2025-art-10.pdf
22.09.2025;3110P;3063/2023;;Ordin-3110-22.09.2025-art-10.pdf
22.09.2025;3110P;18972/2022;;Ordin-3110-22.09.2025-art-10.pdf
22.09.2025;3110P;18952/2022;;Ordin-3110-22.09.2025-art-10.pdf
22.09.2025;3110P;8305/2022;;Ordin-3110-22.09.2025-art-10.pdf
22.09.2025;3110P;12622/2022;;Ordin-3110-22.09.2025-art-10.pdf
22.09.2025;3110P;18960/2022;Copii minori: 1;Ordin-3110-22.09.2025-art-10.pdf
22.09.2025;3110P;4883/2023;Copii minori: 3;Ordin-3110-22.09.2025-art-10.pdf
22.09.2025;3110P;4904/2023;;Ordin-3110-22.09.2025-art-10.pdf
22.09.2025;3110P;4407/2023;;Ordin-3110-22.09.2025-art-10.pdf
22.09.2025;3110P;4408/2023;;Ordin-3110-22.09.2025-art-10.pdf
22.09.2025;3110P;12620/2022;;Ordin-3110-22.09.2025-art-10.pdf
22.09.2025;3110P;19048/2022;;Ordin-3110-22.09.2025-art-10.pdf
22.09.2025;3110P;12649/2022;;Ordin-3110-22.09.2025-art-10.pdf
22.09.2025;3110P;12628/2022;;Ordin-3110-22.09.2025-art-10.pdf
22.09.2025;3110P;19034/2022;Copii minori: 2;Ordin-3110-22.09.2025-art-10.pdf
22.09.2025;3110P;18974/2022;Copii minori: 2;Ordin-3110-22.09.2025-art-10.pdf
22.09.2025;3110P;742/2023;;Ordin-3110-22.09.2025-art-10.pdf
22.09.2025;3110P;18945/2022;;Ordin-3110-22.09.2025-art-10.pdf
22.09.2025;3110P;8251/2022;Copii minori: 3;Ordin-3110-22.09.2025-art-10.pdf
22.09.2025;3110P;19027/2022;;Ordin-3110-22.09.2025-art-10.pdf
22.09.2025;3110P;18967/2022;;Ordin-3110-22.09.2025-art-10.pdf
22.09.2025;3110P;4882/2023;;Ordin-3110-22.09.2025-art-10.pdf
22.09.2025;3110P;8304/2022;;Ordin-3110-22.09.2025-art-10.pdf
22.09.2025;3110P;19032/2022;;Ordin-3110-22.09.2025-art-10.pdf
22.09.2025;3110P;3061/2023;;Ordin-3110-22.09.2025-art-10.pdf
22.09.2025;3110P;12627/2022;;Ordin-3110-22.09.2025-art-10.pdf
22.09.2025;3110P;8746/2023;;Ordin-3110-22.09.2025-art-10.pdf
22.09.2025;3110P;18959/2022;;Ordin-3110-22.09.2025-art-10.pdf
22.09.2025;3110P;18940/2022;;Ordin-3110-22.09.2025-art-10.pdf
22.09.2025;3110P;19055/2022;;Ordin-3110-22.09.2025-art-10.pdf
22.09.2025;3110P;18946/2022;;Ordin-3110-22.09.2025-art-10.pdf
22.09.2025;3110P;8755/2023;;Ordin-3110-22.09.2025-art-10.pdf
22.09.2025;3110P;12644/2022;;Ordin-3110-22.09.2025-art-10.pdf
22.09.2025;3110P;739/2023;;Ordin-3110-22.09.2025-art-10.pdf
22.09.2025;3110P;736/2023;;Ordin-3110-22.09.2025-art-10.pdf
22.09.2025;3110P;8246/2022;;Ordin-3110-22.09.2025-art-10.pdf
22.09.2025;3110P;19053/2022;;Ordin-3110-22.09.2025-art-10.pdf
22.09.2025;3110P;18947/2022;Copii minori: 1;Ordin-3110-22.09.2025-art-10.pdf
22.09.2025;3110P;18947/2022;;Ordin-3110-22.09.2025-art-10.pdf
22.09.2025;3110P;20354/2022;;Ordin-3110-22.09.2025-art-10.pdf
22.09.2025;3110P;8300/2022;;Ordin-3110-22.09.2025-art-10.pdf
22.09.2025;3110P;19028/2022;;Ordin-3110-22.09.2025-art-10.pdf
22.09.2025;3110P;18965/2022;;Ordin-3110-22.09.2025-art-10.pdf
22.09.2025;3110P;19044/2022;;Ordin-3110-22.09.2025-art-10.pdf
22.09.2025;3110P;4872/2023;;Ordin-3110-22.09.2025-art-10.pdf
22.09.2025;3110P;4258/2023;;Ordin-3110-22.09.2025-art-10.pdf
22.09.2025;3110P;18953/2022;;Ordin-3110-22.09.2025-art-10.pdf
22.09.2025;3110P;19058/2022;;Ordin-3110-22.09.2025-art-10.pdf
22.09.2025;3110P;18964/2022;;Ordin-3110-22.09.2025-art-10.pdf
22.09.2025;3110P;19054/2022;Copii minori: 2;Ordin-3110-22.09.2025-art-10.pdf
22.09.2025;3110P;3057/2023;;Ordin-3110-22.09.2025-art-10.pdf
22.09.2025;3110P;8301/2022;;Ordin-3110-22.09.2025-art-10.pdf
12.09.2025;3064P;12880/2023;;ORDIN-3064-din-12.09.2025-art-10.pdf
12.09.2025;3064P;20654/2022;;ORDIN-3064-din-12.09.2025-art-10.pdf
12.09.2025;3064P;12882/2023;Copii minori: 2;ORDIN-3064-din-12.09.2025-art-10.pdf
12.09.2025;3064P;35177/2021;;ORDIN-3064-din-12.09.2025-art-10.pdf
12.09.2025;3064P;12912/2023;;ORDIN-3064-din-12.09.2025-art-10.pdf
12.09.2025;3064P;12883/2023;Copii minori: 3;ORDIN-3064-din-12.09.2025-art-10.pdf
12.09.2025;3064P;10992/2023;;ORDIN-3064-din-12.09.2025-art-10.pdf
12.09.2025;3064P;12895/2023;;ORDIN-3064-din-12.09.2025-art-10.pdf
12.09.2025;3064P;21051/2022;;ORDIN-3064-din-12.09.2025-art-10.pdf
12.09.2025;3064P;21053/2022;;ORDIN-3064-din-12.09.2025-art-10.pdf
12.09.2025;3064P;21046/2022;;ORDIN-3064-din-12.09.2025-art-10.pdf
12.09.2025;3064P;35178/2021;;ORDIN-3064-din-12.09.2025-art-10.pdf
12.09.2025;3064P;35160/2021;;ORDIN-3064-din-12.09.2025-art-10.pdf
12.09.2025;3064P;29002/2022;Copii minori: 2;ORDIN-3064-din-12.09.2025-art-10.pdf
12.09.2025;3064P;20854/2022;;ORDIN-3064-din-12.09.2025-art-10.pdf
12.09.2025;3064P;21879/2022;;ORDIN-3064-din-12.09.2025-art-10.pdf
12.09.2025;3064P;20950/2022;;ORDIN-3064-din-12.09.2025-art-10.pdf
12.09.2025;3064P;21882/2022;;ORDIN-3064-din-12.09.2025-art-10.pdf
12.09.2025;3064P;35162/2021;Copii minori: 2;ORDIN-3064-din-12.09.2025-art-10.pdf
12.09.2025;3064P;35165/2021;;ORDIN-3064-din-12.09.2025-art-10.pdf
12.09.2025;3064P;35168/2021;;ORDIN-3064-din-12.09.2025-art-10.pdf
12.09.2025;3064P;35168/2021;;ORDIN-3064-din-12.09.2025-art-10.pdf
12.09.2025;3064P;11000/2023;;ORDIN-3064-din-12.09.2025-art-10.pdf
12.09.2025;3064P;12894/2023;;ORDIN-3064-din-12.09.2025-art-10.pdf
12.09.2025;3064P;11007/2023;;ORDIN-3064-din-12.09.2025-art-10.pdf
12.09.2025;3064P;10997/2023;Copii minori: 3;ORDIN-3064-din-12.09.2025-art-10.pdf
12.09.2025;3064P;10995/2023;Copii minori: 1;ORDIN-3064-din-12.09.2025-art-10.pdf
12.09.2025;3064P;2408/2022;;ORDIN-3064-din-12.09.2025-art-10.pdf
12.09.2025;3064P;2407/2022;;ORDIN-3064-din-12.09.2025-art-10.pdf
12.09.2025;3064P;11008/2023;;ORDIN-3064-din-12.09.2025-art-10.pdf
12.09.2025;3064P;35170/2021;Copii minori: 1;ORDIN-3064-din-12.09.2025-art-10.pdf
12.09.2025;3064P;35167/2021;;ORDIN-3064-din-12.09.2025-art-10.pdf
12.09.2025;3064P;35169/2021;;ORDIN-3064-din-12.09.2025-art-10.pdf
12.09.2025;3064P;35169/2021;;ORDIN-3064-din-12.09.2025-art-10.pdf
12.09.2025;3064P;35173/2021;Copii minori: 2;ORDIN-3064-din-12.09.2025-art-10.pdf
12.09.2025;3064P;20972/2022;;ORDIN-3064-din-12.09.2025-art-10.pdf
12.09.2025;3064P;35172/2021;Copii minori: 1;ORDIN-3064-din-12.09.2025-art-10.pdf
12.09.2025;3064P;12907/2023;;ORDIN-3064-din-12.09.2025-art-10.pdf
12.09.2025;3064P;12886/2023;;ORDIN-3064-din-12.09.2025-art-10.pdf
12.09.2025;3064P;21021/2022;;ORDIN-3064-din-12.09.2025-art-10.pdf
12.09.2025;3064P;21028/2022;;ORDIN-3064-din-12.09.2025-art-10.pdf
12.09.2025;3064P;21024/2022;;ORDIN-3064-din-12.09.2025-art-10.pdf
12.09.2025;3064P;21019/2022;;ORDIN-3064-din-12.09.2025-art-10.pdf
12.09.2025;3064P;21026/2022;;ORDIN-3064-din-12.09.2025-art-10.pdf
12.09.2025;3064P;12911/2023;;ORDIN-3064-din-12.09.2025-art-10.pdf
12.09.2025;3064P;12888/2023;;ORDIN-3064-din-12.09.2025-art-10.pdf
12.09.2025;3064P;12903/2023;;ORDIN-3064-din-12.09.2025-art-10.pdf
12.09.2025;3064P;12881/2023;Copii minori: 3;ORDIN-3064-din-12.09.2025-art-10.pdf
12.09.2025;3064P;12902/2023;Copii minori: 1;ORDIN-3064-din-12.09.2025-art-10.pdf
12.09.2025;3064P;35179/2021;;ORDIN-3064-din-12.09.2025-art-10.pdf
12.09.2025;3064P;35179/2021;;ORDIN-3064-din-12.09.2025-art-10.pdf
12.09.2025;3064P;10994/2023;Copii minori: 3;ORDIN-3064-din-12.09.2025-art-10.pdf
12.09.2025;3064P;35176/2021;;ORDIN-3064-din-12.09.2025-art-10.pdf
12.09.2025;3064P;12893/2023;Copii minori: 2;ORDIN-3064-din-12.09.2025-art-10.pdf
12.09.2025;3064P;12901/2023;;ORDIN-3064-din-12.09.2025-art-10.pdf
12.09.2025;3064P;12879/2023;Copii minori: 2;ORDIN-3064-din-12.09.2025-art-10.pdf
12.09.2025;3064P;11005/2023;Copii minori: 3;ORDIN-3064-din-12.09.2025-art-10.pdf
12.09.2025;3064P;12890/2023;;ORDIN-3064-din-12.09.2025-art-10.pdf
12.09.2025;3064P;35166/2021;Copii minori: 2;ORDIN-3064-din-12.09.2025-art-10.pdf
12.09.2025;3064P;12897/2023;;ORDIN-3064-din-12.09.2025-art-10.pdf
12.09.2025;3064P;20975/2022;;ORDIN-3064-din-12.09.2025-art-10.pdf
12.09.2025;3064P;20969/2022;Copii minori: 1;ORDIN-3064-din-12.09.2025-art-10.pdf
12.09.2025;3064P;20978/2022;Copii minori: 2;ORDIN-3064-din-12.09.2025-art-10.pdf
12.09.2025;3064P;20857/2022;;ORDIN-3064-din-12.09.2025-art-10.pdf
12.09.2025;3064P;20857/2022;;ORDIN-3064-din-12.09.2025-art-10.pdf
12.09.2025;3064P;20759/2022;;ORDIN-3064-din-12.09.2025-art-10.pdf
12.09.2025;3064P;12905/2023;;ORDIN-3064-din-12.09.2025-art-10.pdf
12.09.2025;3064P;35174/2021;Copii minori: 1;ORDIN-3064-din-12.09.2025-art-10.pdf
12.09.2025;3064P;35175/2021;;ORDIN-3064-din-12.09.2025-art-10.pdf
12.09.2025;3064P;35175/2021;Copii minori: 1;ORDIN-3064-din-12.09.2025-art-10.pdf
12.09.2025;3064P;21339/2022;Copii minori: 1;ORDIN-3064-din-12.09.2025-art-10.pdf
12.09.2025;3064P;29006/2022;Copii minori: 1;ORDIN-3064-din-12.09.2025-art-10.pdf
12.09.2025;3064P;35171/2021;;ORDIN-3064-din-12.09.2025-art-10.pdf
12.09.2025;3064P;35171/2021;;ORDIN-3064-din-12.09.2025-art-10.pdf
12.09.2025;3064P;12889/2023;;ORDIN-3064-din-12.09.2025-art-10.pdf
12.09.2025;3064P;21043/2022;;ORDIN-3064-din-12.09.2025-art-10.pdf
20.08.2025;2818P;24531/2022;;Ordin-2818P-20.08.25-art.-10.pdf
11.08.2025;2766P;1489/2023;;Ordin-2766P-11.08.2025-Art.-10.pdf
11.08.2025;2766P;1472/2023;;Ordin-2766P-11.08.2025-Art.-10.pdf
11.08.2025;2766P;1492/2023;;Ordin-2766P-11.08.2025-Art.-10.pdf
11.08.2025;2766P;20436/2022;;Ordin-2766P-11.08.2025-Art.-10.pdf
11.08.2025;2766P;1483/2023;;Ordin-2766P-11.08.2025-Art.-10.pdf
11.08.2025;2766P;35729/2021;Copii minori: 1;Ordin-2766P-11.08.2025-Art.-10.pdf
11.08.2025;2766P;1476/2023;;Ordin-2766P-11.08.2025-Art.-10.pdf
11.08.2025;2766P;2958/2023;;Ordin-2766P-11.08.2025-Art.-10.pdf
11.08.2025;2766P;36597/2021;;Ordin-2766P-11.08.2025-Art.-10.pdf
11.08.2025;2766P;36605/2021;;Ordin-2766P-11.08.2025-Art.-10.pdf
11.08.2025;2766P;1469/2023;;Ordin-2766P-11.08.2025-Art.-10.pdf
11.08.2025;2766P;20349/2022;;Ordin-2766P-11.08.2025-Art.-10.pdf
11.08.2025;2766P;20605/2022;Copii minori: 1;Ordin-2766P-11.08.2025-Art.-10.pdf
11.08.2025;2766P;10999/2023;Copii minori: 2;Ordin-2766P-11.08.2025-Art.-10.pdf
11.08.2025;2766P;1486/2023;Copii minori: 2;Ordin-2766P-11.08.2025-Art.-10.pdf
11.08.2025;2766P;20614/2022;Copii minori: 2;Ordin-2766P-11.08.2025-Art.-10.pdf
11.08.2025;2766P;20615/2022;;Ordin-2766P-11.08.2025-Art.-10.pdf
11.08.2025;2766P;1482/2023;Copii minori: 1;Ordin-2766P-11.08.2025-Art.-10.pdf
11.08.2025;2766P;1471/2023;;Ordin-2766P-11.08.2025-Art.-10.pdf
11.08.2025;2766P;1494/2023;;Ordin-2766P-11.08.2025-Art.-10.pdf
11.08.2025;2766P;1494/2023;Copii minori: 1;Ordin-2766P-11.08.2025-Art.-10.pdf
11.08.2025;2766P;1474/2023;;Ordin-2766P-11.08.2025-Art.-10.pdf
11.08.2025;2766P;11010/2023;;Ordin-2766P-11.08.2025-Art.-10.pdf
11.08.2025;2766P;1478/2023;;Ordin-2766P-11.08.2025-Art.-10.pdf
11.08.2025;2766P;1480/2023;;Ordin-2766P-11.08.2025-Art.-10.pdf
11.08.2025;2766P;1484/2023;;Ordin-2766P-11.08.2025-Art.-10.pdf
11.08.2025;2766P;29559/2022;Copii minori: 2;Ordin-2766P-11.08.2025-Art.-10.pdf
11.08.2025;2766P;1491/2023;;Ordin-2766P-11.08.2025-Art.-10.pdf
11.08.2025;2766P;11559/2022;;Ordin-2766P-11.08.2025-Art.-10.pdf
11.08.2025;2766P;1467/2023;;Ordin-2766P-11.08.2025-Art.-10.pdf
11.08.2025;2766P;1477/2023;;Ordin-2766P-11.08.2025-Art.-10.pdf
11.08.2025;2766P;11558/2022;;Ordin-2766P-11.08.2025-Art.-10.pdf
11.08.2025;2766P;1513/2023;;Ordin-2766P-11.08.2025-Art.-10.pdf
11.08.2025;2766P;1510/2023;;Ordin-2766P-11.08.2025-Art.-10.pdf
11.08.2025;2766P;1524/2023;;Ordin-2766P-11.08.2025-Art.-10.pdf
11.08.2025;2766P;19989/2022;;Ordin-2766P-11.08.2025-Art.-10.pdf
11.08.2025;2766P;11546/2022;Copii minori: 1;Ordin-2766P-11.08.2025-Art.-10.pdf
11.08.2025;2766P;11561/2022;;Ordin-2766P-11.08.2025-Art.-10.pdf
11.08.2025;2766P;1473/2023;;Ordin-2766P-11.08.2025-Art.-10.pdf
11.08.2025;2766P;1475/2023;;Ordin-2766P-11.08.2025-Art.-10.pdf
11.08.2025;2766P;1465/2023;Copii minori: 1;Ordin-2766P-11.08.2025-Art.-10.pdf
11.08.2025;2766P;11569/2022;;Ordin-2766P-11.08.2025-Art.-10.pdf
11.08.2025;2766P;11570/2022;;Ordin-2766P-11.08.2025-Art.-10.pdf
11.08.2025;2766P;1463/2023;;Ordin-2766P-11.08.2025-Art.-10.pdf
11.08.2025;2766P;1470/2023;;Ordin-2766P-11.08.2025-Art.-10.pdf
11.08.2025;2766P;11549/2022;Copii minori: 2;Ordin-2766P-11.08.2025-Art.-10.pdf
11.08.2025;2766P;11573/2022;;Ordin-2766P-11.08.2025-Art.-10.pdf
11.08.2025;2766P;20601/2022;Copii minori: 1;Ordin-2766P-11.08.2025-Art.-10.pdf
11.08.2025;2766P;20195/2022;;Ordin-2766P-11.08.2025-Art.-10.pdf
11.08.2025;2766P;1485/2023;;Ordin-2766P-11.08.2025-Art.-10.pdf
11.08.2025;2766P;20394/2022;;Ordin-2766P-11.08.2025-Art.-10.pdf
11.08.2025;2766P;20403/2022;;Ordin-2766P-11.08.2025-Art.-10.pdf
11.08.2025;2766P;20398/2022;;Ordin-2766P-11.08.2025-Art.-10.pdf
11.08.2025;2766P;11565/2022;;Ordin-2766P-11.08.2025-Art.-10.pdf
11.08.2025;2766P;1466/2023;Copii minori: 2;Ordin-2766P-11.08.2025-Art.-10.pdf
11.08.2025;2766P;1466/2023;;Ordin-2766P-11.08.2025-Art.-10.pdf
11.08.2025;2766P;1481/2023;;Ordin-2766P-11.08.2025-Art.-10.pdf
11.08.2025;2766P;1487/2023;;Ordin-2766P-11.08.2025-Art.-10.pdf
11.08.2025;2766P;1488/2023;;Ordin-2766P-11.08.2025-Art.-10.pdf
11.08.2025;2766P;11560/2022;Copii minori: 1;Ordin-2766P-11.08.2025-Art.-10.pdf
11.08.2025;2766P;10713/2023;;Ordin-2766P-11.08.2025-Art.-10.pdf
11.08.2025;2766P;1479/2023;;Ordin-2766P-11.08.2025-Art.-10.pdf
11.08.2025;2766P;11563/2022;;Ordin-2766P-11.08.2025-Art.-10.pdf
11.08.2025;2766P;11551/2022;;Ordin-2766P-11.08.2025-Art.-10.pdf
11.08.2025;2766P;11571/2022;;Ordin-2766P-11.08.2025-Art.-10.pdf
11.08.2025;2766P;35737/2021;;Ordin-2766P-11.08.2025-Art.-10.pdf
11.08.2025;2766P;1464/2023;;Ordin-2766P-11.08.2025-Art.-10.pdf
11.08.2025;2766P;11557/2022;;Ordin-2766P-11.08.2025-Art.-10.pdf
11.08.2025;2766P;19825/2022;;Ordin-2766P-11.08.2025-Art.-10.pdf
11.08.2025;2766P;10940/2023;;Ordin-2766P-11.08.2025-Art.-10.pdf
11.08.2025;2766P;10959/2023;;Ordin-2766P-11.08.2025-Art.-10.pdf
11.08.2025;2766P;10955/2023;;Ordin-2766P-11.08.2025-Art.-10.pdf
11.08.2025;2766P;20386/2022;;Ordin-2766P-11.08.2025-Art.-10.pdf
11.08.2025;2766P;20371/2022;;Ordin-2766P-11.08.2025-Art.-10.pdf
11.08.2025;2766P;20378/2022;Copii minori: 2;Ordin-2766P-11.08.2025-Art.-10.pdf
11.08.2025;2766P;1468/2023;;Ordin-2766P-11.08.2025-Art.-10.pdf
11.08.2025;2766P;17492/2022;;Ordin-2766P-11.08.2025-Art.-10.pdf
21.07.2025;2495P;23478/2023;;Ordin-2495P-21.07.2025-art-10.pdf
21.07.2025;2495P;26920/2023;;Ordin-2495P-21.07.2025-art-10.pdf
21.07.2025;2495P;28639/2023;;Ordin-2495P-21.07.2025-art-10.pdf
21.07.2025;2495P;23361/2023;;Ordin-2495P-21.07.2025-art-10.pdf
21.07.2025;2495P;26778/2023;;Ordin-2495P-21.07.2025-art-10.pdf
21.07.2025;2495P;23794/2023;;Ordin-2495P-21.07.2025-art-10.pdf
21.07.2025;2495P;23320/2023;;Ordin-2495P-21.07.2025-art-10.pdf
21.07.2025;2495P;28639/2023;;Ordin-2495P-21.07.2025-art-10.pdf
21.07.2025;2495P;23938/2023;;Ordin-2495P-21.07.2025-art-10.pdf
21.07.2025;2495P;23371/2023;;Ordin-2495P-21.07.2025-art-10.pdf
21.07.2025;2495P;23435/2023;;Ordin-2495P-21.07.2025-art-10.pdf
21.07.2025;2495P;28654/2023;;Ordin-2495P-21.07.2025-art-10.pdf
21.07.2025;2495P;28654/2023;Copii minori: 1;Ordin-2495P-21.07.2025-art-10.pdf
21.07.2025;2495P;23742/2023;;Ordin-2495P-21.07.2025-art-10.pdf
21.07.2025;2495P;23418/2023;;Ordin-2495P-21.07.2025-art-10.pdf
21.07.2025;2495P;28640/2023;;Ordin-2495P-21.07.2025-art-10.pdf
21.07.2025;2495P;28658/2023;;Ordin-2495P-21.07.2025-art-10.pdf
21.07.2025;2495P;26731/2023;;Ordin-2495P-21.07.2025-art-10.pdf
21.07.2025;2495P;21378/2023;;Ordin-2495P-21.07.2025-art-10.pdf
21.07.2025;2495P;23108/2023;;Ordin-2495P-21.07.2025-art-10.pdf
21.07.2025;2495P;23380/2023;Copii minori: 1;Ordin-2495P-21.07.2025-art-10.pdf
21.07.2025;2495P;23375/2023;;Ordin-2495P-21.07.2025-art-10.pdf
21.07.2025;2495P;23699/2023;;Ordin-2495P-21.07.2025-art-10.pdf
21.07.2025;2495P;23043/2023;;Ordin-2495P-21.07.2025-art-10.pdf
21.07.2025;2495P;26883/2023;;Ordin-2495P-21.07.2025-art-10.pdf
21.07.2025;2495P;26796/2023;;Ordin-2495P-21.07.2025-art-10.pdf
14.07.2025;2406P;38503/2022;;Ordin-2406-P-14.07.2025.art_.10.pdf
14.07.2025;2406P;38503/2022;Copii minori: 1;Ordin-2406-P-14.07.2025.art_.10.pdf
14.07.2025;2406P;12941/2023;;Ordin-2406-P-14.07.2025.art_.10.pdf
14.07.2025;2406P;38368/2022;;Ordin-2406-P-14.07.2025.art_.10.pdf
14.07.2025;2406P;38369/2022;;Ordin-2406-P-14.07.2025.art_.10.pdf
14.07.2025;2406P;38372/2022;;Ordin-2406-P-14.07.2025.art_.10.pdf
14.07.2025;2406P;12915/2023;Copii minori:2;Ordin-2406-P-14.07.2025.art_.10.pdf
14.07.2025;2406P;23109/2023;;Ordin-2406-P-14.07.2025.art_.10.pdf
14.07.2025;2406P;38373/2022;;Ordin-2406-P-14.07.2025.art_.10.pdf
14.07.2025;2406P;38374/2022;;Ordin-2406-P-14.07.2025.art_.10.pdf
14.07.2025;2406P;3364/2023;Copii minori: 1;Ordin-2406-P-14.07.2025.art_.10.pdf
14.07.2025;2406P;37086/2022;;Ordin-2406-P-14.07.2025.art_.10.pdf
14.07.2025;2406P;12921/2023;Copii minori: 3;Ordin-2406-P-14.07.2025.art_.10.pdf
14.07.2025;2406P;16757/2021;;Ordin-2406-P-14.07.2025.art_.10.pdf
14.07.2025;2406P;16754/2021;;Ordin-2406-P-14.07.2025.art_.10.pdf
14.07.2025;2406P;23092/2023;;Ordin-2406-P-14.07.2025.art_.10.pdf
14.07.2025;2406P;23107/2023;;Ordin-2406-P-14.07.2025.art_.10.pdf
14.07.2025;2406P;3411/2023;Copii minori: 2;Ordin-2406-P-14.07.2025.art_.10.pdf
14.07.2025;2406P;3406/2023;Copii minori: 1;Ordin-2406-P-14.07.2025.art_.10.pdf
14.07.2025;2406P;12920/2023;Copii minori: 2;Ordin-2406-P-14.07.2025.art_.10.pdf
14.07.2025;2406P;23111/2023;Copii minori: 2;Ordin-2406-P-14.07.2025.art_.10.pdf
14.07.2025;2406P;23060/2023;;Ordin-2406-P-14.07.2025.art_.10.pdf
14.07.2025;2406P;23029/2023;;Ordin-2406-P-14.07.2025.art_.10.pdf
14.07.2025;2406P;23084/2023;;Ordin-2406-P-14.07.2025.art_.10.pdf
14.07.2025;2406P;12930/2023;Copii minori: 1;Ordin-2406-P-14.07.2025.art_.10.pdf
14.07.2025;2406P;12914/2023;Copii minori: 1;Ordin-2406-P-14.07.2025.art_.10.pdf
14.07.2025;2406P;23068/2023;;Ordin-2406-P-14.07.2025.art_.10.pdf
14.07.2025;2406P;23076/2023;;Ordin-2406-P-14.07.2025.art_.10.pdf
14.07.2025;2406P;23076/2023;;Ordin-2406-P-14.07.2025.art_.10.pdf
14.07.2025;2406P;3555/2023;;Ordin-2406-P-14.07.2025.art_.10.pdf
14.07.2025;2406P;3554/2023;;Ordin-2406-P-14.07.2025.art_.10.pdf
14.07.2025;2406P;23101/2023;;Ordin-2406-P-14.07.2025.art_.10.pdf
14.07.2025;2406P;3421/2023;;Ordin-2406-P-14.07.2025.art_.10.pdf
14.07.2025;2406P;3421/2023;Copii minori: 1;Ordin-2406-P-14.07.2025.art_.10.pdf
14.07.2025;2406P;23094/2023;Copii minori: 3;Ordin-2406-P-14.07.2025.art_.10.pdf
14.07.2025;2406P;23086/2023;;Ordin-2406-P-14.07.2025.art_.10.pdf
14.07.2025;2406P;23110/2023;;Ordin-2406-P-14.07.2025.art_.10.pdf
14.07.2025;2406P;23093/2023;;Ordin-2406-P-14.07.2025.art_.10.pdf
14.07.2025;2406P;3543/2023;Copii minori: 1;Ordin-2406-P-14.07.2025.art_.10.pdf
14.07.2025;2406P;23097/2023;;Ordin-2406-P-14.07.2025.art_.10.pdf
14.07.2025;2406P;12927/2023;Copii minori: 2;Ordin-2406-P-14.07.2025.art_.10.pdf
14.07.2025;2406P;3547/2023;Copii minori: 1;Ordin-2406-P-14.07.2025.art_.10.pdf
14.07.2025;2406P;12935/2023;;Ordin-2406-P-14.07.2025.art_.10.pdf
14.07.2025;2406P;38499/2022;Copii minori: 2;Ordin-2406-P-14.07.2025.art_.10.pdf
14.07.2025;2406P;12926/2023;;Ordin-2406-P-14.07.2025.art_.10.pdf
14.07.2025;2405P;35326/2022;Copii minori: 1;Ordin-2405-P-14.07.2025-ART.10.pdf
14.07.2025;2405P;34874/2022;;Ordin-2405-P-14.07.2025-ART.10.pdf
14.07.2025;2405P;34874/2022;;Ordin-2405-P-14.07.2025-ART.10.pdf
14.07.2025;2405P;1508/2023;Copii minori:2;Ordin-2405-P-14.07.2025-ART.10.pdf
14.07.2025;2405P;35123/2022;;Ordin-2405-P-14.07.2025-ART.10.pdf
14.07.2025;2405P;1526/2023;;Ordin-2405-P-14.07.2025-ART.10.pdf
14.07.2025;2405P;23411/2023;;Ordin-2405-P-14.07.2025-ART.10.pdf
14.07.2025;2405P;1866/2023;Copii minori: 3;Ordin-2405-P-14.07.2025-ART.10.pdf
14.07.2025;2405P;23394/2023;;Ordin-2405-P-14.07.2025-ART.10.pdf
14.07.2025;2405P;1509/2023;;Ordin-2405-P-14.07.2025-ART.10.pdf
14.07.2025;2405P;23392/2023;Copii minori: 2;Ordin-2405-P-14.07.2025-ART.10.pdf
14.07.2025;2405P;23415/2023;;Ordin-2405-P-14.07.2025-ART.10.pdf
14.07.2025;2405P;23423/2023;;Ordin-2405-P-14.07.2025-ART.10.pdf
14.07.2025;2405P;23423/2023;;Ordin-2405-P-14.07.2025-ART.10.pdf
14.07.2025;2405P;1500/2023;;Ordin-2405-P-14.07.2025-ART.10.pdf
14.07.2025;2405P;23389/2023;;Ordin-2405-P-14.07.2025-ART.10.pdf
14.07.2025;2405P;23406/2023;;Ordin-2405-P-14.07.2025-ART.10.pdf
14.07.2025;2405P;35283/2022;;Ordin-2405-P-14.07.2025-ART.10.pdf
14.07.2025;2405P;35283/2022;Copii minori: 2;Ordin-2405-P-14.07.2025-ART.10.pdf
14.07.2025;2405P;18251/2022;;Ordin-2405-P-14.07.2025-ART.10.pdf
14.07.2025;2405P;1514/2023;;Ordin-2405-P-14.07.2025-ART.10.pdf
14.07.2025;2405P;16317/2022;;Ordin-2405-P-14.07.2025-ART.10.pdf
14.07.2025;2405P;35322/2022;;Ordin-2405-P-14.07.2025-ART.10.pdf
14.07.2025;2405P;1499/2023;Copii minori: 1;Ordin-2405-P-14.07.2025-ART.10.pdf
14.07.2025;2405P;1530/2023;;Ordin-2405-P-14.07.2025-ART.10.pdf
14.07.2025;2405P;23413/2023;;Ordin-2405-P-14.07.2025-ART.10.pdf
14.07.2025;2405P;23395/2023;;Ordin-2405-P-14.07.2025-ART.10.pdf
14.07.2025;2405P;23403/2023;Copii minori: 1;Ordin-2405-P-14.07.2025-ART.10.pdf
14.07.2025;2405P;1520/2023;;Ordin-2405-P-14.07.2025-ART.10.pdf
14.07.2025;2405P;1519/2023;;Ordin-2405-P-14.07.2025-ART.10.pdf
14.07.2025;2405P;23388/2023;;Ordin-2405-P-14.07.2025-ART.10.pdf
14.07.2025;2405P;1518/2023;;Ordin-2405-P-14.07.2025-ART.10.pdf
14.07.2025;2405P;1501/2023;;Ordin-2405-P-14.07.2025-ART.10.pdf
14.07.2025;2405P;1507/2023;;Ordin-2405-P-14.07.2025-ART.10.pdf
14.07.2025;2405P;33416/2022;;Ordin-2405-P-14.07.2025-ART.10.pdf
14.07.2025;2405P;33412/2022;Copii minori: 1;Ordin-2405-P-14.07.2025-ART.10.pdf
14.07.2025;2405P;23299/2023;;Ordin-2405-P-14.07.2025-ART.10.pdf
14.07.2025;2405P;1512/2023;;Ordin-2405-P-14.07.2025-ART.10.pdf
14.07.2025;2405P;1525/2023;;Ordin-2405-P-14.07.2025-ART.10.pdf
14.07.2025;2405P;23390/2023;;Ordin-2405-P-14.07.2025-ART.10.pdf
14.07.2025;2405P;23424/2023;;Ordin-2405-P-14.07.2025-ART.10.pdf
14.07.2025;2405P;23396/2023;;Ordin-2405-P-14.07.2025-ART.10.pdf
14.07.2025;2405P;1503/2023;;Ordin-2405-P-14.07.2025-ART.10.pdf
14.07.2025;2405P;1517/2023;;Ordin-2405-P-14.07.2025-ART.10.pdf
14.07.2025;2405P;1511/2023;;Ordin-2405-P-14.07.2025-ART.10.pdf
14.07.2025;2405P;1505/2023;;Ordin-2405-P-14.07.2025-ART.10.pdf
14.07.2025;2405P;23384/2023;;Ordin-2405-P-14.07.2025-ART.10.pdf
14.07.2025;2405P;23417/2023;;Ordin-2405-P-14.07.2025-ART.10.pdf
14.07.2025;2405P;23407/2023;;Ordin-2405-P-14.07.2025-ART.10.pdf
14.07.2025;2405P;23382/2023;;Ordin-2405-P-14.07.2025-ART.10.pdf
14.07.2025;2405P;23414/2023;;Ordin-2405-P-14.07.2025-ART.10.pdf
14.07.2025;2405P;1515/2023;;Ordin-2405-P-14.07.2025-ART.10.pdf
14.07.2025;2405P;23366/2023;Copii minori: 3;Ordin-2405-P-14.07.2025-ART.10.pdf
14.07.2025;2405P;23385/2023;Copii minori: 2;Ordin-2405-P-14.07.2025-ART.10.pdf
14.07.2025;2405P;23358/2023;;Ordin-2405-P-14.07.2025-ART.10.pdf
14.07.2025;2405P;23352/2023;;Ordin-2405-P-14.07.2025-ART.10.pdf
14.07.2025;2405P;34870/2022;Copii minori: 1;Ordin-2405-P-14.07.2025-ART.10.pdf
14.07.2025;2405P;23356/2023;;Ordin-2405-P-14.07.2025-ART.10.pdf
14.07.2025;2405P;1531/2023;;Ordin-2405-P-14.07.2025-ART.10.pdf
14.07.2025;2405P;1495/2023;;Ordin-2405-P-14.07.2025-ART.10.pdf
14.07.2025;2405P;1496/2023;;Ordin-2405-P-14.07.2025-ART.10.pdf
14.07.2025;2405P;1528/2023;Copii minori: 2;Ordin-2405-P-14.07.2025-ART.10.pdf
14.07.2025;2405P;23419/2023;;Ordin-2405-P-14.07.2025-ART.10.pdf
14.07.2025;2405P;23357/2023;;Ordin-2405-P-14.07.2025-ART.10.pdf
14.07.2025;2405P;1504/2023;;Ordin-2405-P-14.07.2025-ART.10.pdf
14.07.2025;2405P;23386/2023;;Ordin-2405-P-14.07.2025-ART.10.pdf
14.07.2025;2405P;23364/2023;;Ordin-2405-P-14.07.2025-ART.10.pdf
14.07.2025;2405P;23377/2023;;Ordin-2405-P-14.07.2025-ART.10.pdf
14.07.2025;2404P;39005/2022;;Ordin-2404P-14.07.2025-art.10-.pdf
14.07.2025;2404P;39026/2022;;Ordin-2404P-14.07.2025-art.10-.pdf
14.07.2025;2404P;39026/2022;Copii minori: 2;Ordin-2404P-14.07.2025-art.10-.pdf
14.07.2025;2404P;39008/2022;;Ordin-2404P-14.07.2025-art.10-.pdf
14.07.2025;2404P;39014/2022;;Ordin-2404P-14.07.2025-art.10-.pdf
14.07.2025;2404P;39011/2022;;Ordin-2404P-14.07.2025-art.10-.pdf
14.07.2025;2404P;9967/2023;Copii minori: 1;Ordin-2404P-14.07.2025-art.10-.pdf
14.07.2025;2404P;584/2023;;Ordin-2404P-14.07.2025-art.10-.pdf
14.07.2025;2404P;9957/2023;Copii minori: 2;Ordin-2404P-14.07.2025-art.10-.pdf
14.07.2025;2404P;39030/2022;;Ordin-2404P-14.07.2025-art.10-.pdf
14.07.2025;2404P;39018/2022;;Ordin-2404P-14.07.2025-art.10-.pdf
14.07.2025;2404P;39018/2022;;Ordin-2404P-14.07.2025-art.10-.pdf
14.07.2025;2404P;39019/2022;;Ordin-2404P-14.07.2025-art.10-.pdf
14.07.2025;2404P;39001/2022;;Ordin-2404P-14.07.2025-art.10-.pdf
14.07.2025;2404P;39012/2022;;Ordin-2404P-14.07.2025-art.10-.pdf
14.07.2025;2404P;39036/2022;Copii minori: 1;Ordin-2404P-14.07.2025-art.10-.pdf
14.07.2025;2404P;39036/2022;;Ordin-2404P-14.07.2025-art.10-.pdf
14.07.2025;2404P;39035/2022;Copii minori: 3;Ordin-2404P-14.07.2025-art.10-.pdf
14.07.2025;2404P;39037/2022;;Ordin-2404P-14.07.2025-art.10-.pdf
14.07.2025;2404P;39033/2022;;Ordin-2404P-14.07.2025-art.10-.pdf
14.07.2025;2404P;39006/2022;;Ordin-2404P-14.07.2025-art.10-.pdf
14.07.2025;2404P;39023/2022;Copii minori: 3;Ordin-2404P-14.07.2025-art.10-.pdf
14.07.2025;2404P;39032/2022;;Ordin-2404P-14.07.2025-art.10-.pdf
14.07.2025;2404P;39017/2022;;Ordin-2404P-14.07.2025-art.10-.pdf
14.07.2025;2404P;39020/2022;;Ordin-2404P-14.07.2025-art.10-.pdf
14.07.2025;2404P;39024/2022;;Ordin-2404P-14.07.2025-art.10-.pdf
14.07.2025;2404P;39034/2022;;Ordin-2404P-14.07.2025-art.10-.pdf
14.07.2025;2404P;39027/2022;;Ordin-2404P-14.07.2025-art.10-.pdf
14.07.2025;2404P;39021/2022;;Ordin-2404P-14.07.2025-art.10-.pdf
14.07.2025;2404P;39013/2022;;Ordin-2404P-14.07.2025-art.10-.pdf
14.07.2025;2404P;39025/2022;;Ordin-2404P-14.07.2025-art.10-.pdf
14.07.2025;2404P;604/2023;;Ordin-2404P-14.07.2025-art.10-.pdf
14.07.2025;2404P;590/2023;;Ordin-2404P-14.07.2025-art.10-.pdf
14.07.2025;2404P;586/2023;;Ordin-2404P-14.07.2025-art.10-.pdf
14.07.2025;2404P;602/2023;;Ordin-2404P-14.07.2025-art.10-.pdf
14.07.2025;2404P;607/2023;;Ordin-2404P-14.07.2025-art.10-.pdf
14.07.2025;2404P;39031/2022;;Ordin-2404P-14.07.2025-art.10-.pdf
14.07.2025;2404P;39000/2022;;Ordin-2404P-14.07.2025-art.10-.pdf
14.07.2025;2404P;39004/2022;;Ordin-2404P-14.07.2025-art.10-.pdf
14.07.2025;2404P;39015/2022;;Ordin-2404P-14.07.2025-art.10-.pdf
25.06.2025;2335P;10777/2022;;Ordin-2335P-25.06.2025-art-10.pdf
25.06.2025;2335P;658/2023;;Ordin-2335P-25.06.2025-art-10.pdf
25.06.2025;2335P;663/2023;;Ordin-2335P-25.06.2025-art-10.pdf
25.06.2025;2335P;644/2023;Copii minori: 1;Ordin-2335P-25.06.2025-art-10.pdf
25.06.2025;2335P;683/2023;;Ordin-2335P-25.06.2025-art-10.pdf
25.06.2025;2335P;678/2023;;Ordin-2335P-25.06.2025-art-10.pdf
25.06.2025;2335P;28000/2022;;Ordin-2335P-25.06.2025-art-10.pdf
25.06.2025;2335P;26535/2022;;Ordin-2335P-25.06.2025-art-10.pdf
25.06.2025;2335P;27953/2022;;Ordin-2335P-25.06.2025-art-10.pdf
25.06.2025;2335P;33486/2022;;Ordin-2335P-25.06.2025-art-10.pdf
25.06.2025;2335P;33490/2022;Copii minori: 1;Ordin-2335P-25.06.2025-art-10.pdf
25.06.2025;2335P;33483/2022;;Ordin-2335P-25.06.2025-art-10.pdf
25.06.2025;2335P;26810/2022;;Ordin-2335P-25.06.2025-art-10.pdf
25.06.2025;2335P;8775/2023;Copii minori: 1;Ordin-2335P-25.06.2025-art-10.pdf
25.06.2025;2335P;33186/2022;;Ordin-2335P-25.06.2025-art-10.pdf
25.06.2025;2335P;19509/2020;;Ordin-2335P-25.06.2025-art-10.pdf
25.06.2025;2335P;19509/2020;;Ordin-2335P-25.06.2025-art-10.pdf
25.06.2025;2335P;11001/2023;;Ordin-2335P-25.06.2025-art-10.pdf
25.06.2025;2335P;10989/2023;;Ordin-2335P-25.06.2025-art-10.pdf
25.06.2025;2335P;39573/2021;;Ordin-2335P-25.06.2025-art-10.pdf
25.06.2025;2335P;16260/2022;Copii minori: 2;Ordin-2335P-25.06.2025-art-10.pdf
25.06.2025;2335P;10781/2022;Copii minori: 2;Ordin-2335P-25.06.2025-art-10.pdf
25.06.2025;2335P;14192/2022;Copii minori: 1;Ordin-2335P-25.06.2025-art-10.pdf
25.06.2025;2335P;25987/2022;;Ordin-2335P-25.06.2025-art-10.pdf
25.06.2025;2335P;25987/2022;;Ordin-2335P-25.06.2025-art-10.pdf
25.06.2025;2335P;28768/2024;;Ordin-2335P-25.06.2025-art-10.pdf
25.06.2025;2335P;26817/2022;Copii minori: 1;Ordin-2335P-25.06.2025-art-10.pdf
25.06.2025;2335P;27957/2022;Copii minori: 1;Ordin-2335P-25.06.2025-art-10.pdf
25.06.2025;2335P;18997/2022;;Ordin-2335P-25.06.2025-art-10.pdf
25.06.2025;2335P;28358/2022;;Ordin-2335P-25.06.2025-art-10.pdf
11.06.2025;2205P;4929/2023;;Ordin-2205P-11.06.2025-art.-10.pdf
11.06.2025;2205P;6738/2023;;Ordin-2205P-11.06.2025-art.-10.pdf
11.06.2025;2205P;6734/2023;;Ordin-2205P-11.06.2025-art.-10.pdf
11.06.2025;2205P;5458/2023;Copii minori: 1;Ordin-2205P-11.06.2025-art.-10.pdf
11.06.2025;2205P;5087/2023;;Ordin-2205P-11.06.2025-art.-10.pdf
11.06.2025;2205P;5091/2023;Copii minori: 1;Ordin-2205P-11.06.2025-art.-10.pdf
11.06.2025;2205P;6847/2023;;Ordin-2205P-11.06.2025-art.-10.pdf
11.06.2025;2205P;6859/2023;;Ordin-2205P-11.06.2025-art.-10.pdf
11.06.2025;2205P;5342/2023;Copii minori: 1;Ordin-2205P-11.06.2025-art.-10.pdf
11.06.2025;2205P;6854/2023;Copii minori: 1;Ordin-2205P-11.06.2025-art.-10.pdf
11.06.2025;2205P;6857/2023;;Ordin-2205P-11.06.2025-art.-10.pdf
11.06.2025;2205P;6857/2023;;Ordin-2205P-11.06.2025-art.-10.pdf
11.06.2025;2205P;5146/2023;Copii minori: 2;Ordin-2205P-11.06.2025-art.-10.pdf
11.06.2025;2205P;5149/2023;Copii minori: 1;Ordin-2205P-11.06.2025-art.-10.pdf
11.06.2025;2205P;5144/2023;;Ordin-2205P-11.06.2025-art.-10.pdf
11.06.2025;2205P;5326/2023;;Ordin-2205P-11.06.2025-art.-10.pdf
11.06.2025;2205P;5329/2023;;Ordin-2205P-11.06.2025-art.-10.pdf
11.06.2025;2205P;8738/2023;;Ordin-2205P-11.06.2025-art.-10.pdf
11.06.2025;2205P;6868/2023;;Ordin-2205P-11.06.2025-art.-10.pdf
11.06.2025;2205P;6875/2023;Copii minori: 1;Ordin-2205P-11.06.2025-art.-10.pdf
11.06.2025;2205P;6329/2023;Copii minori: 2;Ordin-2205P-11.06.2025-art.-10.pdf
11.06.2025;2205P;6325/2023;;Ordin-2205P-11.06.2025-art.-10.pdf
11.06.2025;2205P;5079/2023;Copii minori: 1;Ordin-2205P-11.06.2025-art.-10.pdf
11.06.2025;2205P;6741/2023;Copii minori: 1;Ordin-2205P-11.06.2025-art.-10.pdf
11.06.2025;2205P;5323/2023;Copii minori: 2;Ordin-2205P-11.06.2025-art.-10.pdf
11.06.2025;2205P;19128/2022;;Ordin-2205P-11.06.2025-art.-10.pdf
11.06.2025;2205P;5084/2023;;Ordin-2205P-11.06.2025-art.-10.pdf
11.06.2025;2205P;6846/2023;;Ordin-2205P-11.06.2025-art.-10.pdf
11.06.2025;2205P;6847/2023;;Ordin-2205P-11.06.2025-art.-10.pdf
11.06.2025;2205P;6869/2023;;Ordin-2205P-11.06.2025-art.-10.pdf
11.06.2025;2205P;6736/2023;;Ordin-2205P-11.06.2025-art.-10.pdf
11.06.2025;2205P;34314/2022;;Ordin-2205P-11.06.2025-art.-10.pdf
11.06.2025;2205P;34314/2022;Copii minori: 1;Ordin-2205P-11.06.2025-art.-10.pdf
11.06.2025;2205P;4926/2023;;Ordin-2205P-11.06.2025-art.-10.pdf
11.06.2025;2205P;4972/2023;;Ordin-2205P-11.06.2025-art.-10.pdf
11.06.2025;2205P;6858/2023;Copii minori: 2;Ordin-2205P-11.06.2025-art.-10.pdf
11.06.2025;2205P;14195/2022;;Ordin-2205P-11.06.2025-art.-10.pdf
11.06.2025;2205P;10748/2022;;Ordin-2205P-11.06.2025-art.-10.pdf
11.06.2025;2205P;5121/2023;;Ordin-2205P-11.06.2025-art.-10.pdf
11.06.2025;2205P;5105/2023;;Ordin-2205P-11.06.2025-art.-10.pdf
11.06.2025;2205P;5100/2023;;Ordin-2205P-11.06.2025-art.-10.pdf
11.06.2025;2205P;4889/2023;;Ordin-2205P-11.06.2025-art.-10.pdf
11.06.2025;2205P;8231/2022;;Ordin-2205P-11.06.2025-art.-10.pdf
11.06.2025;2205P;5443/2023;;Ordin-2205P-11.06.2025-art.-10.pdf
11.06.2025;2205P;5448/2023;;Ordin-2205P-11.06.2025-art.-10.pdf
11.06.2025;2205P;4879/2023;;Ordin-2205P-11.06.2025-art.-10.pdf
11.06.2025;2205P;5101/2023;;Ordin-2205P-11.06.2025-art.-10.pdf
11.06.2025;2205P;5119/2023;;Ordin-2205P-11.06.2025-art.-10.pdf
11.06.2025;2205P;5093/2023;;Ordin-2205P-11.06.2025-art.-10.pdf
11.06.2025;2205P;5111/2023;Copii minori: 2;Ordin-2205P-11.06.2025-art.-10.pdf
11.06.2025;2205P;5116/2023;;Ordin-2205P-11.06.2025-art.-10.pdf
11.06.2025;2205P;27907/2022;Copii minori: 2;Ordin-2205P-11.06.2025-art.-10.pdf
05.06.2025;2184P;39206/2023;;Ordin-2184P-05.06.2025-art.10.pdf
05.06.2025;2184P;39206/2023;;Ordin-2184P-05.06.2025-art.10.pdf
26.05.2025;1974P;31693/2022;;Ordin-1974P-26.05.2025-art.10.pdf
26.05.2025;1974P;31693/2022;;Ordin-1974P-26.05.2025-art.10.pdf
26.05.2025;1974P;31615/2022;;Ordin-1974P-26.05.2025-art.10.pdf
26.05.2025;1974P;31607/2022;;Ordin-1974P-26.05.2025-art.10.pdf
26.05.2025;1974P;31641/2022;Copii minori: 2;Ordin-1974P-26.05.2025-art.10.pdf
26.05.2025;1974P;32094/2022;Copii minori: 2;Ordin-1974P-26.05.2025-art.10.pdf
26.05.2025;1974P;4362/2023;;Ordin-1974P-26.05.2025-art.10.pdf
26.05.2025;1974P;31632/2022;Copii minori: 1;Ordin-1974P-26.05.2025-art.10.pdf
26.05.2025;1974P;31618/2022;;Ordin-1974P-26.05.2025-art.10.pdf
26.05.2025;1974P;31624/2022;;Ordin-1974P-26.05.2025-art.10.pdf
26.05.2025;1974P;31638/2022;;Ordin-1974P-26.05.2025-art.10.pdf
26.05.2025;1974P;1285/2023;Copii minori: 1;Ordin-1974P-26.05.2025-art.10.pdf
26.05.2025;1974P;1343/2023;Copii minori: 1;Ordin-1974P-26.05.2025-art.10.pdf
26.05.2025;1974P;1344/2023;;Ordin-1974P-26.05.2025-art.10.pdf
26.05.2025;1974P;10459/2022;;Ordin-1974P-26.05.2025-art.10.pdf
26.05.2025;1974P;1284/2023;;Ordin-1974P-26.05.2025-art.10.pdf
26.05.2025;1974P;31612/2022;;Ordin-1974P-26.05.2025-art.10.pdf
26.05.2025;1974P;31612/2022;;Ordin-1974P-26.05.2025-art.10.pdf
26.05.2025;1974P;16332/2022;Copii minori: 3;Ordin-1974P-26.05.2025-art.10.pdf
26.05.2025;1974P;32090/2022;Copii minori: 2;Ordin-1974P-26.05.2025-art.10.pdf
26.05.2025;1974P;31635/2022;Copii minori: 2;Ordin-1974P-26.05.2025-art.10.pdf
26.05.2025;1974P;32103/2022;Copii minori: 2;Ordin-1974P-26.05.2025-art.10.pdf
26.05.2025;1974P;31689/2022;;Ordin-1974P-26.05.2025-art.10.pdf
26.05.2025;1974P;31945/2022;;Ordin-1974P-26.05.2025-art.10.pdf
26.05.2025;1974P;1252/2023;;Ordin-1974P-26.05.2025-art.10.pdf
26.05.2025;1974P;1252/2023;;Ordin-1974P-26.05.2025-art.10.pdf
26.05.2025;1974P;3152/2022;Copii minori: 1;Ordin-1974P-26.05.2025-art.10.pdf
26.05.2025;1974P;1342/2023;;Ordin-1974P-26.05.2025-art.10.pdf
26.05.2025;1974P;1342/2023;Copii minori: 1;Ordin-1974P-26.05.2025-art.10.pdf
26.05.2025;1974P;1328/2023;;Ordin-1974P-26.05.2025-art.10.pdf
26.05.2025;1974P;27799/2022;Copii minori: 1;Ordin-1974P-26.05.2025-art.10.pdf
26.05.2025;1974P;23130/2022;;Ordin-1974P-26.05.2025-art.10.pdf
26.05.2025;1974P;18543/2023;;Ordin-1974P-26.05.2025-art.10.pdf
26.05.2025;1974P;9966/2022;;Ordin-1974P-26.05.2025-art.10.pdf
26.05.2025;1974P;9966/2022;Copii minori: 1;Ordin-1974P-26.05.2025-art.10.pdf
26.05.2025;1974P;31697/2022;;Ordin-1974P-26.05.2025-art.10.pdf
26.05.2025;1974P;4082/2023;Copii minori: 2;Ordin-1974P-26.05.2025-art.10.pdf
26.05.2025;1974P;4085/2023;Copii minori: 2;Ordin-1974P-26.05.2025-art.10.pdf
26.05.2025;1974P;4078/2023;;Ordin-1974P-26.05.2025-art.10.pdf
26.05.2025;1974P;1457/2023;;Ordin-1974P-26.05.2025-art.10.pdf
26.05.2025;1974P;1332/2023;Copii minori: 2;Ordin-1974P-26.05.2025-art.10.pdf
26.05.2025;1974P;31967/2022;;Ordin-1974P-26.05.2025-art.10.pdf
26.05.2025;1974P;31970/2022;;Ordin-1974P-26.05.2025-art.10.pdf
26.05.2025;1974P;31967/2022;;Ordin-1974P-26.05.2025-art.10.pdf
26.05.2025;1974P;3152/2022;;Ordin-1974P-26.05.2025-art.10.pdf
26.05.2025;1974P;32108/2022;Copii minori: 2;Ordin-1974P-26.05.2025-art.10.pdf
26.05.2025;1974P;1340/2023;;Ordin-1974P-26.05.2025-art.10.pdf
26.05.2025;1974P;1340/2023;;Ordin-1974P-26.05.2025-art.10.pdf
26.05.2025;1974P;4137/2023;;Ordin-1974P-26.05.2025-art.10.pdf
26.05.2025;1974P;4136/2023;;Ordin-1974P-26.05.2025-art.10.pdf
26.05.2025;1974P;10026/2022;Copii minori: 1;Ordin-1974P-26.05.2025-art.10.pdf
26.05.2025;1974P;10026/2022;;Ordin-1974P-26.05.2025-art.10.pdf
26.05.2025;1974P;31701/2022;;Ordin-1974P-26.05.2025-art.10.pdf
26.05.2025;1974P;1454/2023;Copii minori: 1;Ordin-1974P-26.05.2025-art.10.pdf
26.05.2025;1974P;1289/2023;;Ordin-1974P-26.05.2025-art.10.pdf
26.05.2025;1974P;10464/2022;;Ordin-1974P-26.05.2025-art.10.pdf
26.05.2025;1974P;23454/2022;Copii minori: 2;Ordin-1974P-26.05.2025-art.10.pdf
26.05.2025;1974P;25025/2022;Copii minori: 2;Ordin-1974P-26.05.2025-art.10.pdf
26.05.2025;1974P;23430/2022;;Ordin-1974P-26.05.2025-art.10.pdf
19.05.2025;1871P;4748/2023;Copii minori: 1;Ordin-1871-P-19.05.2025-art.-10.pdf
19.05.2025;1871P;1855/2023;Copii minori: 1;Ordin-1871-P-19.05.2025-art.-10.pdf
19.05.2025;1871P;19008/2022;;Ordin-1871-P-19.05.2025-art.-10.pdf
19.05.2025;1871P;18982/2022;;Ordin-1871-P-19.05.2025-art.-10.pdf
19.05.2025;1871P;9769/2022;;Ordin-1871-P-19.05.2025-art.-10.pdf
19.05.2025;1871P;8122/2023;Copii minori: 1;Ordin-1871-P-19.05.2025-art.-10.pdf
19.05.2025;1871P;9898/2022;Copii minori: 1;Ordin-1871-P-19.05.2025-art.-10.pdf
19.05.2025;1871P;9898/2022;;Ordin-1871-P-19.05.2025-art.-10.pdf
19.05.2025;1871P;19005/2022;;Ordin-1871-P-19.05.2025-art.-10.pdf
19.05.2025;1871P;9750/2022;Copii minori: 2;Ordin-1871-P-19.05.2025-art.-10.pdf
19.05.2025;1871P;9750/2022;;Ordin-1871-P-19.05.2025-art.-10.pdf
19.05.2025;1871P;18984/2022;;Ordin-1871-P-19.05.2025-art.-10.pdf
19.05.2025;1871P;9885/2022;;Ordin-1871-P-19.05.2025-art.-10.pdf
19.05.2025;1871P;1863/2023;Copii minori: 1;Ordin-1871-P-19.05.2025-art.-10.pdf
19.05.2025;1871P;9771/2022;;Ordin-1871-P-19.05.2025-art.-10.pdf
19.05.2025;1871P;4745/2023;;Ordin-1871-P-19.05.2025-art.-10.pdf
19.05.2025;1871P;13839/2022;;Ordin-1871-P-19.05.2025-art.-10.pdf
19.05.2025;1871P;19014/2022;;Ordin-1871-P-19.05.2025-art.-10.pdf
19.05.2025;1871P;18999/2022;;Ordin-1871-P-19.05.2025-art.-10.pdf
19.05.2025;1871P;18979/2022;Copii minori: 1;Ordin-1871-P-19.05.2025-art.-10.pdf
19.05.2025;1871P;10590/2023;;Ordin-1871-P-19.05.2025-art.-10.pdf
19.05.2025;1871P;9895/2022;;Ordin-1871-P-19.05.2025-art.-10.pdf
19.05.2025;1871P;9892/2022;;Ordin-1871-P-19.05.2025-art.-10.pdf
19.05.2025;1871P;9894/2022;;Ordin-1871-P-19.05.2025-art.-10.pdf
19.05.2025;1871P;19013/2022;;Ordin-1871-P-19.05.2025-art.-10.pdf
19.05.2025;1871P;12713/2022;;Ordin-1871-P-19.05.2025-art.-10.pdf
19.05.2025;1871P;1924/2023;Copii minori: 1;Ordin-1871-P-19.05.2025-art.-10.pdf
19.05.2025;1871P;4619/2023;;Ordin-1871-P-19.05.2025-art.-10.pdf
19.05.2025;1871P;9900/2022;Copii minori: 1;Ordin-1871-P-19.05.2025-art.-10.pdf
19.05.2025;1871P;2067/2023;;Ordin-1871-P-19.05.2025-art.-10.pdf
19.05.2025;1871P;9891/2022;Copii minori: 2;Ordin-1871-P-19.05.2025-art.-10.pdf
19.05.2025;1871P;9891/2022;;Ordin-1871-P-19.05.2025-art.-10.pdf
19.05.2025;1871P;9897/2022;;Ordin-1871-P-19.05.2025-art.-10.pdf
19.05.2025;1871P;4472/2023;;Ordin-1871-P-19.05.2025-art.-10.pdf
19.05.2025;1871P;4472/2023;;Ordin-1871-P-19.05.2025-art.-10.pdf
19.05.2025;1871P;19011/2022;Copii minori: 1;Ordin-1871-P-19.05.2025-art.-10.pdf
19.05.2025;1871P;1925/2023;Copii minori: 2;Ordin-1871-P-19.05.2025-art.-10.pdf
19.05.2025;1871P;7792/2022;;Ordin-1871-P-19.05.2025-art.-10.pdf
19.05.2025;1871P;9886/2022;;Ordin-1871-P-19.05.2025-art.-10.pdf
19.05.2025;1871P;19007/2022;;Ordin-1871-P-19.05.2025-art.-10.pdf
19.05.2025;1871P;18991/2022;;Ordin-1871-P-19.05.2025-art.-10.pdf
19.05.2025;1871P;2093/2023;;Ordin-1871-P-19.05.2025-art.-10.pdf
19.05.2025;1871P;2096/2023;;Ordin-1871-P-19.05.2025-art.-10.pdf
19.05.2025;1871P;2093/2023;;Ordin-1871-P-19.05.2025-art.-10.pdf
19.05.2025;1871P;2061/2023;Copii minori: 1;Ordin-1871-P-19.05.2025-art.-10.pdf
19.05.2025;1871P;2053/2023;Copii minori: 2;Ordin-1871-P-19.05.2025-art.-10.pdf
19.05.2025;1871P;9453/2023;Copii minori: 1;Ordin-1871-P-19.05.2025-art.-10.pdf
19.05.2025;1871P;9904/2022;;Ordin-1871-P-19.05.2025-art.-10.pdf
19.05.2025;1871P;78634/2017;Copii minori: 2;Ordin-1871-P-19.05.2025-art.-10.pdf
19.05.2025;1871P;9903/2022;;Ordin-1871-P-19.05.2025-art.-10.pdf
19.05.2025;1871P;18996/2022;;Ordin-1871-P-19.05.2025-art.-10.pdf
19.05.2025;1871P;9896/2022;;Ordin-1871-P-19.05.2025-art.-10.pdf
19.05.2025;1871P;9905/2022;;Ordin-1871-P-19.05.2025-art.-10.pdf
19.05.2025;1871P;9906/2022;;Ordin-1871-P-19.05.2025-art.-10.pdf
19.05.2025;1871P;9907/2022;;Ordin-1871-P-19.05.2025-art.-10.pdf
19.05.2025;1871P;9909/2022;;Ordin-1871-P-19.05.2025-art.-10.pdf
19.05.2025;1871P;18981/2022;Copii minori: 2;Ordin-1871-P-19.05.2025-art.-10.pdf
19.05.2025;1871P;18987/2022;;Ordin-1871-P-19.05.2025-art.-10.pdf
19.05.2025;1871P;18988/2022;Copii minori: 2;Ordin-1871-P-19.05.2025-art.-10.pdf
19.05.2025;1871P;9893/2022;;Ordin-1871-P-19.05.2025-art.-10.pdf
19.05.2025;1871P;18995/2022;;Ordin-1871-P-19.05.2025-art.-10.pdf
19.05.2025;1871P;19010/2022;;Ordin-1871-P-19.05.2025-art.-10.pdf
19.05.2025;1871P;9573/2023;;Ordin-1871-P-19.05.2025-art.-10.pdf
19.05.2025;1871P;9576/2023;Copii minori: 1;Ordin-1871-P-19.05.2025-art.-10.pdf
19.05.2025;1871P;4749/2023;Copii minori: 1;Ordin-1871-P-19.05.2025-art.-10.pdf
19.05.2025;1871P;19009/2022;;Ordin-1871-P-19.05.2025-art.-10.pdf
19.05.2025;1871P;18994/2022;;Ordin-1871-P-19.05.2025-art.-10.pdf
19.05.2025;1871P;18985/2022;Copii minori: 1;Ordin-1871-P-19.05.2025-art.-10.pdf
19.05.2025;1871P;19006/2022;;Ordin-1871-P-19.05.2025-art.-10.pdf
19.05.2025;1871P;4667/2023;Copii minori: 2;Ordin-1871-P-19.05.2025-art.-10.pdf
19.05.2025;1871P;7797/2022;;Ordin-1871-P-19.05.2025-art.-10.pdf
19.05.2025;1871P;18980/2022;;Ordin-1871-P-19.05.2025-art.-10.pdf
19.05.2025;1871P;18992/2022;;Ordin-1871-P-19.05.2025-art.-10.pdf
19.05.2025;1871P;9901/2022;;Ordin-1871-P-19.05.2025-art.-10.pdf
19.05.2025;1871P;12706/2022;;Ordin-1871-P-19.05.2025-art.-10.pdf
19.05.2025;1871P;13839/2022;;Ordin-1871-P-19.05.2025-art.-10.pdf
19.05.2025;1871P;13839/2022;;Ordin-1871-P-19.05.2025-art.-10.pdf
19.05.2025;1871P;2070/2023;Copii minori: 2;Ordin-1871-P-19.05.2025-art.-10.pdf
19.05.2025;1871P;86608/2019;;Ordin-1871-P-19.05.2025-art.-10.pdf
19.05.2025;1871P;18983/2022;;Ordin-1871-P-19.05.2025-art.-10.pdf
19.05.2025;1871P;9349/2023;Copii minori: 2;Ordin-1871-P-19.05.2025-art.-10.pdf
19.05.2025;1871P;9889/2022;;Ordin-1871-P-19.05.2025-art.-10.pdf
19.05.2025;1871P;9890/2022;;Ordin-1871-P-19.05.2025-art.-10.pdf
19.05.2025;1871P;19001/2022;;Ordin-1871-P-19.05.2025-art.-10.pdf
19.05.2025;1871P;2968/2023;;Ordin-1871-P-19.05.2025-art.-10.pdf
19.05.2025;1871P;9902/2022;;Ordin-1871-P-19.05.2025-art.-10.pdf
19.05.2025;1871P;9899/2022;;Ordin-1871-P-19.05.2025-art.-10.pdf
19.05.2025;1871P;4663/2023;;Ordin-1871-P-19.05.2025-art.-10.pdf
19.05.2025;1871P;4673/2023;Copii minori: 2;Ordin-1871-P-19.05.2025-art.-10.pdf
19.05.2025;1871P;18998/2022;Copii minori: 1;Ordin-1871-P-19.05.2025-art.-10.pdf
19.05.2025;1871P;18990/2022;;Ordin-1871-P-19.05.2025-art.-10.pdf
19.05.2025;1871P;9457/2023;;Ordin-1871-P-19.05.2025-art.-10.pdf
19.05.2025;1871P;9459/2023;;Ordin-1871-P-19.05.2025-art.-10.pdf
19.05.2025;1871P;9908/2022;;Ordin-1871-P-19.05.2025-art.-10.pdf
19.05.2025;1871P;12709/2022;;Ordin-1871-P-19.05.2025-art.-10.pdf
19.05.2025;1871P;1859/2023;Copii minori: 1;Ordin-1871-P-19.05.2025-art.-10.pdf
14.04.2025;1361P;3086/2022;Copii minori: 2;Ordin-nr.1361P-14.04.2025-art.10.pdf
14.04.2025;1361P;19829/2023;;Ordin-nr.1361P-14.04.2025-art.10.pdf
14.04.2025;1361P;11411/2022;;Ordin-nr.1361P-14.04.2025-art.10.pdf
14.04.2025;1361P;1516/2023;;Ordin-nr.1361P-14.04.2025-art.10.pdf
14.04.2025;1361P;4816/2022;;Ordin-nr.1361P-14.04.2025-art.10.pdf
14.04.2025;1361P;12619/2022;Copii minori: 2;Ordin-nr.1361P-14.04.2025-art.10.pdf
14.04.2025;1361P;11418/2022;;Ordin-nr.1361P-14.04.2025-art.10.pdf
14.04.2025;1361P;11416/2022;;Ordin-nr.1361P-14.04.2025-art.10.pdf
14.04.2025;1361P;11413/2022;Copii minori: 2;Ordin-nr.1361P-14.04.2025-art.10.pdf
14.04.2025;1361P;4829/2022;;Ordin-nr.1361P-14.04.2025-art.10.pdf
14.04.2025;1361P;26233/2023;;Ordin-nr.1361P-14.04.2025-art.10.pdf
14.04.2025;1361P;11466/2022;;Ordin-nr.1361P-14.04.2025-art.10.pdf
14.04.2025;1361P;11473/2022;;Ordin-nr.1361P-14.04.2025-art.10.pdf
14.04.2025;1361P;95546/2019;;Ordin-nr.1361P-14.04.2025-art.10.pdf
14.04.2025;1361P;3063/2022;;Ordin-nr.1361P-14.04.2025-art.10.pdf
14.04.2025;1361P;61246/2019;;Ordin-nr.1361P-14.04.2025-art.10.pdf
14.04.2025;1361P;11410/2022;;Ordin-nr.1361P-14.04.2025-art.10.pdf
14.04.2025;1361P;14615/2022;;Ordin-nr.1361P-14.04.2025-art.10.pdf
13.03.2025;948P;2955/2023;;Ordin-nr.948P-din-13.03.2025-art-10.pdf
13.03.2025;948P;2989/2023;;Ordin-nr.948P-din-13.03.2025-art-10.pdf
13.03.2025;948P;16590/2023;;Ordin-nr.948P-din-13.03.2025-art-10.pdf
13.03.2025;948P;1801/2023;Copii minori: 1;Ordin-nr.948P-din-13.03.2025-art-10.pdf
13.03.2025;948P;1803/2023;;Ordin-nr.948P-din-13.03.2025-art-10.pdf
13.03.2025;948P;24969/2022;;Ordin-nr.948P-din-13.03.2025-art-10.pdf
13.03.2025;948P;24361/2022;;Ordin-nr.948P-din-13.03.2025-art-10.pdf
13.03.2025;948P;2949/2023;;Ordin-nr.948P-din-13.03.2025-art-10.pdf
13.03.2025;948P;24414/2022;;Ordin-nr.948P-din-13.03.2025-art-10.pdf
13.03.2025;948P;24416/2022;Copii minori: 1;Ordin-nr.948P-din-13.03.2025-art-10.pdf
13.03.2025;948P;2961/2023;;Ordin-nr.948P-din-13.03.2025-art-10.pdf
13.03.2025;948P;2985/2023;;Ordin-nr.948P-din-13.03.2025-art-10.pdf
13.03.2025;948P;24479/2022;Copii minori: 1;Ordin-nr.948P-din-13.03.2025-art-10.pdf
13.03.2025;948P;24637/2022;;Ordin-nr.948P-din-13.03.2025-art-10.pdf
13.03.2025;948P;24634/2022;;Ordin-nr.948P-din-13.03.2025-art-10.pdf
13.03.2025;948P;2984/2023;;Ordin-nr.948P-din-13.03.2025-art-10.pdf
13.03.2025;948P;2979/2023;;Ordin-nr.948P-din-13.03.2025-art-10.pdf
13.03.2025;948P;2214/2023;;Ordin-nr.948P-din-13.03.2025-art-10.pdf
13.03.2025;948P;2323/2023;;Ordin-nr.948P-din-13.03.2025-art-10.pdf
13.03.2025;948P;1870/2023;;Ordin-nr.948P-din-13.03.2025-art-10.pdf
13.03.2025;948P;2124/2022;;Ordin-nr.948P-din-13.03.2025-art-10.pdf
13.03.2025;948P;24605/2022;Copii minori: 4;Ordin-nr.948P-din-13.03.2025-art-10.pdf
13.03.2025;948P;2973/2023;;Ordin-nr.948P-din-13.03.2025-art-10.pdf
13.03.2025;948P;2951/2023;;Ordin-nr.948P-din-13.03.2025-art-10.pdf
13.03.2025;948P;2951/2023;;Ordin-nr.948P-din-13.03.2025-art-10.pdf
13.03.2025;948P;1953/2022;;Ordin-nr.948P-din-13.03.2025-art-10.pdf
13.03.2025;948P;1953/2022;;Ordin-nr.948P-din-13.03.2025-art-10.pdf
13.03.2025;948P;1953/2022;;Ordin-nr.948P-din-13.03.2025-art-10.pdf
13.03.2025;948P;2977/2023;;Ordin-nr.948P-din-13.03.2025-art-10.pdf
13.03.2025;948P;2964/2023;Copii minori: 1;Ordin-nr.948P-din-13.03.2025-art-10.pdf
13.03.2025;948P;24324/2022;;Ordin-nr.948P-din-13.03.2025-art-10.pdf
13.03.2025;948P;24324/2022;;Ordin-nr.948P-din-13.03.2025-art-10.pdf
13.03.2025;948P;1962/2022;;Ordin-nr.948P-din-13.03.2025-art-10.pdf
13.03.2025;948P;1959/2022;;Ordin-nr.948P-din-13.03.2025-art-10.pdf
13.03.2025;948P;24360/2022;Copii minori: 1;Ordin-nr.948P-din-13.03.2025-art-10.pdf
13.03.2025;948P;2326/2023;;Ordin-nr.948P-din-13.03.2025-art-10.pdf
13.03.2025;948P;2326/2023;Copii minori: 2;Ordin-nr.948P-din-13.03.2025-art-10.pdf
13.03.2025;948P;2322/2023;Copii minori: 3;Ordin-nr.948P-din-13.03.2025-art-10.pdf
13.03.2025;948P;2186/2022;Copii minori: 1;Ordin-nr.948P-din-13.03.2025-art-10.pdf
13.03.2025;948P;2186/2022;;Ordin-nr.948P-din-13.03.2025-art-10.pdf
13.03.2025;948P;2943/2023;Copii minori: 1;Ordin-nr.948P-din-13.03.2025-art-10.pdf
13.03.2025;948P;27884/2022;Copii minori: 1;Ordin-nr.948P-din-13.03.2025-art-10.pdf
13.03.2025;948P;2253/2023;Copii minori: 2;Ordin-nr.948P-din-13.03.2025-art-10.pdf
13.03.2025;948P;2983/2023;;Ordin-nr.948P-din-13.03.2025-art-10.pdf
13.03.2025;948P;2241/2022;;Ordin-nr.948P-din-13.03.2025-art-10.pdf
13.03.2025;948P;2963/2023;;Ordin-nr.948P-din-13.03.2025-art-10.pdf
13.03.2025;948P;24981/2022;Copii minori: 1;Ordin-nr.948P-din-13.03.2025-art-10.pdf
13.03.2025;948P;24789/2022;Copii minori: 1;Ordin-nr.948P-din-13.03.2025-art-10.pdf
13.03.2025;948P;24796/2022;;Ordin-nr.948P-din-13.03.2025-art-10.pdf
13.03.2025;948P;24794/2022;;Ordin-nr.948P-din-13.03.2025-art-10.pdf
13.03.2025;948P;2975/2023;Copii minori: 3;Ordin-nr.948P-din-13.03.2025-art-10.pdf
13.03.2025;948P;2967/2023;;Ordin-nr.948P-din-13.03.2025-art-10.pdf
13.03.2025;948P;1909/2023;;Ordin-nr.948P-din-13.03.2025-art-10.pdf
13.03.2025;948P;2828/2023;;Ordin-nr.948P-din-13.03.2025-art-10.pdf
13.03.2025;948P;24320/2022;;Ordin-nr.948P-din-13.03.2025-art-10.pdf
13.03.2025;948P;2946/2023;;Ordin-nr.948P-din-13.03.2025-art-10.pdf
13.03.2025;948P;2978/2023;;Ordin-nr.948P-din-13.03.2025-art-10.pdf
05.03.2025;835P;20869/2022;Copii minori: 1;Ordin-835P-din-05.03.2025-art-10.pdf
05.03.2025;835P;19063/2022;;Ordin-835P-din-05.03.2025-art-10.pdf
05.03.2025;835P;13694/2023;Copii minori: 1;Ordin-835P-din-05.03.2025-art-10.pdf
05.03.2025;835P;19082/2022;;Ordin-835P-din-05.03.2025-art-10.pdf
05.03.2025;834P;23323/2023;;Ordin-nr.834P-din-05.03.2025-art.10.pdf
05.03.2025;834P;39297/2022;Copii minori: 1;Ordin-nr.834P-din-05.03.2025-art.10.pdf
05.03.2025;834P;39297/2022;;Ordin-nr.834P-din-05.03.2025-art.10.pdf
05.03.2025;834P;23335/2023;;Ordin-nr.834P-din-05.03.2025-art.10.pdf
05.03.2025;834P;10949/2023;;Ordin-nr.834P-din-05.03.2025-art.10.pdf
05.03.2025;834P;10931/2023;;Ordin-nr.834P-din-05.03.2025-art.10.pdf
05.03.2025;834P;10970/2023;;Ordin-nr.834P-din-05.03.2025-art.10.pdf
05.03.2025;834P;23342/2023;;Ordin-nr.834P-din-05.03.2025-art.10.pdf
05.03.2025;834P;10973/2023;;Ordin-nr.834P-din-05.03.2025-art.10.pdf
05.03.2025;834P;10927/2023;;Ordin-nr.834P-din-05.03.2025-art.10.pdf
05.03.2025;834P;23291/2023;;Ordin-nr.834P-din-05.03.2025-art.10.pdf
05.03.2025;834P;40304/2021;;Ordin-nr.834P-din-05.03.2025-art.10.pdf
05.03.2025;834P;23341/2023;;Ordin-nr.834P-din-05.03.2025-art.10.pdf
05.03.2025;834P;23301/2023;;Ordin-nr.834P-din-05.03.2025-art.10.pdf
05.03.2025;834P;23327/2023;;Ordin-nr.834P-din-05.03.2025-art.10.pdf
05.03.2025;834P;10937/2023;;Ordin-nr.834P-din-05.03.2025-art.10.pdf
05.03.2025;834P;39254/2022;;Ordin-nr.834P-din-05.03.2025-art.10.pdf
05.03.2025;834P;10975/2023;;Ordin-nr.834P-din-05.03.2025-art.10.pdf
05.03.2025;834P;10962/2023;;Ordin-nr.834P-din-05.03.2025-art.10.pdf
05.03.2025;834P;26214/2023;;Ordin-nr.834P-din-05.03.2025-art.10.pdf
05.03.2025;834P;26214/2023;;Ordin-nr.834P-din-05.03.2025-art.10.pdf
05.03.2025;834P;23303/2023;;Ordin-nr.834P-din-05.03.2025-art.10.pdf
05.03.2025;834P;10939/2023;;Ordin-nr.834P-din-05.03.2025-art.10.pdf
05.03.2025;834P;23289/2023;;Ordin-nr.834P-din-05.03.2025-art.10.pdf
05.03.2025;834P;10951/2023;Copii minori: 2;Ordin-nr.834P-din-05.03.2025-art.10.pdf
05.03.2025;834P;23288/2023;;Ordin-nr.834P-din-05.03.2025-art.10.pdf
05.03.2025;834P;10935/2023;;Ordin-nr.834P-din-05.03.2025-art.10.pdf
05.03.2025;834P;10965/2023;Copii minori: 3;Ordin-nr.834P-din-05.03.2025-art.10.pdf
05.03.2025;834P;23319/2023;;Ordin-nr.834P-din-05.03.2025-art.10.pdf
05.03.2025;834P;23346/2023;;Ordin-nr.834P-din-05.03.2025-art.10.pdf
05.03.2025;834P;23344/2023;;Ordin-nr.834P-din-05.03.2025-art.10.pdf
05.03.2025;834P;23295/2023;Copii minori: 2;Ordin-nr.834P-din-05.03.2025-art.10.pdf
05.03.2025;834P;10988/2023;;Ordin-nr.834P-din-05.03.2025-art.10.pdf
05.03.2025;834P;23318/2023;;Ordin-nr.834P-din-05.03.2025-art.10.pdf
05.03.2025;834P;8795/2023;;Ordin-nr.834P-din-05.03.2025-art.10.pdf
05.03.2025;834P;10956/2023;;Ordin-nr.834P-din-05.03.2025-art.10.pdf
05.03.2025;834P;23302/2023;Copii minori: 2;Ordin-nr.834P-din-05.03.2025-art.10.pdf
05.03.2025;834P;10960/2023;Copii minori: 2;Ordin-nr.834P-din-05.03.2025-art.10.pdf
05.03.2025;834P;10941/2023;;Ordin-nr.834P-din-05.03.2025-art.10.pdf
05.03.2025;834P;23314/2023;Copii minori: 2;Ordin-nr.834P-din-05.03.2025-art.10.pdf
05.03.2025;834P;8787/2023;;Ordin-nr.834P-din-05.03.2025-art.10.pdf
05.03.2025;834P;8759/2023;;Ordin-nr.834P-din-05.03.2025-art.10.pdf
05.03.2025;834P;10958/2023;;Ordin-nr.834P-din-05.03.2025-art.10.pdf
05.03.2025;834P;23309/2023;;Ordin-nr.834P-din-05.03.2025-art.10.pdf
05.03.2025;834P;8752/2023;;Ordin-nr.834P-din-05.03.2025-art.10.pdf
05.03.2025;834P;8790/2023;;Ordin-nr.834P-din-05.03.2025-art.10.pdf
05.03.2025;834P;23326/2023;Copii minori: 3;Ordin-nr.834P-din-05.03.2025-art.10.pdf
05.03.2025;834P;23298/2023;Copii minori: 3;Ordin-nr.834P-din-05.03.2025-art.10.pdf
05.03.2025;834P;10969/2023;;Ordin-nr.834P-din-05.03.2025-art.10.pdf
05.03.2025;834P;23345/2023;;Ordin-nr.834P-din-05.03.2025-art.10.pdf
05.03.2025;834P;23315/2023;Copii minori: 2;Ordin-nr.834P-din-05.03.2025-art.10.pdf
05.03.2025;834P;8816/2023;;Ordin-nr.834P-din-05.03.2025-art.10.pdf
05.03.2025;834P;23294/2023;Copii minori: 2;Ordin-nr.834P-din-05.03.2025-art.10.pdf
05.03.2025;834P;10929/2023;;Ordin-nr.834P-din-05.03.2025-art.10.pdf
05.03.2025;834P;40286/2021;Copii minori: 1;Ordin-nr.834P-din-05.03.2025-art.10.pdf
05.03.2025;834P;23310/2023;;Ordin-nr.834P-din-05.03.2025-art.10.pdf
05.03.2025;834P;8782/2023;;Ordin-nr.834P-din-05.03.2025-art.10.pdf
05.03.2025;834P;8803/2023;;Ordin-nr.834P-din-05.03.2025-art.10.pdf
05.03.2025;834P;23338/2023;;Ordin-nr.834P-din-05.03.2025-art.10.pdf
05.03.2025;834P;23338/2023;Copii minori: 1;Ordin-nr.834P-din-05.03.2025-art.10.pdf
05.03.2025;834P;23333/2023;;Ordin-nr.834P-din-05.03.2025-art.10.pdf
05.03.2025;834P;23316/2023;;Ordin-nr.834P-din-05.03.2025-art.10.pdf
12.02.2025;576P;16257/2022;;Ordin-576P-12.02.2025-art-10-1.pdf
12.02.2025;576P;18949/2022;Copii minori: 3;Ordin-576P-12.02.2025-art-10-1.pdf
12.02.2025;576P;16339/2022;;Ordin-576P-12.02.2025-art-10-1.pdf
12.02.2025;576P;19003/2022;;Ordin-576P-12.02.2025-art-10-1.pdf
12.02.2025;576P;19003/2022;Copii minori: 2;Ordin-576P-12.02.2025-art-10-1.pdf
12.02.2025;576P;11666/2022;;Ordin-576P-12.02.2025-art-10-1.pdf
12.02.2025;576P;21403/2022;;Ordin-576P-12.02.2025-art-10-1.pdf
12.02.2025;576P;3057/2022;;Ordin-576P-12.02.2025-art-10-1.pdf
12.02.2025;576P;16292/2022;;Ordin-576P-12.02.2025-art-10-1.pdf
12.02.2025;576P;16280/2022;;Ordin-576P-12.02.2025-art-10-1.pdf
12.02.2025;576P;19020/2022;;Ordin-576P-12.02.2025-art-10-1.pdf
12.02.2025;576P;19015/2022;;Ordin-576P-12.02.2025-art-10-1.pdf
12.02.2025;576P;16284/2022;;Ordin-576P-12.02.2025-art-10-1.pdf
12.02.2025;576P;18986/2022;;Ordin-576P-12.02.2025-art-10-1.pdf
12.02.2025;576P;18986/2022;;Ordin-576P-12.02.2025-art-10-1.pdf
12.02.2025;576P;16286/2022;;Ordin-576P-12.02.2025-art-10-1.pdf
12.02.2025;576P;16289/2022;;Ordin-576P-12.02.2025-art-10-1.pdf
12.02.2025;576P;19017/2022;;Ordin-576P-12.02.2025-art-10-1.pdf
12.02.2025;576P;19022/2022;;Ordin-576P-12.02.2025-art-10-1.pdf
12.02.2025;576P;19025/2022;;Ordin-576P-12.02.2025-art-10-1.pdf
12.02.2025;576P;19025/2022;Copii minori: 1;Ordin-576P-12.02.2025-art-10-1.pdf
12.02.2025;576P;16321/2022;;Ordin-576P-12.02.2025-art-10-1.pdf
12.02.2025;576P;18989/2022;;Ordin-576P-12.02.2025-art-10-1.pdf
12.02.2025;576P;18970/2022;;Ordin-576P-12.02.2025-art-10-1.pdf
12.02.2025;576P;19018/2022;;Ordin-576P-12.02.2025-art-10-1.pdf
12.02.2025;576P;19002/2022;;Ordin-576P-12.02.2025-art-10-1.pdf
12.02.2025;576P;19019/2022;;Ordin-576P-12.02.2025-art-10-1.pdf
12.02.2025;576P;19026/2022;;Ordin-576P-12.02.2025-art-10-1.pdf
12.02.2025;576P;16270/2022;Copii minori: 1;Ordin-576P-12.02.2025-art-10-1.pdf
12.02.2025;576P;16270/2022;;Ordin-576P-12.02.2025-art-10-1.pdf
12.02.2025;576P;19004/2022;;Ordin-576P-12.02.2025-art-10-1.pdf
12.02.2025;576P;16328/2022;;Ordin-576P-12.02.2025-art-10-1.pdf
12.02.2025;576P;18948/2022;;Ordin-576P-12.02.2025-art-10-1.pdf
12.02.2025;576P;28678/2023;;Ordin-576P-12.02.2025-art-10-1.pdf
12.02.2025;576P;19023/2022;;Ordin-576P-12.02.2025-art-10-1.pdf
12.02.2025;576P;19023/2022;;Ordin-576P-12.02.2025-art-10-1.pdf
12.02.2025;576P;16252/2022;;Ordin-576P-12.02.2025-art-10-1.pdf
12.02.2025;576P;19021/2022;;Ordin-576P-12.02.2025-art-10-1.pdf
04.02.2025;288P;21557/2023;;Ordin-nr.288P-04.02.2025-art-10-1.pdf
04.02.2025;288P;49291/2023;;Ordin-nr.288P-04.02.2025-art-10-1.pdf
04.02.2025;288P;9955/2022;;Ordin-nr.288P-04.02.2025-art-10-1.pdf
04.02.2025;288P;9946/2022;Copii minori: 1;Ordin-nr.288P-04.02.2025-art-10-1.pdf
04.02.2025;288P;36916/2023;;Ordin-nr.288P-04.02.2025-art-10-1.pdf
04.02.2025;288P;9959/2022;;Ordin-nr.288P-04.02.2025-art-10-1.pdf
04.02.2025;288P;9958/2022;;Ordin-nr.288P-04.02.2025-art-10-1.pdf
04.02.2025;288P;9956/2022;;Ordin-nr.288P-04.02.2025-art-10-1.pdf
04.02.2025;288P;9944/2022;;Ordin-nr.288P-04.02.2025-art-10-1.pdf
04.02.2025;288P;45560/2021;;Ordin-nr.288P-04.02.2025-art-10-1.pdf
04.02.2025;288P;45571/2021;;Ordin-nr.288P-04.02.2025-art-10-1.pdf
04.02.2025;288P;9952/2022;;Ordin-nr.288P-04.02.2025-art-10-1.pdf
04.02.2025;288P;9961/2022;;Ordin-nr.288P-04.02.2025-art-10-1.pdf
04.02.2025;288P;88466/2019;;Ordin-nr.288P-04.02.2025-art-10-1.pdf
04.02.2025;288P;9954/2022;;Ordin-nr.288P-04.02.2025-art-10-1.pdf
04.02.2025;288P;8499/2022;;Ordin-nr.288P-04.02.2025-art-10-1.pdf
04.02.2025;288P;9962/2022;Copii minori: 2;Ordin-nr.288P-04.02.2025-art-10-1.pdf
04.02.2025;288P;9957/2022;;Ordin-nr.288P-04.02.2025-art-10-1.pdf
04.02.2025;288P;9957/2022;Copii minori: 2;Ordin-nr.288P-04.02.2025-art-10-1.pdf
04.02.2025;288P;11743/2022;Copii minori: 1;Ordin-nr.288P-04.02.2025-art-10-1.pdf
04.02.2025;288P;9969/2022;;Ordin-nr.288P-04.02.2025-art-10-1.pdf
04.02.2025;288P;45228/2023;;Ordin-nr.288P-04.02.2025-art-10-1.pdf
04.02.2025;288P;9940/2022;;Ordin-nr.288P-04.02.2025-art-10-1.pdf
04.02.2025;288P;42431/2023;;Ordin-nr.288P-04.02.2025-art-10-1.pdf
04.02.2025;288P;9951/2022;;Ordin-nr.288P-04.02.2025-art-10-1.pdf
04.02.2025;288P;9943/2022;Copii minori: 2;Ordin-nr.288P-04.02.2025-art-10-1.pdf
04.02.2025;288P;9963/2022;;Ordin-nr.288P-04.02.2025-art-10-1.pdf
04.02.2025;288P;45565/2021;;Ordin-nr.288P-04.02.2025-art-10-1.pdf
04.02.2025;288P;45572/2021;;Ordin-nr.288P-04.02.2025-art-10-1.pdf
04.02.2025;288P;9947/2022;Copii minori: 2;Ordin-nr.288P-04.02.2025-art-10-1.pdf
04.02.2025;288P;9947/2022;;Ordin-nr.288P-04.02.2025-art-10-1.pdf
04.02.2025;288P;21548/2023;;Ordin-nr.288P-04.02.2025-art-10-1.pdf
04.02.2025;288P;9942/2022;;Ordin-nr.288P-04.02.2025-art-10-1.pdf
04.02.2025;288P;26760/2023;;Ordin-nr.288P-04.02.2025-art-10-1.pdf
04.02.2025;288P;32018/2023;;Ordin-nr.288P-04.02.2025-art-10-1.pdf
04.02.2025;288P;12675/2022;Copii minori: 1;Ordin-nr.288P-04.02.2025-art-10-1.pdf
04.02.2025;288P;9945/2022;Copii minori: 2;Ordin-nr.288P-04.02.2025-art-10-1.pdf
04.02.2025;288P;9964/2022;Copii minori: 2;Ordin-nr.288P-04.02.2025-art-10-1.pdf
04.02.2025;288P;9964/2022;;Ordin-nr.288P-04.02.2025-art-10-1.pdf
04.02.2025;288P;9948/2022;;Ordin-nr.288P-04.02.2025-art-10-1.pdf
04.02.2025;288P;9950/2022;;Ordin-nr.288P-04.02.2025-art-10-1.pdf
04.02.2025;288P;9960/2022;;Ordin-nr.288P-04.02.2025-art-10-1.pdf
04.02.2025;288P;9949/2022;;Ordin-nr.288P-04.02.2025-art-10-1.pdf
04.02.2025;288P;14678/2023;;Ordin-nr.288P-04.02.2025-art-10-1.pdf
04.02.2025;288P;28024/2023;;Ordin-nr.288P-04.02.2025-art-10-1.pdf
04.02.2025;288P;9968/2022;;Ordin-nr.288P-04.02.2025-art-10-1.pdf
04.02.2025;288P;16857/2023;Copii minori: 1;Ordin-nr.288P-04.02.2025-art-10-1.pdf
04.02.2025;286P;2656/2023;;Ordin-286P-04.02.2025-art.-10-1.pdf
04.02.2025;286P;30282/2022;;Ordin-286P-04.02.2025-art.-10-1.pdf
04.02.2025;286P;38678/2022;;Ordin-286P-04.02.2025-art.-10-1.pdf
04.02.2025;286P;2649/2023;Copii minori: 2;Ordin-286P-04.02.2025-art.-10-1.pdf
04.02.2025;286P;2649/2023;;Ordin-286P-04.02.2025-art.-10-1.pdf
04.02.2025;286P;2627/2023;;Ordin-286P-04.02.2025-art.-10-1.pdf
04.02.2025;286P;31464/2022;;Ordin-286P-04.02.2025-art.-10-1.pdf
04.02.2025;286P;31456/2022;;Ordin-286P-04.02.2025-art.-10-1.pdf
04.02.2025;286P;29629/2022;;Ordin-286P-04.02.2025-art.-10-1.pdf
04.02.2025;286P;29757/2022;;Ordin-286P-04.02.2025-art.-10-1.pdf
04.02.2025;286P;29757/2022;;Ordin-286P-04.02.2025-art.-10-1.pdf
04.02.2025;286P;2630/2023;Copii minori: 1;Ordin-286P-04.02.2025-art.-10-1.pdf
04.02.2025;286P;2269/2023;;Ordin-286P-04.02.2025-art.-10-1.pdf
04.02.2025;286P;2269/2023;;Ordin-286P-04.02.2025-art.-10-1.pdf
04.02.2025;286P;31467/2022;;Ordin-286P-04.02.2025-art.-10-1.pdf
04.02.2025;286P;31154/2022;;Ordin-286P-04.02.2025-art.-10-1.pdf
04.02.2025;286P;2517/2023;Copii minori: 2;Ordin-286P-04.02.2025-art.-10-1.pdf
04.02.2025;286P;2274/2023;Copii minori: 1;Ordin-286P-04.02.2025-art.-10-1.pdf
04.02.2025;286P;31462/2022;;Ordin-286P-04.02.2025-art.-10-1.pdf
04.02.2025;286P;30062/2022;Copii minori: 2;Ordin-286P-04.02.2025-art.-10-1.pdf
04.02.2025;286P;30062/2022;;Ordin-286P-04.02.2025-art.-10-1.pdf
04.02.2025;286P;2622/2023;Copii minori: 1;Ordin-286P-04.02.2025-art.-10-1.pdf
04.02.2025;286P;3195/2022;;Ordin-286P-04.02.2025-art.-10-1.pdf
04.02.2025;286P;2155/2023;;Ordin-286P-04.02.2025-art.-10-1.pdf
04.02.2025;286P;2158/2023;;Ordin-286P-04.02.2025-art.-10-1.pdf
04.02.2025;286P;29630/2022;;Ordin-286P-04.02.2025-art.-10-1.pdf
04.02.2025;286P;31471/2022;;Ordin-286P-04.02.2025-art.-10-1.pdf
04.02.2025;286P;38631/2022;;Ordin-286P-04.02.2025-art.-10-1.pdf
04.02.2025;286P;31458/2022;;Ordin-286P-04.02.2025-art.-10-1.pdf
04.02.2025;286P;2619/2023;Copii minori: 1;Ordin-286P-04.02.2025-art.-10-1.pdf
04.02.2025;286P;31156/2022;;Ordin-286P-04.02.2025-art.-10-1.pdf
04.02.2025;286P;31476/2022;Copii minori: 2;Ordin-286P-04.02.2025-art.-10-1.pdf
04.02.2025;286P;30546/2022;;Ordin-286P-04.02.2025-art.-10-1.pdf
04.02.2025;286P;30537/2022;;Ordin-286P-04.02.2025-art.-10-1.pdf
04.02.2025;286P;31466/2022;;Ordin-286P-04.02.2025-art.-10-1.pdf
04.02.2025;286P;31479/2022;;Ordin-286P-04.02.2025-art.-10-1.pdf
04.02.2025;286P;2521/2023;;Ordin-286P-04.02.2025-art.-10-1.pdf
04.02.2025;286P;2521/2023;;Ordin-286P-04.02.2025-art.-10-1.pdf
04.02.2025;286P;38615/2022;Copii minori: 1;Ordin-286P-04.02.2025-art.-10-1.pdf
04.02.2025;286P;38723/2022;;Ordin-286P-04.02.2025-art.-10-1.pdf
04.02.2025;286P;31159/2022;;Ordin-286P-04.02.2025-art.-10-1.pdf
04.02.2025;286P;31478/2022;;Ordin-286P-04.02.2025-art.-10-1.pdf
04.02.2025;286P;29628/2022;;Ordin-286P-04.02.2025-art.-10-1.pdf
04.02.2025;286P;2380/2023;Copii minori: 1;Ordin-286P-04.02.2025-art.-10-1.pdf
04.02.2025;286P;2380/2023;;Ordin-286P-04.02.2025-art.-10-1.pdf
04.02.2025;286P;31473/2022;Copii minori: 2;Ordin-286P-04.02.2025-art.-10-1.pdf
04.02.2025;286P;30099/2022;;Ordin-286P-04.02.2025-art.-10-1.pdf
04.02.2025;286P;30096/2022;;Ordin-286P-04.02.2025-art.-10-1.pdf
04.02.2025;286P;30096/2022;Copii minori: 2;Ordin-286P-04.02.2025-art.-10-1.pdf
04.02.2025;286P;2647/2023;;Ordin-286P-04.02.2025-art.-10-1.pdf
04.02.2025;286P;2151/2023;;Ordin-286P-04.02.2025-art.-10-1.pdf
04.02.2025;286P;2151/2023;Copii minori: 1;Ordin-286P-04.02.2025-art.-10-1.pdf
04.02.2025;286P;31465/2022;;Ordin-286P-04.02.2025-art.-10-1.pdf
04.02.2025;286P;2531/2023;;Ordin-286P-04.02.2025-art.-10-1.pdf
04.02.2025;286P;2102/2023;;Ordin-286P-04.02.2025-art.-10-1.pdf
04.02.2025;286P;2100/2023;;Ordin-286P-04.02.2025-art.-10-1.pdf
04.02.2025;286P;31454/2022;Copii minori: 1;Ordin-286P-04.02.2025-art.-10-1.pdf
04.02.2025;286P;31468/2022;;Ordin-286P-04.02.2025-art.-10-1.pdf
04.02.2025;286P;31463/2022;;Ordin-286P-04.02.2025-art.-10-1.pdf
04.02.2025;286P;29715/2022;;Ordin-286P-04.02.2025-art.-10-1.pdf
04.02.2025;286P;30286/2022;;Ordin-286P-04.02.2025-art.-10-1.pdf
23.01.2025;142P;37819/2022;;Ordin-142P-23.01.2025-art.10.pdf
23.01.2025;142P;33183/2022;Copii minori: 1;Ordin-142P-23.01.2025-art.10.pdf
23.01.2025;142P;33183/2022;;Ordin-142P-23.01.2025-art.10.pdf
23.01.2025;142P;34/2023;;Ordin-142P-23.01.2025-art.10.pdf
23.01.2025;142P;38/2023;;Ordin-142P-23.01.2025-art.10.pdf
23.01.2025;142P;2997/2023;;Ordin-142P-23.01.2025-art.10.pdf
23.01.2025;142P;3258/2023;;Ordin-142P-23.01.2025-art.10.pdf
23.01.2025;142P;3253/2023;;Ordin-142P-23.01.2025-art.10.pdf
23.01.2025;142P;3261/2023;;Ordin-142P-23.01.2025-art.10.pdf
23.01.2025;142P;3361/2023;;Ordin-142P-23.01.2025-art.10.pdf
23.01.2025;142P;3237/2023;;Ordin-142P-23.01.2025-art.10.pdf
23.01.2025;142P;3240/2023;Copii minori: 1;Ordin-142P-23.01.2025-art.10.pdf
23.01.2025;142P;33389/2022;;Ordin-142P-23.01.2025-art.10.pdf
23.01.2025;142P;37911/2022;;Ordin-142P-23.01.2025-art.10.pdf
23.01.2025;142P;37911/2022;;Ordin-142P-23.01.2025-art.10.pdf
23.01.2025;142P;33404/2022;Copii minori: 2;Ordin-142P-23.01.2025-art.10.pdf
23.01.2025;142P;3356/2023;;Ordin-142P-23.01.2025-art.10.pdf
23.01.2025;142P;33217/2022;Copii minori: 2;Ordin-142P-23.01.2025-art.10.pdf
23.01.2025;142P;3002/2023;;Ordin-142P-23.01.2025-art.10.pdf
23.01.2025;142P;143/2023;;Ordin-142P-23.01.2025-art.10.pdf
23.01.2025;142P;37787/2022;;Ordin-142P-23.01.2025-art.10.pdf
23.01.2025;142P;37909/2022;Copii minori: 1;Ordin-142P-23.01.2025-art.10.pdf
23.01.2025;142P;77/2023;Copii minori: 2;Ordin-142P-23.01.2025-art.10.pdf
23.01.2025;142P;3014/2023;Copii minori: 1;Ordin-142P-23.01.2025-art.10.pdf
23.01.2025;142P;37801/2022;;Ordin-142P-23.01.2025-art.10.pdf
23.01.2025;142P;37848/2022;;Ordin-142P-23.01.2025-art.10.pdf
23.01.2025;142P;37803/2022;;Ordin-142P-23.01.2025-art.10.pdf
23.01.2025;142P;3247/2023;;Ordin-142P-23.01.2025-art.10.pdf
23.01.2025;142P;3252/2023;;Ordin-142P-23.01.2025-art.10.pdf
23.01.2025;142P;3245/2023;;Ordin-142P-23.01.2025-art.10.pdf
23.01.2025;142P;37829/2022;;Ordin-142P-23.01.2025-art.10.pdf
23.01.2025;142P;3345/2023;Copii minori: 2;Ordin-142P-23.01.2025-art.10.pdf
23.01.2025;142P;33218/2022;;Ordin-142P-23.01.2025-art.10.pdf
23.01.2025;142P;37963/2022;Copii minori: 1;Ordin-142P-23.01.2025-art.10.pdf
23.01.2025;142P;3350/2023;;Ordin-142P-23.01.2025-art.10.pdf
23.01.2025;142P;3343/2023;Copii minori: 1;Ordin-142P-23.01.2025-art.10.pdf
23.01.2025;142P;37908/2022;;Ordin-142P-23.01.2025-art.10.pdf
23.01.2025;142P;37908/2022;;Ordin-142P-23.01.2025-art.10.pdf
23.01.2025;142P;47/2023;;Ordin-142P-23.01.2025-art.10.pdf
23.01.2025;142P;67/2023;;Ordin-142P-23.01.2025-art.10.pdf
23.01.2025;142P;69/2023;;Ordin-142P-23.01.2025-art.10.pdf
23.01.2025;142P;37808/2022;;Ordin-142P-23.01.2025-art.10.pdf
23.01.2025;142P;37827/2022;;Ordin-142P-23.01.2025-art.10.pdf
23.01.2025;142P;37845/2022;;Ordin-142P-23.01.2025-art.10.pdf
23.01.2025;142P;33210/2022;Copii minori: 1;Ordin-142P-23.01.2025-art.10.pdf
23.01.2025;142P;33481/2022;Copii minori: 1;Ordin-142P-23.01.2025-art.10.pdf
23.01.2025;142P;600/2023;Copii minori: 1;Ordin-142P-23.01.2025-art.10.pdf
23.01.2025;142P;3267/2023;Copii minori: 1;Ordin-142P-23.01.2025-art.10.pdf
23.01.2025;142P;33477/2022;Copii minori: 2;Ordin-142P-23.01.2025-art.10.pdf
23.01.2025;140P;11002/2023;;Ordin-140P-23.01.2025-Art.-10.pdf
23.01.2025;140P;11002/2023;;Ordin-140P-23.01.2025-Art.-10.pdf
23.01.2025;140P;4779/2022;;Ordin-140P-23.01.2025-Art.-10.pdf
23.01.2025;140P;12215/2023;Copii minori: 3;Ordin-140P-23.01.2025-Art.-10.pdf
23.01.2025;140P;12210/2023;;Ordin-140P-23.01.2025-Art.-10.pdf
23.01.2025;140P;12216/2023;;Ordin-140P-23.01.2025-Art.-10.pdf
23.01.2025;140P;12220/2023;;Ordin-140P-23.01.2025-Art.-10.pdf
23.01.2025;140P;1543/2023;Copii minori: 1;Ordin-140P-23.01.2025-Art.-10.pdf
23.01.2025;140P;1602/2023;Copii minori: 1;Ordin-140P-23.01.2025-Art.-10.pdf
23.01.2025;140P;11069/2023;;Ordin-140P-23.01.2025-Art.-10.pdf
23.01.2025;140P;11049/2023;;Ordin-140P-23.01.2025-Art.-10.pdf
23.01.2025;140P;1498/2023;Copii minori: 2;Ordin-140P-23.01.2025-Art.-10.pdf
23.01.2025;140P;1506/2023;;Ordin-140P-23.01.2025-Art.-10.pdf
23.01.2025;140P;9479/2023;;Ordin-140P-23.01.2025-Art.-10.pdf
23.01.2025;140P;39393/2022;;Ordin-140P-23.01.2025-Art.-10.pdf
23.01.2025;140P;39382/2022;;Ordin-140P-23.01.2025-Art.-10.pdf
23.01.2025;140P;3816/2023;;Ordin-140P-23.01.2025-Art.-10.pdf
23.01.2025;140P;3794/2023;;Ordin-140P-23.01.2025-Art.-10.pdf
23.01.2025;140P;16252/2023;;Ordin-140P-23.01.2025-Art.-10.pdf
23.01.2025;140P;3822/2023;Copii minori: 1;Ordin-140P-23.01.2025-Art.-10.pdf
23.01.2025;140P;3788/2023;Copii minori: 1;Ordin-140P-23.01.2025-Art.-10.pdf
23.01.2025;140P;3819/2023;;Ordin-140P-23.01.2025-Art.-10.pdf
23.01.2025;140P;1627/2023;;Ordin-140P-23.01.2025-Art.-10.pdf
23.01.2025;140P;1631/2023;;Ordin-140P-23.01.2025-Art.-10.pdf
23.01.2025;140P;10209/2023;;Ordin-140P-23.01.2025-Art.-10.pdf
23.01.2025;140P;10143/2023;;Ordin-140P-23.01.2025-Art.-10.pdf
23.01.2025;140P;11341/2023;;Ordin-140P-23.01.2025-Art.-10.pdf
23.01.2025;140P;11347/2023;Copii minori: 3;Ordin-140P-23.01.2025-Art.-10.pdf
23.01.2025;140P;11345/2023;Copii minori: 2;Ordin-140P-23.01.2025-Art.-10.pdf
23.01.2025;140P;12206/2023;;Ordin-140P-23.01.2025-Art.-10.pdf
23.01.2025;140P;9786/2021;Copii minori: 2;Ordin-140P-23.01.2025-Art.-10.pdf
23.01.2025;140P;10981/2023;;Ordin-140P-23.01.2025-Art.-10.pdf
23.01.2025;140P;1611/2023;Copii minori: 2;Ordin-140P-23.01.2025-Art.-10.pdf
23.01.2025;140P;3798/2023;;Ordin-140P-23.01.2025-Art.-10.pdf
23.01.2025;140P;1619/2023;Copii minori: 1;Ordin-140P-23.01.2025-Art.-10.pdf
23.01.2025;140P;1085/2022;;Ordin-140P-23.01.2025-Art.-10.pdf
23.01.2025;140P;4779/2022;;Ordin-140P-23.01.2025-Art.-10.pdf
23.01.2025;140P;1085/2022;;Ordin-140P-23.01.2025-Art.-10.pdf
23.01.2025;140P;11323/2023;Copii minori: 3;Ordin-140P-23.01.2025-Art.-10.pdf
23.01.2025;140P;10945/2023;;Ordin-140P-23.01.2025-Art.-10.pdf
23.01.2025;140P;10156/2023;Copii minori: 2;Ordin-140P-23.01.2025-Art.-10.pdf
23.01.2025;140P;10156/2023;;Ordin-140P-23.01.2025-Art.-10.pdf
23.01.2025;140P;10203/2023;;Ordin-140P-23.01.2025-Art.-10.pdf
23.01.2025;140P;10209/2023;Copii minori: 1;Ordin-140P-23.01.2025-Art.-10.pdf
23.01.2025;140P;10203/2023;;Ordin-140P-23.01.2025-Art.-10.pdf
23.01.2025;140P;1497/2023;;Ordin-140P-23.01.2025-Art.-10.pdf
23.01.2025;140P;10977/2023;;Ordin-140P-23.01.2025-Art.-10.pdf
23.01.2025;140P;17850/2023;;Ordin-140P-23.01.2025-Art.-10.pdf
23.01.2025;140P;1502/2023;Copii minori: 1;Ordin-140P-23.01.2025-Art.-10.pdf
23.01.2025;140P;1502/2023;;Ordin-140P-23.01.2025-Art.-10.pdf
23.01.2025;140P;3833/2023;;Ordin-140P-23.01.2025-Art.-10.pdf
23.01.2025;140P;10196/2023;Copii minori: 2;Ordin-140P-23.01.2025-Art.-10.pdf
23.01.2025;140P;10152/2023;;Ordin-140P-23.01.2025-Art.-10.pdf
23.01.2025;140P;10146/2023;;Ordin-140P-23.01.2025-Art.-10.pdf
23.01.2025;140P;23439/2022;Copii minori: 1;Ordin-140P-23.01.2025-Art.-10.pdf
23.01.2025;140P;19830/2023;Copii minori: 2;Ordin-140P-23.01.2025-Art.-10.pdf
23.01.2025;140P;19830/2023;;Ordin-140P-23.01.2025-Art.-10.pdf
24.12.2024;2715P;97278/2019;;Ordin-nr.-2715-din-24.12.2024.pdf
24.12.2024;2715P;28494/2021;;Ordin-nr.-2715-din-24.12.2024.pdf
24.12.2024;2715P;28494/2021;;Ordin-nr.-2715-din-24.12.2024.pdf
16.12.2024;2585P;16758/2021;;Ordin-2585P-16.12.2024-art-10.pdf
16.12.2024;2585P;16759/2021;;Ordin-2585P-16.12.2024-art-10.pdf
16.12.2024;2585P;10938/2023;;Ordin-2585P-16.12.2024-art-10.pdf
16.12.2024;2585P;17022/2023;Copii minori: 2;Ordin-2585P-16.12.2024-art-10.pdf
16.12.2024;2585P;956/2023;Copii minori: 1;Ordin-2585P-16.12.2024-art-10.pdf
16.12.2024;2585P;38985/2022;;Ordin-2585P-16.12.2024-art-10.pdf
16.12.2024;2585P;8767/2023;;Ordin-2585P-16.12.2024-art-10.pdf
16.12.2024;2585P;106/2023;;Ordin-2585P-16.12.2024-art-10.pdf
16.12.2024;2585P;23653/2023;;Ordin-2585P-16.12.2024-art-10.pdf
16.12.2024;2585P;19828/2023;;Ordin-2585P-16.12.2024-art-10.pdf
16.12.2024;2585P;10990/2023;;Ordin-2585P-16.12.2024-art-10.pdf
16.12.2024;2585P;23721/2023;;Ordin-2585P-16.12.2024-art-10.pdf
16.12.2024;2585P;23666/2023;;Ordin-2585P-16.12.2024-art-10.pdf
16.12.2024;2585P;37771/2022;;Ordin-2585P-16.12.2024-art-10.pdf
16.12.2024;2585P;23347/2023;;Ordin-2585P-16.12.2024-art-10.pdf
16.12.2024;2585P;14068/2022;;Ordin-2585P-16.12.2024-art-10.pdf
16.12.2024;2585P;27733/2022;;Ordin-2585P-16.12.2024-art-10.pdf
16.12.2024;2585P;27759/2022;;Ordin-2585P-16.12.2024-art-10.pdf
16.12.2024;2585P;13863/2022;Copii minori: 1;Ordin-2585P-16.12.2024-art-10.pdf
16.12.2024;2585P;27792/2022;;Ordin-2585P-16.12.2024-art-10.pdf
16.12.2024;2585P;19392/2023;;Ordin-2585P-16.12.2024-art-10.pdf
16.12.2024;2585P;23654/2023;;Ordin-2585P-16.12.2024-art-10.pdf
16.12.2024;2585P;19358/2023;;Ordin-2585P-16.12.2024-art-10.pdf
16.12.2024;2585P;19086/2023;;Ordin-2585P-16.12.2024-art-10.pdf
16.12.2024;2585P;19086/2023;Copii minori: 2;Ordin-2585P-16.12.2024-art-10.pdf
16.12.2024;2585P;37822/2022;;Ordin-2585P-16.12.2024-art-10.pdf
16.12.2024;2585P;37791/2022;;Ordin-2585P-16.12.2024-art-10.pdf
16.12.2024;2585P;23350/2023;;Ordin-2585P-16.12.2024-art-10.pdf
16.12.2024;2585P;23656/2023;;Ordin-2585P-16.12.2024-art-10.pdf
16.12.2024;2585P;27755/2022;;Ordin-2585P-16.12.2024-art-10.pdf
16.12.2024;2585P;27722/2022;Copii minori: 1;Ordin-2585P-16.12.2024-art-10.pdf
16.12.2024;2585P;27729/2022;Copii minori: 1;Ordin-2585P-16.12.2024-art-10.pdf
16.12.2024;2585P;20450/2023;;Ordin-2585P-16.12.2024-art-10.pdf
16.12.2024;2585P;23696/2023;;Ordin-2585P-16.12.2024-art-10.pdf
16.12.2024;2585P;23696/2023;;Ordin-2585P-16.12.2024-art-10.pdf
16.12.2024;2585P;23696/2023;Copii minori: 1;Ordin-2585P-16.12.2024-art-10.pdf
16.12.2024;2585P;20110/2023;;Ordin-2585P-16.12.2024-art-10.pdf
16.12.2024;2585P;23673/2023;;Ordin-2585P-16.12.2024-art-10.pdf
16.12.2024;2585P;10998/2023;;Ordin-2585P-16.12.2024-art-10.pdf
16.12.2024;2585P;10928/2023;Copii minori: 3;Ordin-2585P-16.12.2024-art-10.pdf
16.12.2024;2585P;23672/2023;;Ordin-2585P-16.12.2024-art-10.pdf
16.12.2024;2585P;23689/2023;;Ordin-2585P-16.12.2024-art-10.pdf
16.12.2024;2585P;23650/2023;;Ordin-2585P-16.12.2024-art-10.pdf
16.12.2024;2585P;17018/2023;;Ordin-2585P-16.12.2024-art-10.pdf
16.12.2024;2585P;27724/2022;;Ordin-2585P-16.12.2024-art-10.pdf
16.12.2024;2585P;27705/2022;;Ordin-2585P-16.12.2024-art-10.pdf
16.12.2024;2585P;8774/2023;;Ordin-2585P-16.12.2024-art-10.pdf
16.12.2024;2585P;8753/2023;;Ordin-2585P-16.12.2024-art-10.pdf
16.12.2024;2585P;23440/2023;;Ordin-2585P-16.12.2024-art-10.pdf
16.12.2024;2585P;15923/2021;;Ordin-2585P-16.12.2024-art-10.pdf
16.12.2024;2585P;15919/2021;Copii minori: 1;Ordin-2585P-16.12.2024-art-10.pdf
16.12.2024;2585P;14461/2022;;Ordin-2585P-16.12.2024-art-10.pdf
16.12.2024;2585P;23646/2023;;Ordin-2585P-16.12.2024-art-10.pdf
16.12.2024;2585P;46477/2019;;Ordin-2585P-16.12.2024-art-10.pdf
16.12.2024;2585P;20074/2023;;Ordin-2585P-16.12.2024-art-10.pdf
16.12.2024;2585P;19097/2022;;Ordin-2585P-16.12.2024-art-10.pdf
16.12.2024;2585P;21406/2022;;Ordin-2585P-16.12.2024-art-10.pdf
16.12.2024;2585P;14467/2022;Copii minori: 1;Ordin-2585P-16.12.2024-art-10.pdf
16.12.2024;2585P;23690/2023;;Ordin-2585P-16.12.2024-art-10.pdf
16.12.2024;2585P;23690/2023;;Ordin-2585P-16.12.2024-art-10.pdf
16.12.2024;2585P;14589/2022;;Ordin-2585P-16.12.2024-art-10.pdf
16.12.2024;2585P;14587/2022;;Ordin-2585P-16.12.2024-art-10.pdf
16.12.2024;2585P;23669/2023;;Ordin-2585P-16.12.2024-art-10.pdf
16.12.2024;2585P;23511/2022;;Ordin-2585P-16.12.2024-art-10.pdf
16.12.2024;2585P;14674/2022;Copii minori: 3;Ordin-2585P-16.12.2024-art-10.pdf
16.12.2024;2585P;20489/2023;;Ordin-2585P-16.12.2024-art-10.pdf
16.12.2024;2585P;13840/2022;;Ordin-2585P-16.12.2024-art-10.pdf
16.12.2024;2585P;13841/2022;;Ordin-2585P-16.12.2024-art-10.pdf
16.12.2024;2585P;1178/2023;;Ordin-2585P-16.12.2024-art-10.pdf
16.12.2024;2585P;19188/2023;;Ordin-2585P-16.12.2024-art-10.pdf
16.12.2024;2585P;15913/2021;Copii minori: 1;Ordin-2585P-16.12.2024-art-10.pdf
16.12.2024;2585P;8800/2023;;Ordin-2585P-16.12.2024-art-10.pdf
16.12.2024;2585P;8802/2023;;Ordin-2585P-16.12.2024-art-10.pdf
16.12.2024;2585P;10930/2023;;Ordin-2585P-16.12.2024-art-10.pdf
16.12.2024;2585P;23348/2023;;Ordin-2585P-16.12.2024-art-10.pdf
16.12.2024;2585P;23717/2023;;Ordin-2585P-16.12.2024-art-10.pdf
16.12.2024;2585P;23658/2023;;Ordin-2585P-16.12.2024-art-10.pdf
16.12.2024;2585P;8760/2023;;Ordin-2585P-16.12.2024-art-10.pdf
16.12.2024;2585P;34296/2022;Copii minori: 2;Ordin-2585P-16.12.2024-art-10.pdf
16.12.2024;2585P;466/2023;;Ordin-2585P-16.12.2024-art-10.pdf
16.12.2024;2585P;27715/2022;;Ordin-2585P-16.12.2024-art-10.pdf
16.12.2024;2585P;19045/2023;;Ordin-2585P-16.12.2024-art-10.pdf
16.12.2024;2585P;19051/2023;;Ordin-2585P-16.12.2024-art-10.pdf
16.12.2024;2585P;10583/2023;;Ordin-2585P-16.12.2024-art-10.pdf
16.12.2024;2585P;23497/2022;;Ordin-2585P-16.12.2024-art-10.pdf
16.12.2024;2585P;7449/2023;;Ordin-2585P-16.12.2024-art-10.pdf
16.12.2024;2585P;23701/2023;;Ordin-2585P-16.12.2024-art-10.pdf
16.12.2024;2585P;8897/2023;;Ordin-2585P-16.12.2024-art-10.pdf
16.12.2024;2585P;10961/2023;Copii minori: 3;Ordin-2585P-16.12.2024-art-10.pdf
16.12.2024;2585P;23441/2023;;Ordin-2585P-16.12.2024-art-10.pdf
16.12.2024;2585P;10967/2023;;Ordin-2585P-16.12.2024-art-10.pdf
16.12.2024;2585P;19190/2023;;Ordin-2585P-16.12.2024-art-10.pdf
16.12.2024;2585P;39765/2022;;Ordin-2585P-16.12.2024-art-10.pdf
16.12.2024;2585P;19416/2023;;Ordin-2585P-16.12.2024-art-10.pdf
16.12.2024;2585P;9857/2023;;Ordin-2585P-16.12.2024-art-10.pdf
16.12.2024;2585P;23436/2023;;Ordin-2585P-16.12.2024-art-10.pdf
16.12.2024;2585P;8437/2023;;Ordin-2585P-16.12.2024-art-10.pdf
16.12.2024;2585P;8442/2023;;Ordin-2585P-16.12.2024-art-10.pdf
16.12.2024;2585P;29553/2022;;Ordin-2585P-16.12.2024-art-10.pdf
16.12.2024;2585P;23698/2023;;Ordin-2585P-16.12.2024-art-10.pdf
16.12.2024;2585P;17779/2023;;Ordin-2585P-16.12.2024-art-10.pdf
16.12.2024;2585P;27756/2022;Copii minori: 2;Ordin-2585P-16.12.2024-art-10.pdf
16.12.2024;2585P;27874/2022;;Ordin-2585P-16.12.2024-art-10.pdf
16.12.2024;2585P;28647/2023;;Ordin-2585P-16.12.2024-art-10.pdf
16.12.2024;2585P;17646/2023;;Ordin-2585P-16.12.2024-art-10.pdf
16.12.2024;2585P;23438/2023;;Ordin-2585P-16.12.2024-art-10.pdf
16.12.2024;2585P;23426/2023;Copii minori: 2;Ordin-2585P-16.12.2024-art-10.pdf
16.12.2024;2585P;10996/2023;;Ordin-2585P-16.12.2024-art-10.pdf
16.12.2024;2585P;19184/2023;;Ordin-2585P-16.12.2024-art-10.pdf
16.12.2024;2585P;17855/2023;Copii minori: 2;Ordin-2585P-16.12.2024-art-10.pdf
16.12.2024;2585P;21061/2022;Copii minori: 2;Ordin-2585P-16.12.2024-art-10.pdf
16.12.2024;2585P;36562/2022;Copii minori: 2;Ordin-2585P-16.12.2024-art-10.pdf
16.12.2024;2585P;14475/2022;;Ordin-2585P-16.12.2024-art-10.pdf
16.12.2024;2585P;14476/2022;;Ordin-2585P-16.12.2024-art-10.pdf
16.12.2024;2585P;8725/2023;Copii minori: 1;Ordin-2585P-16.12.2024-art-10.pdf
16.12.2024;2585P;19512/2023;;Ordin-2585P-16.12.2024-art-10.pdf
16.12.2024;2585P;19192/2023;;Ordin-2585P-16.12.2024-art-10.pdf
16.12.2024;2585P;1182/2023;;Ordin-2585P-16.12.2024-art-10.pdf
16.12.2024;2585P;10968/2023;;Ordin-2585P-16.12.2024-art-10.pdf
16.12.2024;2585P;10984/2023;Copii minori: 2;Ordin-2585P-16.12.2024-art-10.pdf
16.12.2024;2585P;21066/2022;;Ordin-2585P-16.12.2024-art-10.pdf
16.12.2024;2585P;21066/2022;Copii minori: 1;Ordin-2585P-16.12.2024-art-10.pdf
16.12.2024;2585P;23649/2023;;Ordin-2585P-16.12.2024-art-10.pdf
16.12.2024;2585P;13915/2022;;Ordin-2585P-16.12.2024-art-10.pdf
16.12.2024;2585P;27760/2022;;Ordin-2585P-16.12.2024-art-10.pdf
16.12.2024;2585P;14676/2022;Copii minori: 2;Ordin-2585P-16.12.2024-art-10.pdf
16.12.2024;2585P;14676/2022;;Ordin-2585P-16.12.2024-art-10.pdf
16.12.2024;2585P;19098/2022;;Ordin-2585P-16.12.2024-art-10.pdf
16.12.2024;2585P;17858/2023;;Ordin-2585P-16.12.2024-art-10.pdf
16.12.2024;2585P;27740/2022;;Ordin-2585P-16.12.2024-art-10.pdf
16.12.2024;2585P;15926/2021;;Ordin-2585P-16.12.2024-art-10.pdf
16.12.2024;2585P;23433/2023;;Ordin-2585P-16.12.2024-art-10.pdf
16.12.2024;2585P;19078/2023;;Ordin-2585P-16.12.2024-art-10.pdf
16.12.2024;2585P;19078/2023;Copii minori: 2;Ordin-2585P-16.12.2024-art-10.pdf
16.12.2024;2585P;23667/2023;;Ordin-2585P-16.12.2024-art-10.pdf
16.12.2024;2585P;23645/2023;;Ordin-2585P-16.12.2024-art-10.pdf
16.12.2024;2585P;10966/2023;;Ordin-2585P-16.12.2024-art-10.pdf
16.12.2024;2585P;10950/2023;;Ordin-2585P-16.12.2024-art-10.pdf
16.12.2024;2585P;1840/2023;;Ordin-2585P-16.12.2024-art-10.pdf
16.12.2024;2585P;7553/2023;;Ordin-2585P-16.12.2024-art-10.pdf
16.12.2024;2585P;14309/2022;;Ordin-2585P-16.12.2024-art-10.pdf
12.12.2024;2539P;13835/2022;;Ordin-nr.2539P-din-12.12.2024-art-10.pdf
12.12.2024;2539P;13819/2022;;Ordin-nr.2539P-din-12.12.2024-art-10.pdf
12.12.2024;2539P;21442/2022;Copii minori: 2;Ordin-nr.2539P-din-12.12.2024-art-10.pdf
12.12.2024;2539P;13824/2022;;Ordin-nr.2539P-din-12.12.2024-art-10.pdf
12.12.2024;2539P;13815/2022;;Ordin-nr.2539P-din-12.12.2024-art-10.pdf
12.12.2024;2539P;13829/2022;Copii minori: 3;Ordin-nr.2539P-din-12.12.2024-art-10.pdf
12.12.2024;2539P;19052/2022;;Ordin-nr.2539P-din-12.12.2024-art-10.pdf
12.12.2024;2539P;18934/2022;Copii minori: 1;Ordin-nr.2539P-din-12.12.2024-art-10.pdf
12.12.2024;2539P;13828/2022;;Ordin-nr.2539P-din-12.12.2024-art-10.pdf
12.12.2024;2539P;13828/2022;;Ordin-nr.2539P-din-12.12.2024-art-10.pdf
12.12.2024;2539P;16305/2022;;Ordin-nr.2539P-din-12.12.2024-art-10.pdf
12.12.2024;2539P;13827/2022;;Ordin-nr.2539P-din-12.12.2024-art-10.pdf
12.12.2024;2539P;16263/2022;;Ordin-nr.2539P-din-12.12.2024-art-10.pdf
12.12.2024;2539P;16248/2022;;Ordin-nr.2539P-din-12.12.2024-art-10.pdf
12.12.2024;2539P;13825/2022;;Ordin-nr.2539P-din-12.12.2024-art-10.pdf
12.12.2024;2539P;21463/2022;;Ordin-nr.2539P-din-12.12.2024-art-10.pdf
12.12.2024;2539P;13836/2022;;Ordin-nr.2539P-din-12.12.2024-art-10.pdf
12.12.2024;2539P;13838/2022;;Ordin-nr.2539P-din-12.12.2024-art-10.pdf
12.12.2024;2539P;13806/2022;;Ordin-nr.2539P-din-12.12.2024-art-10.pdf
12.12.2024;2539P;13820/2022;;Ordin-nr.2539P-din-12.12.2024-art-10.pdf
12.12.2024;2539P;19016/2022;;Ordin-nr.2539P-din-12.12.2024-art-10.pdf
12.12.2024;2539P;21426/2022;;Ordin-nr.2539P-din-12.12.2024-art-10.pdf
12.12.2024;2539P;19024/2022;;Ordin-nr.2539P-din-12.12.2024-art-10.pdf
12.12.2024;2539P;19035/2022;;Ordin-nr.2539P-din-12.12.2024-art-10.pdf
12.12.2024;2539P;19072/2022;;Ordin-nr.2539P-din-12.12.2024-art-10.pdf
12.12.2024;2539P;18954/2022;;Ordin-nr.2539P-din-12.12.2024-art-10.pdf
12.12.2024;2539P;18943/2022;;Ordin-nr.2539P-din-12.12.2024-art-10.pdf
12.12.2024;2539P;19041/2022;;Ordin-nr.2539P-din-12.12.2024-art-10.pdf
12.12.2024;2539P;13830/2022;;Ordin-nr.2539P-din-12.12.2024-art-10.pdf
12.12.2024;2539P;16248/2022;Copii minori: 1;Ordin-nr.2539P-din-12.12.2024-art-10.pdf
12.12.2024;2539P;16299/2022;Copii minori: 1;Ordin-nr.2539P-din-12.12.2024-art-10.pdf
12.12.2024;2539P;13821/2022;;Ordin-nr.2539P-din-12.12.2024-art-10.pdf
12.12.2024;2539P;13831/2022;Copii minori: 1;Ordin-nr.2539P-din-12.12.2024-art-10.pdf
12.12.2024;2539P;13811/2022;;Ordin-nr.2539P-din-12.12.2024-art-10.pdf
12.12.2024;2539P;13808/2022;;Ordin-nr.2539P-din-12.12.2024-art-10.pdf
12.12.2024;2539P;13833/2022;;Ordin-nr.2539P-din-12.12.2024-art-10.pdf
12.12.2024;2539P;21417/2022;;Ordin-nr.2539P-din-12.12.2024-art-10.pdf
12.12.2024;2539P;13812/2022;;Ordin-nr.2539P-din-12.12.2024-art-10.pdf
12.12.2024;2539P;13823/2022;;Ordin-nr.2539P-din-12.12.2024-art-10.pdf
12.12.2024;2539P;13826/2022;;Ordin-nr.2539P-din-12.12.2024-art-10.pdf
12.12.2024;2539P;13818/2022;Copii minori: 2;Ordin-nr.2539P-din-12.12.2024-art-10.pdf
12.12.2024;2539P;13804/2022;Copii minori: 1;Ordin-nr.2539P-din-12.12.2024-art-10.pdf
12.12.2024;2539P;21429/2022;;Ordin-nr.2539P-din-12.12.2024-art-10.pdf
12.12.2024;2539P;18958/2022;;Ordin-nr.2539P-din-12.12.2024-art-10.pdf
12.12.2024;2539P;18961/2022;;Ordin-nr.2539P-din-12.12.2024-art-10.pdf
12.12.2024;2539P;19000/2022;Copii minori: 1;Ordin-nr.2539P-din-12.12.2024-art-10.pdf
12.12.2024;2539P;13807/2022;;Ordin-nr.2539P-din-12.12.2024-art-10.pdf
12.12.2024;2539P;13832/2022;;Ordin-nr.2539P-din-12.12.2024-art-10.pdf
12.12.2024;2539P;13809/2022;;Ordin-nr.2539P-din-12.12.2024-art-10.pdf
12.12.2024;2539P;13809/2022;Copii minori: 2;Ordin-nr.2539P-din-12.12.2024-art-10.pdf
12.12.2024;2539P;18962/2022;;Ordin-nr.2539P-din-12.12.2024-art-10.pdf
12.12.2024;2539P;21432/2022;;Ordin-nr.2539P-din-12.12.2024-art-10.pdf
12.12.2024;2539P;16300/2022;;Ordin-nr.2539P-din-12.12.2024-art-10.pdf
12.12.2024;2539P;18963/2022;;Ordin-nr.2539P-din-12.12.2024-art-10.pdf
12.12.2024;2539P;21409/2022;;Ordin-nr.2539P-din-12.12.2024-art-10.pdf
12.12.2024;2539P;21427/2022;Copii minori: 1;Ordin-nr.2539P-din-12.12.2024-art-10.pdf
12.12.2024;2539P;21427/2022;;Ordin-nr.2539P-din-12.12.2024-art-10.pdf
12.12.2024;2539P;16313/2022;Copii minori: 4;Ordin-nr.2539P-din-12.12.2024-art-10.pdf
12.12.2024;2539P;13822/2022;;Ordin-nr.2539P-din-12.12.2024-art-10.pdf
12.12.2024;2539P;19049/2022;;Ordin-nr.2539P-din-12.12.2024-art-10.pdf
12.12.2024;2539P;18955/2022;;Ordin-nr.2539P-din-12.12.2024-art-10.pdf
12.12.2024;2539P;16258/2022;Copii minori: 2;Ordin-nr.2539P-din-12.12.2024-art-10.pdf
12.12.2024;2539P;18950/2022;Copii minori: 1;Ordin-nr.2539P-din-12.12.2024-art-10.pdf
12.12.2024;2539P;18950/2022;;Ordin-nr.2539P-din-12.12.2024-art-10.pdf
12.12.2024;2539P;21408/2022;;Ordin-nr.2539P-din-12.12.2024-art-10.pdf
12.12.2024;2539P;16353/2022;Copii minori: 2;Ordin-nr.2539P-din-12.12.2024-art-10.pdf
10.12.2024;2523P;16298/2022;Copii minori: 2;Ordin-nr.2523P-din-10.12.2024-art.-10.pdf
10.12.2024;2523P;16306/2022;Copii minori: 2;Ordin-nr.2523P-din-10.12.2024-art.-10.pdf
10.12.2024;2523P;16306/2022;;Ordin-nr.2523P-din-10.12.2024-art.-10.pdf
10.12.2024;2523P;31083/2022;;Ordin-nr.2523P-din-10.12.2024-art.-10.pdf
10.12.2024;2523P;31083/2022;;Ordin-nr.2523P-din-10.12.2024-art.-10.pdf
10.12.2024;2523P;13779/2022;;Ordin-nr.2523P-din-10.12.2024-art.-10.pdf
10.12.2024;2523P;16325/2022;;Ordin-nr.2523P-din-10.12.2024-art.-10.pdf
10.12.2024;2523P;16314/2022;Copii minori: 3;Ordin-nr.2523P-din-10.12.2024-art.-10.pdf
10.12.2024;2523P;16335/2022;;Ordin-nr.2523P-din-10.12.2024-art.-10.pdf
10.12.2024;2523P;16309/2022;;Ordin-nr.2523P-din-10.12.2024-art.-10.pdf
10.12.2024;2523P;1774/2021;;Ordin-nr.2523P-din-10.12.2024-art.-10.pdf
10.12.2024;2523P;13782/2022;;Ordin-nr.2523P-din-10.12.2024-art.-10.pdf
10.12.2024;2523P;13778/2022;;Ordin-nr.2523P-din-10.12.2024-art.-10.pdf
10.12.2024;2523P;13789/2022;Copii minori: 1;Ordin-nr.2523P-din-10.12.2024-art.-10.pdf
10.12.2024;2523P;16327/2022;;Ordin-nr.2523P-din-10.12.2024-art.-10.pdf
10.12.2024;2523P;16319/2022;;Ordin-nr.2523P-din-10.12.2024-art.-10.pdf
10.12.2024;2523P;13801/2022;;Ordin-nr.2523P-din-10.12.2024-art.-10.pdf
10.12.2024;2523P;16303/2022;Copii minori: 1;Ordin-nr.2523P-din-10.12.2024-art.-10.pdf
10.12.2024;2523P;16303/2022;;Ordin-nr.2523P-din-10.12.2024-art.-10.pdf
10.12.2024;2523P;13791/2022;Copii minori: 1;Ordin-nr.2523P-din-10.12.2024-art.-10.pdf
10.12.2024;2523P;13802/2022;;Ordin-nr.2523P-din-10.12.2024-art.-10.pdf
10.12.2024;2523P;16324/2022;;Ordin-nr.2523P-din-10.12.2024-art.-10.pdf
10.12.2024;2523P;16337/2022;;Ordin-nr.2523P-din-10.12.2024-art.-10.pdf
10.12.2024;2523P;16330/2022;;Ordin-nr.2523P-din-10.12.2024-art.-10.pdf
10.12.2024;2523P;16318/2022;Copii minori: 3;Ordin-nr.2523P-din-10.12.2024-art.-10.pdf
10.12.2024;2523P;16316/2022;Copii minori: 2;Ordin-nr.2523P-din-10.12.2024-art.-10.pdf
10.12.2024;2523P;16326/2022;;Ordin-nr.2523P-din-10.12.2024-art.-10.pdf
10.12.2024;2523P;1776/2021;;Ordin-nr.2523P-din-10.12.2024-art.-10.pdf
10.12.2024;2523P;13784/2022;Copii minori: 1;Ordin-nr.2523P-din-10.12.2024-art.-10.pdf
10.12.2024;2523P;13784/2022;;Ordin-nr.2523P-din-10.12.2024-art.-10.pdf
10.12.2024;2523P;13794/2022;;Ordin-nr.2523P-din-10.12.2024-art.-10.pdf
10.12.2024;2523P;13795/2022;;Ordin-nr.2523P-din-10.12.2024-art.-10.pdf
10.12.2024;2523P;13777/2022;Copii minori: 1;Ordin-nr.2523P-din-10.12.2024-art.-10.pdf
10.12.2024;2523P;16304/2022;;Ordin-nr.2523P-din-10.12.2024-art.-10.pdf
10.12.2024;2523P;13803/2022;Copii minori: 1;Ordin-nr.2523P-din-10.12.2024-art.-10.pdf
10.12.2024;2523P;13803/2022;;Ordin-nr.2523P-din-10.12.2024-art.-10.pdf
10.12.2024;2523P;13793/2022;;Ordin-nr.2523P-din-10.12.2024-art.-10.pdf
10.12.2024;2523P;13787/2022;;Ordin-nr.2523P-din-10.12.2024-art.-10.pdf
10.12.2024;2523P;13798/2022;;Ordin-nr.2523P-din-10.12.2024-art.-10.pdf
10.12.2024;2523P;16311/2022;;Ordin-nr.2523P-din-10.12.2024-art.-10.pdf
10.12.2024;2523P;13800/2022;;Ordin-nr.2523P-din-10.12.2024-art.-10.pdf
10.12.2024;2523P;16554/2021;;Ordin-nr.2523P-din-10.12.2024-art.-10.pdf
10.12.2024;2523P;16329/2022;;Ordin-nr.2523P-din-10.12.2024-art.-10.pdf
10.12.2024;2523P;16322/2022;;Ordin-nr.2523P-din-10.12.2024-art.-10.pdf
10.12.2024;2523P;13780/2022;;Ordin-nr.2523P-din-10.12.2024-art.-10.pdf
10.12.2024;2523P;13776/2022;;Ordin-nr.2523P-din-10.12.2024-art.-10.pdf
10.12.2024;2523P;13783/2022;;Ordin-nr.2523P-din-10.12.2024-art.-10.pdf
10.12.2024;2523P;13781/2022;;Ordin-nr.2523P-din-10.12.2024-art.-10.pdf
10.12.2024;2523P;13799/2022;;Ordin-nr.2523P-din-10.12.2024-art.-10.pdf
10.12.2024;2523P;16336/2022;;Ordin-nr.2523P-din-10.12.2024-art.-10.pdf
10.12.2024;2523P;13788/2022;;Ordin-nr.2523P-din-10.12.2024-art.-10.pdf
10.12.2024;2523P;16323/2022;Copii minori: 1;Ordin-nr.2523P-din-10.12.2024-art.-10.pdf
10.12.2024;2523P;16334/2022;;Ordin-nr.2523P-din-10.12.2024-art.-10.pdf
10.12.2024;2523P;3023/2022;;Ordin-nr.2523P-din-10.12.2024-art.-10.pdf
10.12.2024;2523P;16308/2022;Copii minori: 1;Ordin-nr.2523P-din-10.12.2024-art.-10.pdf
10.12.2024;2523P;13773/2022;;Ordin-nr.2523P-din-10.12.2024-art.-10.pdf
10.12.2024;2523P;16333/2022;;Ordin-nr.2523P-din-10.12.2024-art.-10.pdf
10.12.2024;2523P;13774/2022;;Ordin-nr.2523P-din-10.12.2024-art.-10.pdf
10.12.2024;2523P;13797/2022;Copii minori: 1;Ordin-nr.2523P-din-10.12.2024-art.-10.pdf
10.12.2024;2523P;13797/2022;;Ordin-nr.2523P-din-10.12.2024-art.-10.pdf
10.12.2024;2523P;13790/2022;;Ordin-nr.2523P-din-10.12.2024-art.-10.pdf
10.12.2024;2523P;16307/2022;;Ordin-nr.2523P-din-10.12.2024-art.-10.pdf
10.12.2024;2523P;16316/2022;;Ordin-nr.2523P-din-10.12.2024-art.-10.pdf
10.12.2024;2523P;16301/2022;;Ordin-nr.2523P-din-10.12.2024-art.-10.pdf
10.12.2024;2523P;13786/2022;Copii minori: 2;Ordin-nr.2523P-din-10.12.2024-art.-10.pdf
10.12.2024;2523P;1789/2021;;Ordin-nr.2523P-din-10.12.2024-art.-10.pdf
10.12.2024;2523P;13785/2022;;Ordin-nr.2523P-din-10.12.2024-art.-10.pdf
10.12.2024;2523P;16302/2022;;Ordin-nr.2523P-din-10.12.2024-art.-10.pdf
10.12.2024;2523P;1770/2021;Copii minori: 1;Ordin-nr.2523P-din-10.12.2024-art.-10.pdf
04.12.2024;2454P;28686/2023;;Ordin-2454P-din-04.12.2024-art-10-.pdf
04.12.2024;2454P;28686/2023;Copii minori: 2;Ordin-2454P-din-04.12.2024-art-10-.pdf
04.12.2024;2454P;28702/2023;Copii minori: 1;Ordin-2454P-din-04.12.2024-art-10-.pdf
04.12.2024;2454P;28693/2023;;Ordin-2454P-din-04.12.2024-art-10-.pdf
04.12.2024;2454P;28691/2023;;Ordin-2454P-din-04.12.2024-art-10-.pdf
04.12.2024;2454P;3141/2022;;Ordin-2454P-din-04.12.2024-art-10-.pdf
04.12.2024;2454P;29097/2023;;Ordin-2454P-din-04.12.2024-art-10-.pdf
04.12.2024;2454P;28692/2023;Copii minori: 2;Ordin-2454P-din-04.12.2024-art-10-.pdf
04.12.2024;2454P;28705/2023;;Ordin-2454P-din-04.12.2024-art-10-.pdf
04.12.2024;2454P;28690/2023;;Ordin-2454P-din-04.12.2024-art-10-.pdf
04.12.2024;2454P;28683/2023;;Ordin-2454P-din-04.12.2024-art-10-.pdf
04.12.2024;2454P;28688/2023;;Ordin-2454P-din-04.12.2024-art-10-.pdf
04.12.2024;2454P;6170/2022;;Ordin-2454P-din-04.12.2024-art-10-.pdf
04.12.2024;2454P;28970/2023;;Ordin-2454P-din-04.12.2024-art-10-.pdf
04.12.2024;2454P;6187/2022;;Ordin-2454P-din-04.12.2024-art-10-.pdf
04.12.2024;2454P;3137/2022;;Ordin-2454P-din-04.12.2024-art-10-.pdf
04.12.2024;2454P;3145/2022;;Ordin-2454P-din-04.12.2024-art-10-.pdf
04.12.2024;2454P;6186/2022;;Ordin-2454P-din-04.12.2024-art-10-.pdf
04.12.2024;2454P;6186/2022;;Ordin-2454P-din-04.12.2024-art-10-.pdf
04.12.2024;2454P;29113/2023;;Ordin-2454P-din-04.12.2024-art-10-.pdf
04.12.2024;2454P;28704/2023;;Ordin-2454P-din-04.12.2024-art-10-.pdf
04.12.2024;2454P;28699/2023;;Ordin-2454P-din-04.12.2024-art-10-.pdf
04.12.2024;2454P;28707/2023;Copii minori: 1;Ordin-2454P-din-04.12.2024-art-10-.pdf
04.12.2024;2454P;3140/2022;Copii minori: 3;Ordin-2454P-din-04.12.2024-art-10-.pdf
04.12.2024;2454P;29186/2023;Copii minori: 4;Ordin-2454P-din-04.12.2024-art-10-.pdf
04.12.2024;2454P;6177/2022;;Ordin-2454P-din-04.12.2024-art-10-.pdf
04.12.2024;2454P;28682/2023;;Ordin-2454P-din-04.12.2024-art-10-.pdf
04.12.2024;2454P;28685/2023;;Ordin-2454P-din-04.12.2024-art-10-.pdf
04.12.2024;2454P;28700/2023;;Ordin-2454P-din-04.12.2024-art-10-.pdf
04.12.2024;2454P;28697/2023;;Ordin-2454P-din-04.12.2024-art-10-.pdf
04.12.2024;2454P;28695/2023;;Ordin-2454P-din-04.12.2024-art-10-.pdf
04.12.2024;2454P;28703/2023;;Ordin-2454P-din-04.12.2024-art-10-.pdf
04.12.2024;2454P;28706/2023;;Ordin-2454P-din-04.12.2024-art-10-.pdf
04.12.2024;2454P;29718/2023;Copii minori: 2;Ordin-2454P-din-04.12.2024-art-10-.pdf
04.12.2024;2454P;28701/2023;;Ordin-2454P-din-04.12.2024-art-10-.pdf
04.12.2024;2454P;6173/2022;Copii minori: 1;Ordin-2454P-din-04.12.2024-art-10-.pdf
04.12.2024;2454P;29102/2023;Copii minori: 2;Ordin-2454P-din-04.12.2024-art-10-.pdf
04.12.2024;2454P;29102/2023;;Ordin-2454P-din-04.12.2024-art-10-.pdf
04.12.2024;2454P;3144/2022;;Ordin-2454P-din-04.12.2024-art-10-.pdf
04.12.2024;2454P;3142/2022;;Ordin-2454P-din-04.12.2024-art-10-.pdf
04.12.2024;2454P;3142/2022;Copii minori: 1;Ordin-2454P-din-04.12.2024-art-10-.pdf
04.12.2024;2454P;28707/2023;;Ordin-2454P-din-04.12.2024-art-10-.pdf
04.12.2024;2454P;28694/2023;Copii minori: 2;Ordin-2454P-din-04.12.2024-art-10-.pdf
04.12.2024;2454P;29092/2023;;Ordin-2454P-din-04.12.2024-art-10-.pdf
04.12.2024;2454P;29934/2023;;Ordin-2454P-din-04.12.2024-art-10-.pdf
04.12.2024;2453P;38734/2022;Copii minori: 1;Ordin-2453P-din-04.12.2024-art.-10.pdf
04.12.2024;2453P;38737/2022;Copii minori: 2;Ordin-2453P-din-04.12.2024-art.-10.pdf
04.12.2024;2453P;38836/2022;Copii minori: 1;Ordin-2453P-din-04.12.2024-art.-10.pdf
04.12.2024;2453P;38839/2022;;Ordin-2453P-din-04.12.2024-art.-10.pdf
04.12.2024;2453P;38679/2022;;Ordin-2453P-din-04.12.2024-art.-10.pdf
04.12.2024;2453P;38832/2022;Copii minori: 1;Ordin-2453P-din-04.12.2024-art.-10.pdf
04.12.2024;2453P;39153/2022;Copii minori: 1;Ordin-2453P-din-04.12.2024-art.-10.pdf
04.12.2024;2453P;20405/2021;Copii minori: 1;Ordin-2453P-din-04.12.2024-art.-10.pdf
04.12.2024;2453P;38827/2022;Copii minori: 1;Ordin-2453P-din-04.12.2024-art.-10.pdf
04.12.2024;2453P;38727/2022;;Ordin-2453P-din-04.12.2024-art.-10.pdf
04.12.2024;2453P;38725/2022;;Ordin-2453P-din-04.12.2024-art.-10.pdf
04.12.2024;2453P;39148/2022;;Ordin-2453P-din-04.12.2024-art.-10.pdf
04.12.2024;2453P;39189/2022;;Ordin-2453P-din-04.12.2024-art.-10.pdf
04.12.2024;2453P;38816/2022;;Ordin-2453P-din-04.12.2024-art.-10.pdf
04.12.2024;2453P;38815/2022;;Ordin-2453P-din-04.12.2024-art.-10.pdf
04.12.2024;2453P;38732/2022;Copii minori: 2;Ordin-2453P-din-04.12.2024-art.-10.pdf
04.12.2024;2453P;20398/2021;;Ordin-2453P-din-04.12.2024-art.-10.pdf
04.12.2024;2453P;20414/2021;;Ordin-2453P-din-04.12.2024-art.-10.pdf
04.12.2024;2453P;39157/2022;;Ordin-2453P-din-04.12.2024-art.-10.pdf
04.12.2024;2453P;39161/2022;;Ordin-2453P-din-04.12.2024-art.-10.pdf
04.12.2024;2453P;39169/2022;;Ordin-2453P-din-04.12.2024-art.-10.pdf
04.12.2024;2453P;25155/2023;;Ordin-2453P-din-04.12.2024-art.-10.pdf
04.12.2024;2453P;30589/2022;Copii minori: 1;Ordin-2453P-din-04.12.2024-art.-10.pdf
04.12.2024;2453P;39186/2022;;Ordin-2453P-din-04.12.2024-art.-10.pdf
04.12.2024;2453P;39186/2022;;Ordin-2453P-din-04.12.2024-art.-10.pdf
04.12.2024;2453P;39198/2022;Copii minori: 2;Ordin-2453P-din-04.12.2024-art.-10.pdf
04.12.2024;2453P;3076/2022;;Ordin-2453P-din-04.12.2024-art.-10.pdf
04.12.2024;2453P;38825/2022;;Ordin-2453P-din-04.12.2024-art.-10.pdf
02.12.2024;2429P;11811/2022;Copii minori: 1;Ordin-2429P-din-02.12.2024-art.-10.pdf
02.12.2024;2429P;39645/2022;;Ordin-2429P-din-02.12.2024-art.-10.pdf
02.12.2024;2429P;39645/2022;Copii minori: 1;Ordin-2429P-din-02.12.2024-art.-10.pdf
02.12.2024;2429P;11673/2022;;Ordin-2429P-din-02.12.2024-art.-10.pdf
02.12.2024;2429P;11669/2022;;Ordin-2429P-din-02.12.2024-art.-10.pdf
02.12.2024;2429P;23433/2022;Copii minori: 2;Ordin-2429P-din-02.12.2024-art.-10.pdf
02.12.2024;2429P;11973/2022;Copii minori: 1;Ordin-2429P-din-02.12.2024-art.-10.pdf
02.12.2024;2429P;11860/2022;;Ordin-2429P-din-02.12.2024-art.-10.pdf
02.12.2024;2429P;11863/2022;Copii minori: 1;Ordin-2429P-din-02.12.2024-art.-10.pdf
02.12.2024;2429P;39293/2022;;Ordin-2429P-din-02.12.2024-art.-10.pdf
02.12.2024;2429P;39295/2022;;Ordin-2429P-din-02.12.2024-art.-10.pdf
02.12.2024;2429P;39291/2022;;Ordin-2429P-din-02.12.2024-art.-10.pdf
02.12.2024;2429P;23228/2022;;Ordin-2429P-din-02.12.2024-art.-10.pdf
02.12.2024;2429P;23427/2022;;Ordin-2429P-din-02.12.2024-art.-10.pdf
02.12.2024;2429P;39641/2022;;Ordin-2429P-din-02.12.2024-art.-10.pdf
02.12.2024;2429P;39639/2022;Copii minori: 2;Ordin-2429P-din-02.12.2024-art.-10.pdf
02.12.2024;2429P;11577/2022;;Ordin-2429P-din-02.12.2024-art.-10.pdf
02.12.2024;2429P;23434/2022;;Ordin-2429P-din-02.12.2024-art.-10.pdf
02.12.2024;2429P;23440/2022;;Ordin-2429P-din-02.12.2024-art.-10.pdf
02.12.2024;2429P;23056/2022;;Ordin-2429P-din-02.12.2024-art.-10.pdf
02.12.2024;2429P;40620/2021;;Ordin-2429P-din-02.12.2024-art.-10.pdf
02.12.2024;2429P;23441/2022;;Ordin-2429P-din-02.12.2024-art.-10.pdf
02.12.2024;2429P;39380/2022;Copii minori: 2;Ordin-2429P-din-02.12.2024-art.-10.pdf
02.12.2024;2429P;23424/2022;Copii minori: 2;Ordin-2429P-din-02.12.2024-art.-10.pdf
02.12.2024;2429P;39249/2022;Copii minori: 2;Ordin-2429P-din-02.12.2024-art.-10.pdf
02.12.2024;2429P;11866/2022;;Ordin-2429P-din-02.12.2024-art.-10.pdf
02.12.2024;2429P;11865/2022;;Ordin-2429P-din-02.12.2024-art.-10.pdf
02.12.2024;2429P;23438/2022;;Ordin-2429P-din-02.12.2024-art.-10.pdf
02.12.2024;2429P;11576/2022;;Ordin-2429P-din-02.12.2024-art.-10.pdf
02.12.2024;2429P;12000/2022;;Ordin-2429P-din-02.12.2024-art.-10.pdf
02.12.2024;2429P;12000/2022;;Ordin-2429P-din-02.12.2024-art.-10.pdf
02.12.2024;2429P;16310/2022;Copii minori: 1;Ordin-2429P-din-02.12.2024-art.-10.pdf
02.12.2024;2429P;23435/2022;;Ordin-2429P-din-02.12.2024-art.-10.pdf
02.12.2024;2429P;39212/2022;;Ordin-2429P-din-02.12.2024-art.-10.pdf
02.12.2024;2429P;23436/2022;;Ordin-2429P-din-02.12.2024-art.-10.pdf
02.12.2024;2429P;39210/2022;Copii minori: 1;Ordin-2429P-din-02.12.2024-art.-10.pdf
02.12.2024;2429P;23432/2022;Copii minori: 1;Ordin-2429P-din-02.12.2024-art.-10.pdf
02.12.2024;2429P;11868/2022;Copii minori: 1;Ordin-2429P-din-02.12.2024-art.-10.pdf
02.12.2024;2429P;23249/2022;Copii minori: 2;Ordin-2429P-din-02.12.2024-art.-10.pdf
06.11.2024;2204P;8419/2022;Copii minori: 1;ORDIN-2204P-06.11.2024-art-10.pdf
06.11.2024;2204P;8426/2022;;ORDIN-2204P-06.11.2024-art-10.pdf
06.11.2024;2204P;8426/2022;Copii minori: 1;ORDIN-2204P-06.11.2024-art-10.pdf
06.11.2024;2204P;8402/2022;;ORDIN-2204P-06.11.2024-art-10.pdf
06.11.2024;2204P;8425/2022;;ORDIN-2204P-06.11.2024-art-10.pdf
06.11.2024;2204P;8427/2022;;ORDIN-2204P-06.11.2024-art-10.pdf
06.11.2024;2204P;8424/2022;;ORDIN-2204P-06.11.2024-art-10.pdf
06.11.2024;2204P;8400/2022;;ORDIN-2204P-06.11.2024-art-10.pdf
06.11.2024;2204P;8399/2022;;ORDIN-2204P-06.11.2024-art-10.pdf
06.11.2024;2204P;8403/2022;;ORDIN-2204P-06.11.2024-art-10.pdf
06.11.2024;2204P;8414/2022;Copii minori: 2;ORDIN-2204P-06.11.2024-art-10.pdf
06.11.2024;2204P;8429/2022;;ORDIN-2204P-06.11.2024-art-10.pdf
06.11.2024;2204P;8407/2022;;ORDIN-2204P-06.11.2024-art-10.pdf
06.11.2024;2204P;8415/2022;;ORDIN-2204P-06.11.2024-art-10.pdf
06.11.2024;2204P;8412/2022;;ORDIN-2204P-06.11.2024-art-10.pdf
06.11.2024;2204P;8416/2022;;ORDIN-2204P-06.11.2024-art-10.pdf
06.11.2024;2204P;8422/2022;;ORDIN-2204P-06.11.2024-art-10.pdf
06.11.2024;2204P;8429/2022;;ORDIN-2204P-06.11.2024-art-10.pdf
06.11.2024;2204P;8418/2022;;ORDIN-2204P-06.11.2024-art-10.pdf
06.11.2024;2204P;8413/2022;;ORDIN-2204P-06.11.2024-art-10.pdf
06.11.2024;2204P;8408/2022;Copii minori: 2;ORDIN-2204P-06.11.2024-art-10.pdf
06.11.2024;2204P;8417/2022;;ORDIN-2204P-06.11.2024-art-10.pdf
06.11.2024;2204P;8411/2022;Copii minori: 1;ORDIN-2204P-06.11.2024-art-10.pdf
06.11.2024;2204P;8423/2022;Copii minori: 1;ORDIN-2204P-06.11.2024-art-10.pdf
06.11.2024;2204P;8420/2022;;ORDIN-2204P-06.11.2024-art-10.pdf
06.11.2024;2204P;8409/2022;;ORDIN-2204P-06.11.2024-art-10.pdf
06.11.2024;2204P;8428/2022;;ORDIN-2204P-06.11.2024-art-10.pdf
06.11.2024;2204P;8401/2022;;ORDIN-2204P-06.11.2024-art-10.pdf
06.11.2024;2204P;8410/2022;;ORDIN-2204P-06.11.2024-art-10.pdf
06.11.2024;2204P;39503/2021;Copii minori: 1;ORDIN-2204P-06.11.2024-art-10.pdf
06.11.2024;2204P;8404/2022;;ORDIN-2204P-06.11.2024-art-10.pdf
28.10.2024;2128P;26052/2023;;Ordin-2128-P-28.10.2024-art.-10.pdf
28.10.2024;2128P;26052/2023;;Ordin-2128-P-28.10.2024-art.-10.pdf
28.10.2024;2128P;26055/2023;;Ordin-2128-P-28.10.2024-art.-10.pdf
28.10.2024;2128P;20601/2023;;Ordin-2128-P-28.10.2024-art.-10.pdf
28.10.2024;2128P;23021/2023;;Ordin-2128-P-28.10.2024-art.-10.pdf
28.10.2024;2128P;25078/2023;;Ordin-2128-P-28.10.2024-art.-10.pdf
28.10.2024;2128P;25494/2023;;Ordin-2128-P-28.10.2024-art.-10.pdf
28.10.2024;2128P;11009/2023;;Ordin-2128-P-28.10.2024-art.-10.pdf
28.10.2024;2128P;20615/2023;;Ordin-2128-P-28.10.2024-art.-10.pdf
28.10.2024;2128P;20604/2023;;Ordin-2128-P-28.10.2024-art.-10.pdf
28.10.2024;2128P;12910/2023;;Ordin-2128-P-28.10.2024-art.-10.pdf
28.10.2024;2128P;12942/2023;;Ordin-2128-P-28.10.2024-art.-10.pdf
28.10.2024;2128P;26467/2023;;Ordin-2128-P-28.10.2024-art.-10.pdf
28.10.2024;2128P;26480/2023;;Ordin-2128-P-28.10.2024-art.-10.pdf
28.10.2024;2128P;26484/2023;;Ordin-2128-P-28.10.2024-art.-10.pdf
28.10.2024;2128P;26488/2023;;Ordin-2128-P-28.10.2024-art.-10.pdf
28.10.2024;2128P;20591/2023;Copii minori: 1;Ordin-2128-P-28.10.2024-art.-10.pdf
28.10.2024;2128P;20601/2023;Copii minori: 2;Ordin-2128-P-28.10.2024-art.-10.pdf
28.10.2024;2128P;20593/2023;;Ordin-2128-P-28.10.2024-art.-10.pdf
28.10.2024;2128P;20515/2023;;Ordin-2128-P-28.10.2024-art.-10.pdf
28.10.2024;2128P;20918/2023;;Ordin-2128-P-28.10.2024-art.-10.pdf
28.10.2024;2128P;21390/2023;;Ordin-2128-P-28.10.2024-art.-10.pdf
28.10.2024;2128P;20591/2023;;Ordin-2128-P-28.10.2024-art.-10.pdf
28.10.2024;2128P;14385/2023;;Ordin-2128-P-28.10.2024-art.-10.pdf
28.10.2024;2128P;14397/2023;;Ordin-2128-P-28.10.2024-art.-10.pdf
28.10.2024;2128P;14392/2023;;Ordin-2128-P-28.10.2024-art.-10.pdf
28.10.2024;2128P;22859/2023;;Ordin-2128-P-28.10.2024-art.-10.pdf
28.10.2024;2128P;13053/2023;Copii minori: 1;Ordin-2128-P-28.10.2024-art.-10.pdf
28.10.2024;2128P;20559/2023;;Ordin-2128-P-28.10.2024-art.-10.pdf
28.10.2024;2128P;20523/2023;Copii minori: 2;Ordin-2128-P-28.10.2024-art.-10.pdf
28.10.2024;2128P;20522/2023;;Ordin-2128-P-28.10.2024-art.-10.pdf
28.10.2024;2128P;23024/2023;;Ordin-2128-P-28.10.2024-art.-10.pdf
28.10.2024;2128P;26048/2023;;Ordin-2128-P-28.10.2024-art.-10.pdf
28.10.2024;2128P;20521/2023;;Ordin-2128-P-28.10.2024-art.-10.pdf
28.10.2024;2128P;25103/2023;;Ordin-2128-P-28.10.2024-art.-10.pdf
28.10.2024;2128P;22791/2023;;Ordin-2128-P-28.10.2024-art.-10.pdf
28.10.2024;2128P;22796/2023;;Ordin-2128-P-28.10.2024-art.-10.pdf
28.10.2024;2128P;22785/2023;;Ordin-2128-P-28.10.2024-art.-10.pdf
28.10.2024;2128P;20554/2023;Copii minori: 1;Ordin-2128-P-28.10.2024-art.-10.pdf
28.10.2024;2128P;25297/2023;Copii minori: 2;Ordin-2128-P-28.10.2024-art.-10.pdf
28.10.2024;2128P;25294/2023;;Ordin-2128-P-28.10.2024-art.-10.pdf
28.10.2024;2128P;25294/2023;Copii minori: 2;Ordin-2128-P-28.10.2024-art.-10.pdf
28.10.2024;2128P;13245/2023;;Ordin-2128-P-28.10.2024-art.-10.pdf
28.10.2024;2128P;14141/2023;;Ordin-2128-P-28.10.2024-art.-10.pdf
28.10.2024;2128P;14135/2023;;Ordin-2128-P-28.10.2024-art.-10.pdf
28.10.2024;2128P;14144/2023;;Ordin-2128-P-28.10.2024-art.-10.pdf
28.10.2024;2128P;12925/2023;;Ordin-2128-P-28.10.2024-art.-10.pdf
28.10.2024;2128P;11751/2023;;Ordin-2128-P-28.10.2024-art.-10.pdf
28.10.2024;2128P;11746/2023;;Ordin-2128-P-28.10.2024-art.-10.pdf
28.10.2024;2128P;11748/2023;Copii minori: 3;Ordin-2128-P-28.10.2024-art.-10.pdf
28.10.2024;2128P;11743/2023;;Ordin-2128-P-28.10.2024-art.-10.pdf
28.10.2024;2128P;11011/2023;;Ordin-2128-P-28.10.2024-art.-10.pdf
28.10.2024;2128P;26044/2023;Copii minori: 2;Ordin-2128-P-28.10.2024-art.-10.pdf
28.10.2024;2128P;20810/2023;;Ordin-2128-P-28.10.2024-art.-10.pdf
28.10.2024;2128P;12892/2023;;Ordin-2128-P-28.10.2024-art.-10.pdf
28.10.2024;2128P;14402/2023;;Ordin-2128-P-28.10.2024-art.-10.pdf
28.10.2024;2128P;13305/2023;;Ordin-2128-P-28.10.2024-art.-10.pdf
28.10.2024;2128P;6558/2021;;Ordin-2128-P-28.10.2024-art.-10.pdf
28.10.2024;2128P;12887/2023;;Ordin-2128-P-28.10.2024-art.-10.pdf
28.10.2024;2128P;25484/2023;;Ordin-2128-P-28.10.2024-art.-10.pdf
28.10.2024;2128P;25484/2023;Copii minori: 4;Ordin-2128-P-28.10.2024-art.-10.pdf
28.10.2024;2128P;24904/2023;;Ordin-2128-P-28.10.2024-art.-10.pdf
28.10.2024;2128P;26449/2023;;Ordin-2128-P-28.10.2024-art.-10.pdf
28.10.2024;2128P;26456/2023;;Ordin-2128-P-28.10.2024-art.-10.pdf
28.10.2024;2128P;26452/2023;;Ordin-2128-P-28.10.2024-art.-10.pdf
28.10.2024;2128P;25645/2023;;Ordin-2128-P-28.10.2024-art.-10.pdf
28.10.2024;2128P;20808/2023;;Ordin-2128-P-28.10.2024-art.-10.pdf
28.10.2024;2128P;25475/2023;Copii minori: 3;Ordin-2128-P-28.10.2024-art.-10.pdf
28.10.2024;2128P;23025/2023;Copii minori: 1;Ordin-2128-P-28.10.2024-art.-10.pdf
28.10.2024;2128P;11006/2023;;Ordin-2128-P-28.10.2024-art.-10.pdf
28.10.2024;2128P;20618/2023;;Ordin-2128-P-28.10.2024-art.-10.pdf
28.10.2024;2128P;20547/2023;;Ordin-2128-P-28.10.2024-art.-10.pdf
28.10.2024;2128P;12891/2023;Copii minori: 2;Ordin-2128-P-28.10.2024-art.-10.pdf
28.10.2024;2128P;25985/2023;;Ordin-2128-P-28.10.2024-art.-10.pdf
28.10.2024;2128P;12934/2023;;Ordin-2128-P-28.10.2024-art.-10.pdf
28.10.2024;2128P;20485/2023;;Ordin-2128-P-28.10.2024-art.-10.pdf
28.10.2024;2128P;20487/2023;;Ordin-2128-P-28.10.2024-art.-10.pdf
28.10.2024;2128P;20492/2023;;Ordin-2128-P-28.10.2024-art.-10.pdf
28.10.2024;2128P;26464/2023;;Ordin-2128-P-28.10.2024-art.-10.pdf
28.10.2024;2128P;12904/2023;;Ordin-2128-P-28.10.2024-art.-10.pdf
28.10.2024;2128P;25110/2023;Copii minori: 1;Ordin-2128-P-28.10.2024-art.-10.pdf
28.10.2024;2128P;20923/2023;Copii minori: 3;Ordin-2128-P-28.10.2024-art.-10.pdf
28.10.2024;2128P;25510/2023;;Ordin-2128-P-28.10.2024-art.-10.pdf
28.10.2024;2128P;25512/2023;;Ordin-2128-P-28.10.2024-art.-10.pdf
28.10.2024;2128P;25506/2023;;Ordin-2128-P-28.10.2024-art.-10.pdf
28.10.2024;2128P;25506/2023;;Ordin-2128-P-28.10.2024-art.-10.pdf
28.10.2024;2128P;25508/2023;;Ordin-2128-P-28.10.2024-art.-10.pdf
28.10.2024;2128P;11821/2023;Copii minori: 1;Ordin-2128-P-28.10.2024-art.-10.pdf
28.10.2024;2128P;12012/2023;;Ordin-2128-P-28.10.2024-art.-10.pdf
28.10.2024;2128P;22753/2023;;Ordin-2128-P-28.10.2024-art.-10.pdf
28.10.2024;2128P;12671/2023;;Ordin-2128-P-28.10.2024-art.-10.pdf
28.10.2024;2128P;12317/2023;;Ordin-2128-P-28.10.2024-art.-10.pdf
28.10.2024;2128P;22573/2023;;Ordin-2128-P-28.10.2024-art.-10.pdf
28.10.2024;2102P;26821/2023;;OP-2102-28.10.2024-art-10.pdf
28.10.2024;2102P;3772/2023;;OP-2102-28.10.2024-art-10.pdf
28.10.2024;2102P;4885/2023;Copii minori: 4;OP-2102-28.10.2024-art-10.pdf
28.10.2024;2102P;26832/2023;Copii minori: 2;OP-2102-28.10.2024-art-10.pdf
28.10.2024;2102P;26828/2023;;OP-2102-28.10.2024-art-10.pdf
28.10.2024;2102P;6196/2022;Copii minori: 2;OP-2102-28.10.2024-art-10.pdf
28.10.2024;2102P;26824/2023;Copii minori: 1;OP-2102-28.10.2024-art-10.pdf
28.10.2024;2102P;26824/2023;;OP-2102-28.10.2024-art-10.pdf
28.10.2024;2102P;26825/2023;;OP-2102-28.10.2024-art-10.pdf
28.10.2024;2102P;6199/2022;Copii minori: 3;OP-2102-28.10.2024-art-10.pdf
28.10.2024;2102P;6209/2022;;OP-2102-28.10.2024-art-10.pdf
28.10.2024;2102P;26827/2023;;OP-2102-28.10.2024-art-10.pdf
28.10.2024;2102P;26827/2023;;OP-2102-28.10.2024-art-10.pdf
28.10.2024;2102P;4886/2023;;OP-2102-28.10.2024-art-10.pdf
28.10.2024;2102P;4886/2023;;OP-2102-28.10.2024-art-10.pdf
28.10.2024;2102P;6212/2022;;OP-2102-28.10.2024-art-10.pdf
28.10.2024;2102P;26822/2023;;OP-2102-28.10.2024-art-10.pdf
28.10.2024;2102P;4933/2023;;OP-2102-28.10.2024-art-10.pdf
28.10.2024;2102P;6861/2023;;OP-2102-28.10.2024-art-10.pdf
28.10.2024;2102P;4897/2023;;OP-2102-28.10.2024-art-10.pdf
28.10.2024;2102P;6422/2023;Copii minori: 2;OP-2102-28.10.2024-art-10.pdf
28.10.2024;2102P;26816/2023;;OP-2102-28.10.2024-art-10.pdf
28.10.2024;2102P;6208/2022;;OP-2102-28.10.2024-art-10.pdf
28.10.2024;2102P;6201/2022;;OP-2102-28.10.2024-art-10.pdf
28.10.2024;2102P;6200/2022;;OP-2102-28.10.2024-art-10.pdf
28.10.2024;2102P;27192/2023;Copii minori: 2;OP-2102-28.10.2024-art-10.pdf
28.10.2024;2102P;27192/2023;;OP-2102-28.10.2024-art-10.pdf
28.10.2024;2102P;16577/2022;;OP-2102-28.10.2024-art-10.pdf
28.10.2024;2102P;6197/2022;;OP-2102-28.10.2024-art-10.pdf
28.10.2024;2102P;5899/2023;;OP-2102-28.10.2024-art-10.pdf
28.10.2024;2102P;3062/2023;Copii minori: 2;OP-2102-28.10.2024-art-10.pdf
28.10.2024;2102P;4937/2023;;OP-2102-28.10.2024-art-10.pdf
28.10.2024;2102P;27651/2023;;OP-2102-28.10.2024-art-10.pdf
28.10.2024;2102P;27626/2023;;OP-2102-28.10.2024-art-10.pdf
28.10.2024;2102P;27655/2023;;OP-2102-28.10.2024-art-10.pdf
28.10.2024;2102P;27649/2023;Copii minori: 1;OP-2102-28.10.2024-art-10.pdf
28.10.2024;2102P;23785/2023;;OP-2102-28.10.2024-art-10.pdf
28.10.2024;2102P;26836/2023;;OP-2102-28.10.2024-art-10.pdf
28.10.2024;2102P;6191/2022;;OP-2102-28.10.2024-art-10.pdf
28.10.2024;2102P;23791/2023;;OP-2102-28.10.2024-art-10.pdf
28.10.2024;2102P;6214/2022;Copii minori: 2;OP-2102-28.10.2024-art-10.pdf
28.10.2024;2102P;5902/2023;;OP-2102-28.10.2024-art-10.pdf
28.10.2024;2102P;6214/2022;;OP-2102-28.10.2024-art-10.pdf
28.10.2024;2102P;26819/2023;Copii minori: 2;OP-2102-28.10.2024-art-10.pdf
28.10.2024;2102P;6193/2022;;OP-2102-28.10.2024-art-10.pdf
28.10.2024;2102P;6204/2022;;OP-2102-28.10.2024-art-10.pdf
28.10.2024;2102P;6192/2022;;OP-2102-28.10.2024-art-10.pdf
28.10.2024;2102P;4922/2023;;OP-2102-28.10.2024-art-10.pdf
28.10.2024;2102P;4890/2023;;OP-2102-28.10.2024-art-10.pdf
28.10.2024;2102P;6202/2022;;OP-2102-28.10.2024-art-10.pdf
28.10.2024;2102P;6210/2022;;OP-2102-28.10.2024-art-10.pdf
28.10.2024;2102P;4873/2023;;OP-2102-28.10.2024-art-10.pdf
28.10.2024;2102P;6219/2022;Copii minori: 3;OP-2102-28.10.2024-art-10.pdf
28.10.2024;2102P;26831/2023;;OP-2102-28.10.2024-art-10.pdf
28.10.2024;2102P;6205/2022;;OP-2102-28.10.2024-art-10.pdf
28.10.2024;2102P;4892/2023;Copii minori: 2;OP-2102-28.10.2024-art-10.pdf
28.10.2024;2102P;4940/2023;Copii minori: 2;OP-2102-28.10.2024-art-10.pdf
28.10.2024;2102P;4878/2023;;OP-2102-28.10.2024-art-10.pdf
28.10.2024;2102P;4899/2023;;OP-2102-28.10.2024-art-10.pdf
28.10.2024;2102P;27405/2023;;OP-2102-28.10.2024-art-10.pdf
28.10.2024;2102P;6213/2022;;OP-2102-28.10.2024-art-10.pdf
28.10.2024;2102P;4921/2023;;OP-2102-28.10.2024-art-10.pdf
28.10.2024;2102P;15221/2022;Copii minori: 1;OP-2102-28.10.2024-art-10.pdf
28.10.2024;2102P;6195/2022;;OP-2102-28.10.2024-art-10.pdf
28.10.2024;2102P;26820/2023;;OP-2102-28.10.2024-art-10.pdf
28.10.2024;2102P;5990/2023;;OP-2102-28.10.2024-art-10.pdf
28.10.2024;2102P;26834/2023;;OP-2102-28.10.2024-art-10.pdf
28.10.2024;2102P;7462/2022;Copii minori: 1;OP-2102-28.10.2024-art-10.pdf
28.10.2024;2102P;7456/2022;Copii minori: 1;OP-2102-28.10.2024-art-10.pdf
28.10.2024;2102P;6190/2022;;OP-2102-28.10.2024-art-10.pdf
28.10.2024;2102P;26819/2023;;OP-2102-28.10.2024-art-10.pdf
28.10.2024;2102P;26830/2023;;OP-2102-28.10.2024-art-10.pdf
28.10.2024;2102P;4923/2023;;OP-2102-28.10.2024-art-10.pdf
28.10.2024;2102P;4923/2023;;OP-2102-28.10.2024-art-10.pdf
28.10.2024;2102P;26817/2023;;OP-2102-28.10.2024-art-10.pdf
28.10.2024;2102P;4908/2023;;OP-2102-28.10.2024-art-10.pdf
28.10.2024;2102P;26818/2023;;OP-2102-28.10.2024-art-10.pdf
28.10.2024;2102P;27185/2023;Copii minori: 2;OP-2102-28.10.2024-art-10.pdf
28.10.2024;2102P;27188/2023;;OP-2102-28.10.2024-art-10.pdf
28.10.2024;2102P;26829/2023;;OP-2102-28.10.2024-art-10.pdf
28.10.2024;2102P;26835/2023;;OP-2102-28.10.2024-art-10.pdf
28.10.2024;2102P;4938/2023;;OP-2102-28.10.2024-art-10.pdf
28.10.2024;2102P;4924/2023;;OP-2102-28.10.2024-art-10.pdf
28.10.2024;2102P;6203/2022;;OP-2102-28.10.2024-art-10.pdf
28.10.2024;2102P;6198/2022;;OP-2102-28.10.2024-art-10.pdf
28.10.2024;2102P;4868/2023;;OP-2102-28.10.2024-art-10.pdf
28.10.2024;2102P;6217/2022;;OP-2102-28.10.2024-art-10.pdf
28.10.2024;2102P;1810/2021;;OP-2102-28.10.2024-art-10.pdf
28.10.2024;2102P;6207/2022;;OP-2102-28.10.2024-art-10.pdf
28.10.2024;2102P;5904/2023;Copii minori: 2;OP-2102-28.10.2024-art-10.pdf
28.10.2024;2102P;6218/2022;;OP-2102-28.10.2024-art-10.pdf
28.10.2024;2102P;6215/2022;;OP-2102-28.10.2024-art-10.pdf
28.10.2024;2102P;4934/2023;;OP-2102-28.10.2024-art-10.pdf
28.10.2024;2102P;4936/2023;;OP-2102-28.10.2024-art-10.pdf
28.10.2024;2102P;4894/2023;;OP-2102-28.10.2024-art-10.pdf
28.10.2024;2102P;28228/2023;;OP-2102-28.10.2024-art-10.pdf
28.10.2024;2102P;28232/2023;;OP-2102-28.10.2024-art-10.pdf
28.10.2024;2102P;6206/2022;;OP-2102-28.10.2024-art-10.pdf
28.10.2024;2102P;6211/2022;;OP-2102-28.10.2024-art-10.pdf
28.10.2024;2102P;4869/2023;;OP-2102-28.10.2024-art-10.pdf
25.10.2024;2100P;31470/2022;Copii minori: 1;Ordin-2100-P-din-25.10.2024-art-10.pdf
25.10.2024;2100P;31469/2022;Copii minori: 2;Ordin-2100-P-din-25.10.2024-art-10.pdf
25.10.2024;2100P;23308/2023;;Ordin-2100-P-din-25.10.2024-art-10.pdf
25.10.2024;2100P;23262/2023;;Ordin-2100-P-din-25.10.2024-art-10.pdf
25.10.2024;2100P;23273/2023;Copii minori: 1;Ordin-2100-P-din-25.10.2024-art-10.pdf
25.10.2024;2100P;23763/2023;;Ordin-2100-P-din-25.10.2024-art-10.pdf
25.10.2024;2100P;23032/2023;;Ordin-2100-P-din-25.10.2024-art-10.pdf
25.10.2024;2100P;23064/2023;;Ordin-2100-P-din-25.10.2024-art-10.pdf
25.10.2024;2100P;31452/2022;Copii minori: 2;Ordin-2100-P-din-25.10.2024-art-10.pdf
25.10.2024;2100P;31214/2022;;Ordin-2100-P-din-25.10.2024-art-10.pdf
25.10.2024;2100P;31214/2022;Copii minori: 2;Ordin-2100-P-din-25.10.2024-art-10.pdf
25.10.2024;2100P;31224/2022;Copii minori: 1;Ordin-2100-P-din-25.10.2024-art-10.pdf
25.10.2024;2100P;23304/2023;Copii minori: 2;Ordin-2100-P-din-25.10.2024-art-10.pdf
25.10.2024;2100P;23304/2023;;Ordin-2100-P-din-25.10.2024-art-10.pdf
25.10.2024;2100P;31459/2022;Copii minori: 1;Ordin-2100-P-din-25.10.2024-art-10.pdf
25.10.2024;2100P;31459/2022;;Ordin-2100-P-din-25.10.2024-art-10.pdf
25.10.2024;2100P;23726/2023;Copii minori: 1;Ordin-2100-P-din-25.10.2024-art-10.pdf
25.10.2024;2100P;23764/2023;;Ordin-2100-P-din-25.10.2024-art-10.pdf
25.10.2024;2100P;23694/2023;Copii minori: 2;Ordin-2100-P-din-25.10.2024-art-10.pdf
25.10.2024;2100P;23724/2023;Copii minori: 3;Ordin-2100-P-din-25.10.2024-art-10.pdf
25.10.2024;2100P;23758/2023;;Ordin-2100-P-din-25.10.2024-art-10.pdf
25.10.2024;2100P;23706/2023;;Ordin-2100-P-din-25.10.2024-art-10.pdf
25.10.2024;2100P;23081/2023;;Ordin-2100-P-din-25.10.2024-art-10.pdf
25.10.2024;2100P;23073/2023;;Ordin-2100-P-din-25.10.2024-art-10.pdf
25.10.2024;2100P;23296/2023;;Ordin-2100-P-din-25.10.2024-art-10.pdf
25.10.2024;2100P;23256/2023;;Ordin-2100-P-din-25.10.2024-art-10.pdf
25.10.2024;2100P;23769/2023;;Ordin-2100-P-din-25.10.2024-art-10.pdf
25.10.2024;2100P;23703/2023;;Ordin-2100-P-din-25.10.2024-art-10.pdf
25.10.2024;2100P;23722/2023;Copii minori: 3;Ordin-2100-P-din-25.10.2024-art-10.pdf
25.10.2024;2100P;23709/2023;;Ordin-2100-P-din-25.10.2024-art-10.pdf
25.10.2024;2100P;23779/2023;;Ordin-2100-P-din-25.10.2024-art-10.pdf
25.10.2024;2100P;23740/2023;Copii minori: 3;Ordin-2100-P-din-25.10.2024-art-10.pdf
25.10.2024;2100P;23760/2023;;Ordin-2100-P-din-25.10.2024-art-10.pdf
25.10.2024;2100P;31472/2022;Copii minori: 1;Ordin-2100-P-din-25.10.2024-art-10.pdf
25.10.2024;2100P;23027/2023;;Ordin-2100-P-din-25.10.2024-art-10.pdf
25.10.2024;2100P;23057/2023;;Ordin-2100-P-din-25.10.2024-art-10.pdf
25.10.2024;2100P;23782/2023;;Ordin-2100-P-din-25.10.2024-art-10.pdf
25.10.2024;2100P;23235/2023;;Ordin-2100-P-din-25.10.2024-art-10.pdf
25.10.2024;2100P;23079/2023;;Ordin-2100-P-din-25.10.2024-art-10.pdf
25.10.2024;2100P;23106/2023;;Ordin-2100-P-din-25.10.2024-art-10.pdf
25.10.2024;2100P;23083/2023;;Ordin-2100-P-din-25.10.2024-art-10.pdf
25.10.2024;2100P;31220/2022;Copii minori: 1;Ordin-2100-P-din-25.10.2024-art-10.pdf
25.10.2024;2100P;23065/2023;;Ordin-2100-P-din-25.10.2024-art-10.pdf
25.10.2024;2100P;23056/2023;;Ordin-2100-P-din-25.10.2024-art-10.pdf
25.10.2024;2100P;23055/2023;;Ordin-2100-P-din-25.10.2024-art-10.pdf
25.10.2024;2100P;23063/2023;Copii minori: 3;Ordin-2100-P-din-25.10.2024-art-10.pdf
25.10.2024;2100P;31475/2022;Copii minori: 2;Ordin-2100-P-din-25.10.2024-art-10.pdf
25.10.2024;2100P;31284/2022;;Ordin-2100-P-din-25.10.2024-art-10.pdf
25.10.2024;2100P;31285/2022;;Ordin-2100-P-din-25.10.2024-art-10.pdf
25.10.2024;2100P;23252/2023;;Ordin-2100-P-din-25.10.2024-art-10.pdf
25.10.2024;2100P;23678/2023;;Ordin-2100-P-din-25.10.2024-art-10.pdf
25.10.2024;2100P;23727/2023;;Ordin-2100-P-din-25.10.2024-art-10.pdf
25.10.2024;2100P;23727/2023;Copii minori: 2;Ordin-2100-P-din-25.10.2024-art-10.pdf
25.10.2024;2100P;23715/2023;;Ordin-2100-P-din-25.10.2024-art-10.pdf
25.10.2024;2100P;23715/2023;;Ordin-2100-P-din-25.10.2024-art-10.pdf
25.10.2024;2100P;23046/2023;;Ordin-2100-P-din-25.10.2024-art-10.pdf
25.10.2024;2100P;23321/2023;;Ordin-2100-P-din-25.10.2024-art-10.pdf
25.10.2024;2100P;31461/2022;;Ordin-2100-P-din-25.10.2024-art-10.pdf
25.10.2024;2100P;23039/2023;;Ordin-2100-P-din-25.10.2024-art-10.pdf
25.10.2024;2100P;23707/2023;;Ordin-2100-P-din-25.10.2024-art-10.pdf
25.10.2024;2100P;23718/2023;;Ordin-2100-P-din-25.10.2024-art-10.pdf
25.10.2024;2100P;23757/2023;;Ordin-2100-P-din-25.10.2024-art-10.pdf
25.10.2024;2100P;23736/2023;Copii minori: 2;Ordin-2100-P-din-25.10.2024-art-10.pdf
25.10.2024;2100P;23271/2023;;Ordin-2100-P-din-25.10.2024-art-10.pdf
25.10.2024;2100P;23031/2023;Copii minori: 2;Ordin-2100-P-din-25.10.2024-art-10.pdf
25.10.2024;2100P;23051/2023;;Ordin-2100-P-din-25.10.2024-art-10.pdf
25.10.2024;2100P;23082/2023;;Ordin-2100-P-din-25.10.2024-art-10.pdf
25.10.2024;2100P;23704/2023;;Ordin-2100-P-din-25.10.2024-art-10.pdf
25.10.2024;2100P;23723/2023;;Ordin-2100-P-din-25.10.2024-art-10.pdf
25.10.2024;2100P;23038/2023;Copii minori: 2;Ordin-2100-P-din-25.10.2024-art-10.pdf
25.10.2024;2100P;23026/2023;;Ordin-2100-P-din-25.10.2024-art-10.pdf
25.10.2024;2100P;23058/2023;;Ordin-2100-P-din-25.10.2024-art-10.pdf
25.10.2024;2100P;23287/2023;;Ordin-2100-P-din-25.10.2024-art-10.pdf
25.10.2024;2100P;23233/2023;;Ordin-2100-P-din-25.10.2024-art-10.pdf
25.10.2024;2100P;23744/2023;Copii minori: 1;Ordin-2100-P-din-25.10.2024-art-10.pdf
25.10.2024;2100P;23712/2023;;Ordin-2100-P-din-25.10.2024-art-10.pdf
25.10.2024;2100P;23744/2023;;Ordin-2100-P-din-25.10.2024-art-10.pdf
24.10.2024;2098P;31085/2022;Copii minori: 1;Ordin-nr.2098P-din-24.10.2024-art.10.pdf
24.10.2024;2098P;3119/2022;;Ordin-nr.2098P-din-24.10.2024-art.10.pdf
24.10.2024;2098P;3139/2022;Copii minori: 3;Ordin-nr.2098P-din-24.10.2024-art.10.pdf
24.10.2024;2098P;16548/2023;Copii minori: 1;Ordin-nr.2098P-din-24.10.2024-art.10.pdf
24.10.2024;2098P;34805/2022;Copii minori: 1;Ordin-nr.2098P-din-24.10.2024-art.10.pdf
24.10.2024;2098P;14592/2023;;Ordin-nr.2098P-din-24.10.2024-art.10.pdf
24.10.2024;2098P;14582/2023;;Ordin-nr.2098P-din-24.10.2024-art.10.pdf
24.10.2024;2098P;14577/2023;;Ordin-nr.2098P-din-24.10.2024-art.10.pdf
24.10.2024;2098P;14573/2023;;Ordin-nr.2098P-din-24.10.2024-art.10.pdf
24.10.2024;2098P;14573/2023;;Ordin-nr.2098P-din-24.10.2024-art.10.pdf
24.10.2024;2098P;6175/2022;Copii minori: 2;Ordin-nr.2098P-din-24.10.2024-art.10.pdf
24.10.2024;2098P;6184/2022;Copii minori: 1;Ordin-nr.2098P-din-24.10.2024-art.10.pdf
24.10.2024;2098P;6168/2022;;Ordin-nr.2098P-din-24.10.2024-art.10.pdf
24.10.2024;2098P;16819/2023;;Ordin-nr.2098P-din-24.10.2024-art.10.pdf
24.10.2024;2098P;16816/2023;;Ordin-nr.2098P-din-24.10.2024-art.10.pdf
24.10.2024;2098P;3121/2022;;Ordin-nr.2098P-din-24.10.2024-art.10.pdf
24.10.2024;2098P;6171/2022;;Ordin-nr.2098P-din-24.10.2024-art.10.pdf
24.10.2024;2098P;6189/2022;;Ordin-nr.2098P-din-24.10.2024-art.10.pdf
24.10.2024;2098P;1092/2022;;Ordin-nr.2098P-din-24.10.2024-art.10.pdf
24.10.2024;2098P;6178/2022;;Ordin-nr.2098P-din-24.10.2024-art.10.pdf
24.10.2024;2098P;14939/2023;;Ordin-nr.2098P-din-24.10.2024-art.10.pdf
24.10.2024;2098P;16551/2023;;Ordin-nr.2098P-din-24.10.2024-art.10.pdf
24.10.2024;2098P;16560/2023;;Ordin-nr.2098P-din-24.10.2024-art.10.pdf
24.10.2024;2098P;16594/2023;;Ordin-nr.2098P-din-24.10.2024-art.10.pdf
24.10.2024;2098P;3129/2022;Copii minori: 2;Ordin-nr.2098P-din-24.10.2024-art.10.pdf
24.10.2024;2098P;16589/2023;Copii minori: 4;Ordin-nr.2098P-din-24.10.2024-art.10.pdf
24.10.2024;2098P;6160/2022;;Ordin-nr.2098P-din-24.10.2024-art.10.pdf
24.10.2024;2098P;3131/2022;;Ordin-nr.2098P-din-24.10.2024-art.10.pdf
24.10.2024;2098P;6182/2022;Copii minori: 2;Ordin-nr.2098P-din-24.10.2024-art.10.pdf
24.10.2024;2098P;13247/2022;Copii minori: 1;Ordin-nr.2098P-din-24.10.2024-art.10.pdf
24.10.2024;2098P;6181/2022;;Ordin-nr.2098P-din-24.10.2024-art.10.pdf
24.10.2024;2098P;6174/2022;;Ordin-nr.2098P-din-24.10.2024-art.10.pdf
24.10.2024;2098P;3124/2022;Copii minori: 1;Ordin-nr.2098P-din-24.10.2024-art.10.pdf
24.10.2024;2098P;6185/2022;;Ordin-nr.2098P-din-24.10.2024-art.10.pdf
24.10.2024;2098P;6188/2022;;Ordin-nr.2098P-din-24.10.2024-art.10.pdf
24.10.2024;2098P;6162/2022;;Ordin-nr.2098P-din-24.10.2024-art.10.pdf
24.10.2024;2098P;1090/2022;Copii minori: 2;Ordin-nr.2098P-din-24.10.2024-art.10.pdf
24.10.2024;2098P;1092/2022;;Ordin-nr.2098P-din-24.10.2024-art.10.pdf
24.10.2024;2098P;3129/2022;;Ordin-nr.2098P-din-24.10.2024-art.10.pdf
24.10.2024;2098P;14935/2023;Copii minori: 2;Ordin-nr.2098P-din-24.10.2024-art.10.pdf
24.10.2024;2098P;34651/2022;;Ordin-nr.2098P-din-24.10.2024-art.10.pdf
24.10.2024;2098P;14943/2023;;Ordin-nr.2098P-din-24.10.2024-art.10.pdf
24.10.2024;2098P;34466/2022;;Ordin-nr.2098P-din-24.10.2024-art.10.pdf
24.10.2024;2098P;16583/2023;;Ordin-nr.2098P-din-24.10.2024-art.10.pdf
24.10.2024;2098P;16765/2023;;Ordin-nr.2098P-din-24.10.2024-art.10.pdf
24.10.2024;2098P;3130/2022;;Ordin-nr.2098P-din-24.10.2024-art.10.pdf
24.10.2024;2098P;3146/2022;;Ordin-nr.2098P-din-24.10.2024-art.10.pdf
24.10.2024;2098P;6183/2022;Copii minori: 1;Ordin-nr.2098P-din-24.10.2024-art.10.pdf
24.10.2024;2098P;15896/2023;;Ordin-nr.2098P-din-24.10.2024-art.10.pdf
24.10.2024;2098P;16768/2023;;Ordin-nr.2098P-din-24.10.2024-art.10.pdf
24.10.2024;2098P;6180/2022;Copii minori: 2;Ordin-nr.2098P-din-24.10.2024-art.10.pdf
24.10.2024;2098P;6178/2022;;Ordin-nr.2098P-din-24.10.2024-art.10.pdf
24.10.2024;2098P;6172/2022;;Ordin-nr.2098P-din-24.10.2024-art.10.pdf
24.10.2024;2098P;3118/2022;Copii minori: 2;Ordin-nr.2098P-din-24.10.2024-art.10.pdf
24.10.2024;2098P;39654/2019;;Ordin-nr.2098P-din-24.10.2024-art.10.pdf
24.10.2024;2098P;15964/2023;;Ordin-nr.2098P-din-24.10.2024-art.10.pdf
24.10.2024;2098P;15929/2023;;Ordin-nr.2098P-din-24.10.2024-art.10.pdf
24.10.2024;2098P;15918/2023;;Ordin-nr.2098P-din-24.10.2024-art.10.pdf
24.10.2024;2098P;15924/2023;;Ordin-nr.2098P-din-24.10.2024-art.10.pdf
24.10.2024;2098P;3133/2022;;Ordin-nr.2098P-din-24.10.2024-art.10.pdf
24.10.2024;2098P;16128/2023;Copii minori: 1;Ordin-nr.2098P-din-24.10.2024-art.10.pdf
24.10.2024;2098P;6161/2022;;Ordin-nr.2098P-din-24.10.2024-art.10.pdf
24.10.2024;2098P;3143/2022;;Ordin-nr.2098P-din-24.10.2024-art.10.pdf
24.10.2024;2098P;16556/2023;;Ordin-nr.2098P-din-24.10.2024-art.10.pdf
24.10.2024;2098P;3126/2022;Copii minori: 1;Ordin-nr.2098P-din-24.10.2024-art.10.pdf
24.10.2024;2098P;3126/2022;;Ordin-nr.2098P-din-24.10.2024-art.10.pdf
24.10.2024;2098P;34651/2022;;Ordin-nr.2098P-din-24.10.2024-art.10.pdf
24.10.2024;2098P;3135/2022;;Ordin-nr.2098P-din-24.10.2024-art.10.pdf
24.10.2024;2098P;6164/2022;;Ordin-nr.2098P-din-24.10.2024-art.10.pdf
24.10.2024;2098P;3123/2022;;Ordin-nr.2098P-din-24.10.2024-art.10.pdf
24.10.2024;2098P;3136/2022;;Ordin-nr.2098P-din-24.10.2024-art.10.pdf
24.10.2024;2098P;6169/2022;;Ordin-nr.2098P-din-24.10.2024-art.10.pdf
24.10.2024;2098P;20408/2022;Copii minori: 2;Ordin-nr.2098P-din-24.10.2024-art.10.pdf
24.10.2024;2098P;3125/2022;;Ordin-nr.2098P-din-24.10.2024-art.10.pdf
24.10.2024;2098P;3127/2022;;Ordin-nr.2098P-din-24.10.2024-art.10.pdf
24.10.2024;2098P;3132/2022;;Ordin-nr.2098P-din-24.10.2024-art.10.pdf
24.10.2024;2098P;15660/2023;;Ordin-nr.2098P-din-24.10.2024-art.10.pdf
24.10.2024;2098P;15659/2023;;Ordin-nr.2098P-din-24.10.2024-art.10.pdf
24.10.2024;2098P;15662/2023;Copii minori: 3;Ordin-nr.2098P-din-24.10.2024-art.10.pdf
24.10.2024;2098P;6176/2022;;Ordin-nr.2098P-din-24.10.2024-art.10.pdf
24.10.2024;2098P;23684/2023;Copii minori: 2;Ordin-nr.2098P-din-24.10.2024-art.10.pdf
24.10.2024;2098P;6165/2022;;Ordin-nr.2098P-din-24.10.2024-art.10.pdf
24.10.2024;2098P;6179/2022;Copii minori: 1;Ordin-nr.2098P-din-24.10.2024-art.10.pdf
24.10.2024;2098P;3122/2022;Copii minori: 1;Ordin-nr.2098P-din-24.10.2024-art.10.pdf
24.10.2024;2098P;6167/2022;;Ordin-nr.2098P-din-24.10.2024-art.10.pdf
24.10.2024;2098P;19612/2022;Copii minori: 3;Ordin-nr.2098P-din-24.10.2024-art.10.pdf
24.10.2024;2098P;6166/2022;;Ordin-nr.2098P-din-24.10.2024-art.10.pdf
24.10.2024;2098P;3120/2022;;Ordin-nr.2098P-din-24.10.2024-art.10.pdf
24.10.2024;2098P;6163/2022;;Ordin-nr.2098P-din-24.10.2024-art.10.pdf
24.10.2024;2098P;19089/2020;;Ordin-nr.2098P-din-24.10.2024-art.10.pdf
24.10.2024;2094P;26724/2023;;Ordin-2094-din-24.10.2024-art.10.pdf
24.10.2024;2094P;26735/2023;Copii minori: 3;Ordin-2094-din-24.10.2024-art.10.pdf
24.10.2024;2094P;2976/2023;Copii minori: 2;Ordin-2094-din-24.10.2024-art.10.pdf
24.10.2024;2094P;26733/2023;;Ordin-2094-din-24.10.2024-art.10.pdf
24.10.2024;2094P;26717/2023;;Ordin-2094-din-24.10.2024-art.10.pdf
24.10.2024;2094P;26735/2023;;Ordin-2094-din-24.10.2024-art.10.pdf
24.10.2024;2094P;23777/2023;;Ordin-2094-din-24.10.2024-art.10.pdf
24.10.2024;2094P;23774/2023;Copii minori: 1;Ordin-2094-din-24.10.2024-art.10.pdf
24.10.2024;2094P;23774/2023;;Ordin-2094-din-24.10.2024-art.10.pdf
24.10.2024;2094P;2729/2023;;Ordin-2094-din-24.10.2024-art.10.pdf
24.10.2024;2094P;2969/2023;;Ordin-2094-din-24.10.2024-art.10.pdf
24.10.2024;2094P;26740/2023;;Ordin-2094-din-24.10.2024-art.10.pdf
24.10.2024;2094P;26726/2023;;Ordin-2094-din-24.10.2024-art.10.pdf
24.10.2024;2094P;23790/2023;Copii minori: 2;Ordin-2094-din-24.10.2024-art.10.pdf
24.10.2024;2094P;26734/2023;;Ordin-2094-din-24.10.2024-art.10.pdf
24.10.2024;2094P;2950/2023;;Ordin-2094-din-24.10.2024-art.10.pdf
24.10.2024;2094P;26729/2023;;Ordin-2094-din-24.10.2024-art.10.pdf
24.10.2024;2094P;26736/2023;;Ordin-2094-din-24.10.2024-art.10.pdf
24.10.2024;2094P;26725/2023;;Ordin-2094-din-24.10.2024-art.10.pdf
24.10.2024;2094P;2947/2023;Copii minori: 3;Ordin-2094-din-24.10.2024-art.10.pdf
24.10.2024;2094P;2948/2023;;Ordin-2094-din-24.10.2024-art.10.pdf
24.10.2024;2094P;24395/2023;;Ordin-2094-din-24.10.2024-art.10.pdf
24.10.2024;2094P;26737/2023;Copii minori: 2;Ordin-2094-din-24.10.2024-art.10.pdf
24.10.2024;2094P;23754/2023;;Ordin-2094-din-24.10.2024-art.10.pdf
24.10.2024;2094P;26705/2023;;Ordin-2094-din-24.10.2024-art.10.pdf
24.10.2024;2094P;26723/2023;;Ordin-2094-din-24.10.2024-art.10.pdf
24.10.2024;2094P;26713/2023;Copii minori: 2;Ordin-2094-din-24.10.2024-art.10.pdf
24.10.2024;2094P;2966/2023;;Ordin-2094-din-24.10.2024-art.10.pdf
24.10.2024;2094P;2966/2023;Copii minori: 1;Ordin-2094-din-24.10.2024-art.10.pdf
24.10.2024;2094P;23743/2023;;Ordin-2094-din-24.10.2024-art.10.pdf
24.10.2024;2094P;23771/2023;;Ordin-2094-din-24.10.2024-art.10.pdf
24.10.2024;2094P;23792/2023;;Ordin-2094-din-24.10.2024-art.10.pdf
24.10.2024;2094P;2995/2023;Copii minori: 2;Ordin-2094-din-24.10.2024-art.10.pdf
24.10.2024;2094P;3058/2023;;Ordin-2094-din-24.10.2024-art.10.pdf
24.10.2024;2094P;26738/2023;Copii minori: 2;Ordin-2094-din-24.10.2024-art.10.pdf
24.10.2024;2094P;3008/2023;;Ordin-2094-din-24.10.2024-art.10.pdf
24.10.2024;2094P;23749/2023;Copii minori: 4;Ordin-2094-din-24.10.2024-art.10.pdf
24.10.2024;2094P;26712/2023;;Ordin-2094-din-24.10.2024-art.10.pdf
24.10.2024;2094P;24400/2023;;Ordin-2094-din-24.10.2024-art.10.pdf
24.10.2024;2094P;2993/2023;;Ordin-2094-din-24.10.2024-art.10.pdf
24.10.2024;2094P;2988/2023;;Ordin-2094-din-24.10.2024-art.10.pdf
24.10.2024;2094P;2960/2023;Copii minori: 1;Ordin-2094-din-24.10.2024-art.10.pdf
24.10.2024;2094P;3018/2023;;Ordin-2094-din-24.10.2024-art.10.pdf
24.10.2024;2094P;23793/2023;;Ordin-2094-din-24.10.2024-art.10.pdf
24.10.2024;2094P;23731/2023;;Ordin-2094-din-24.10.2024-art.10.pdf
24.10.2024;2094P;24022/2023;Copii minori: 2;Ordin-2094-din-24.10.2024-art.10.pdf
24.10.2024;2094P;23746/2023;;Ordin-2094-din-24.10.2024-art.10.pdf
24.10.2024;2094P;24226/2023;;Ordin-2094-din-24.10.2024-art.10.pdf
24.10.2024;2094P;24226/2023;Copii minori: 2;Ordin-2094-din-24.10.2024-art.10.pdf
24.10.2024;2094P;23766/2023;Copii minori: 1;Ordin-2094-din-24.10.2024-art.10.pdf
24.10.2024;2094P;3042/2023;Copii minori: 3;Ordin-2094-din-24.10.2024-art.10.pdf
24.10.2024;2094P;3034/2023;;Ordin-2094-din-24.10.2024-art.10.pdf
24.10.2024;2094P;2952/2023;;Ordin-2094-din-24.10.2024-art.10.pdf
24.10.2024;2094P;3003/2023;Copii minori: 1;Ordin-2094-din-24.10.2024-art.10.pdf
24.10.2024;2094P;2945/2023;Copii minori: 1;Ordin-2094-din-24.10.2024-art.10.pdf
24.10.2024;2094P;26719/2023;;Ordin-2094-din-24.10.2024-art.10.pdf
24.10.2024;2094P;26732/2023;;Ordin-2094-din-24.10.2024-art.10.pdf
24.10.2024;2094P;3047/2023;;Ordin-2094-din-24.10.2024-art.10.pdf
24.10.2024;2094P;23781/2023;;Ordin-2094-din-24.10.2024-art.10.pdf
24.10.2024;2094P;2962/2023;;Ordin-2094-din-24.10.2024-art.10.pdf
24.10.2024;2094P;2959/2023;;Ordin-2094-din-24.10.2024-art.10.pdf
24.10.2024;2094P;3020/2023;Copii minori: 2;Ordin-2094-din-24.10.2024-art.10.pdf
24.10.2024;2094P;23753/2023;;Ordin-2094-din-24.10.2024-art.10.pdf
24.10.2024;2094P;23730/2023;Copii minori: 2;Ordin-2094-din-24.10.2024-art.10.pdf
24.10.2024;2094P;26715/2023;;Ordin-2094-din-24.10.2024-art.10.pdf
24.10.2024;2094P;26710/2023;;Ordin-2094-din-24.10.2024-art.10.pdf
24.10.2024;2094P;23787/2023;;Ordin-2094-din-24.10.2024-art.10.pdf
24.10.2024;2094P;23783/2023;;Ordin-2094-din-24.10.2024-art.10.pdf
24.10.2024;2094P;3031/2023;;Ordin-2094-din-24.10.2024-art.10.pdf
24.10.2024;2094P;2942/2023;;Ordin-2094-din-24.10.2024-art.10.pdf
24.10.2024;2094P;26739/2023;Copii minori: 2;Ordin-2094-din-24.10.2024-art.10.pdf
24.10.2024;2094P;26734/2023;;Ordin-2094-din-24.10.2024-art.10.pdf
24.10.2024;2094P;26742/2023;;Ordin-2094-din-24.10.2024-art.10.pdf
24.10.2024;2094P;26741/2023;;Ordin-2094-din-24.10.2024-art.10.pdf
24.10.2024;2094P;26716/2023;;Ordin-2094-din-24.10.2024-art.10.pdf
24.10.2024;2094P;26714/2023;Copii minori: 2;Ordin-2094-din-24.10.2024-art.10.pdf
24.10.2024;2094P;26706/2023;;Ordin-2094-din-24.10.2024-art.10.pdf
24.10.2024;2094P;2944/2023;;Ordin-2094-din-24.10.2024-art.10.pdf
24.10.2024;2094P;26709/2023;;Ordin-2094-din-24.10.2024-art.10.pdf
24.10.2024;2094P;24018/2023;;Ordin-2094-din-24.10.2024-art.10.pdf
24.10.2024;2094P;26707/2023;Copii minori: 2;Ordin-2094-din-24.10.2024-art.10.pdf
24.10.2024;2094P;24586/2023;;Ordin-2094-din-24.10.2024-art.10.pdf
24.10.2024;2094P;24593/2023;Copii minori: 1;Ordin-2094-din-24.10.2024-art.10.pdf
24.10.2024;2094P;26711/2023;;Ordin-2094-din-24.10.2024-art.10.pdf
24.10.2024;2094P;23750/2023;;Ordin-2094-din-24.10.2024-art.10.pdf
24.10.2024;2094P;23755/2023;;Ordin-2094-din-24.10.2024-art.10.pdf
24.10.2024;2094P;3028/2023;Copii minori: 2;Ordin-2094-din-24.10.2024-art.10.pdf
24.10.2024;2094P;2941/2023;;Ordin-2094-din-24.10.2024-art.10.pdf
24.10.2024;2094P;3001/2023;;Ordin-2094-din-24.10.2024-art.10.pdf
24.10.2024;2094P;24468/2023;;Ordin-2094-din-24.10.2024-art.10.pdf
24.10.2024;2094P;26728/2023;;Ordin-2094-din-24.10.2024-art.10.pdf
24.10.2024;2094P;24264/2023;Copii minori: 1;Ordin-2094-din-24.10.2024-art.10.pdf
24.10.2024;2092P;35666/2022;;Ordin-2092.P.24.10.2024.art_.10.pdf
24.10.2024;2092P;34309/2022;Copii minori: 2;Ordin-2092.P.24.10.2024.art_.10.pdf
24.10.2024;2092P;12657/2022;;Ordin-2092.P.24.10.2024.art_.10.pdf
24.10.2024;2092P;3075/2022;;Ordin-2092.P.24.10.2024.art_.10.pdf
24.10.2024;2092P;28638/2023;;Ordin-2092.P.24.10.2024.art_.10.pdf
24.10.2024;2092P;3065/2022;;Ordin-2092.P.24.10.2024.art_.10.pdf
24.10.2024;2092P;3065/2022;;Ordin-2092.P.24.10.2024.art_.10.pdf
24.10.2024;2092P;34258/2022;;Ordin-2092.P.24.10.2024.art_.10.pdf
24.10.2024;2092P;14880/2022;Copii minori: 3;Ordin-2092.P.24.10.2024.art_.10.pdf
24.10.2024;2092P;34334/2022;;Ordin-2092.P.24.10.2024.art_.10.pdf
24.10.2024;2092P;34304/2022;;Ordin-2092.P.24.10.2024.art_.10.pdf
24.10.2024;2092P;28657/2023;;Ordin-2092.P.24.10.2024.art_.10.pdf
24.10.2024;2092P;3058/2022;Copii minori: 3;Ordin-2092.P.24.10.2024.art_.10.pdf
24.10.2024;2092P;28637/2023;;Ordin-2092.P.24.10.2024.art_.10.pdf
24.10.2024;2092P;28648/2023;;Ordin-2092.P.24.10.2024.art_.10.pdf
24.10.2024;2092P;28641/2023;;Ordin-2092.P.24.10.2024.art_.10.pdf
24.10.2024;2092P;3074/2022;;Ordin-2092.P.24.10.2024.art_.10.pdf
24.10.2024;2092P;3074/2022;;Ordin-2092.P.24.10.2024.art_.10.pdf
24.10.2024;2092P;34305/2022;;Ordin-2092.P.24.10.2024.art_.10.pdf
24.10.2024;2092P;28655/2023;Copii minori: 3;Ordin-2092.P.24.10.2024.art_.10.pdf
24.10.2024;2092P;34303/2022;;Ordin-2092.P.24.10.2024.art_.10.pdf
24.10.2024;2092P;28664/2023;;Ordin-2092.P.24.10.2024.art_.10.pdf
24.10.2024;2092P;3085/2022;;Ordin-2092.P.24.10.2024.art_.10.pdf
24.10.2024;2092P;3077/2022;;Ordin-2092.P.24.10.2024.art_.10.pdf
24.10.2024;2092P;3072/2022;;Ordin-2092.P.24.10.2024.art_.10.pdf
24.10.2024;2092P;35899/2022;Copii minori: 1;Ordin-2092.P.24.10.2024.art_.10.pdf
24.10.2024;2092P;28669/2023;;Ordin-2092.P.24.10.2024.art_.10.pdf
24.10.2024;2092P;28665/2023;;Ordin-2092.P.24.10.2024.art_.10.pdf
24.10.2024;2092P;40362/2021;;Ordin-2092.P.24.10.2024.art_.10.pdf
24.10.2024;2092P;34272/2022;Copii minori: 1;Ordin-2092.P.24.10.2024.art_.10.pdf
24.10.2024;2092P;34308/2022;;Ordin-2092.P.24.10.2024.art_.10.pdf
24.10.2024;2092P;3062/2022;;Ordin-2092.P.24.10.2024.art_.10.pdf
24.10.2024;2092P;3078/2022;;Ordin-2092.P.24.10.2024.art_.10.pdf
24.10.2024;2092P;34327/2022;;Ordin-2092.P.24.10.2024.art_.10.pdf
24.10.2024;2092P;34318/2022;Copii minori: 1;Ordin-2092.P.24.10.2024.art_.10.pdf
24.10.2024;2092P;3059/2022;;Ordin-2092.P.24.10.2024.art_.10.pdf
24.10.2024;2092P;37772/2022;;Ordin-2092.P.24.10.2024.art_.10.pdf
24.10.2024;2092P;28646/2023;;Ordin-2092.P.24.10.2024.art_.10.pdf
24.10.2024;2092P;28660/2023;Copii minori: 2;Ordin-2092.P.24.10.2024.art_.10.pdf
24.10.2024;2092P;28651/2023;;Ordin-2092.P.24.10.2024.art_.10.pdf
24.10.2024;2092P;28643/2023;;Ordin-2092.P.24.10.2024.art_.10.pdf
24.10.2024;2092P;28644/2023;;Ordin-2092.P.24.10.2024.art_.10.pdf
24.10.2024;2092P;38947/2022;;Ordin-2092.P.24.10.2024.art_.10.pdf
24.10.2024;2092P;34322/2022;Copii minori: 3;Ordin-2092.P.24.10.2024.art_.10.pdf
24.10.2024;2092P;34300/2022;;Ordin-2092.P.24.10.2024.art_.10.pdf
24.10.2024;2092P;34306/2022;Copii minori: 1;Ordin-2092.P.24.10.2024.art_.10.pdf
24.10.2024;2092P;35633/2022;Copii minori: 2;Ordin-2092.P.24.10.2024.art_.10.pdf
24.10.2024;2092P;34333/2022;;Ordin-2092.P.24.10.2024.art_.10.pdf
24.10.2024;2092P;34339/2022;;Ordin-2092.P.24.10.2024.art_.10.pdf
24.10.2024;2092P;34231/2022;;Ordin-2092.P.24.10.2024.art_.10.pdf
24.10.2024;2092P;34320/2022;;Ordin-2092.P.24.10.2024.art_.10.pdf
24.10.2024;2092P;3069/2022;;Ordin-2092.P.24.10.2024.art_.10.pdf
24.10.2024;2092P;3068/2022;;Ordin-2092.P.24.10.2024.art_.10.pdf
24.10.2024;2092P;38344/2022;;Ordin-2092.P.24.10.2024.art_.10.pdf
24.10.2024;2092P;34307/2022;;Ordin-2092.P.24.10.2024.art_.10.pdf
24.10.2024;2092P;34313/2022;;Ordin-2092.P.24.10.2024.art_.10.pdf
24.10.2024;2092P;34313/2022;;Ordin-2092.P.24.10.2024.art_.10.pdf
24.10.2024;2092P;21415/2022;;Ordin-2092.P.24.10.2024.art_.10.pdf
24.10.2024;2092P;28677/2023;Copii minori: 3;Ordin-2092.P.24.10.2024.art_.10.pdf
24.10.2024;2092P;28656/2023;;Ordin-2092.P.24.10.2024.art_.10.pdf
24.10.2024;2092P;3060/2022;;Ordin-2092.P.24.10.2024.art_.10.pdf
24.10.2024;2092P;22400/2022;;Ordin-2092.P.24.10.2024.art_.10.pdf
24.10.2024;2092P;3067/2022;;Ordin-2092.P.24.10.2024.art_.10.pdf
24.10.2024;2092P;3084/2022;;Ordin-2092.P.24.10.2024.art_.10.pdf
24.10.2024;2092P;1276/2021;;Ordin-2092.P.24.10.2024.art_.10.pdf
24.10.2024;2092P;34234/2022;;Ordin-2092.P.24.10.2024.art_.10.pdf
24.10.2024;2092P;28673/2023;;Ordin-2092.P.24.10.2024.art_.10.pdf
24.10.2024;2092P;28672/2023;;Ordin-2092.P.24.10.2024.art_.10.pdf
24.10.2024;2092P;28663/2023;;Ordin-2092.P.24.10.2024.art_.10.pdf
24.10.2024;2092P;28666/2023;Copii minori: 1;Ordin-2092.P.24.10.2024.art_.10.pdf
24.10.2024;2092P;3064/2022;Copii minori: 1;Ordin-2092.P.24.10.2024.art_.10.pdf
24.10.2024;2092P;3080/2022;;Ordin-2092.P.24.10.2024.art_.10.pdf
24.10.2024;2092P;3083/2022;;Ordin-2092.P.24.10.2024.art_.10.pdf
24.10.2024;2092P;3073/2022;;Ordin-2092.P.24.10.2024.art_.10.pdf
24.10.2024;2092P;3082/2022;;Ordin-2092.P.24.10.2024.art_.10.pdf
24.10.2024;2092P;36790/2022;;Ordin-2092.P.24.10.2024.art_.10.pdf
24.10.2024;2092P;35905/2022;Copii minori: 1;Ordin-2092.P.24.10.2024.art_.10.pdf
24.10.2024;2092P;3061/2022;;Ordin-2092.P.24.10.2024.art_.10.pdf
24.10.2024;2092P;28671/2023;;Ordin-2092.P.24.10.2024.art_.10.pdf
24.10.2024;2092P;3079/2022;;Ordin-2092.P.24.10.2024.art_.10.pdf
24.10.2024;2092P;28642/2023;;Ordin-2092.P.24.10.2024.art_.10.pdf
24.10.2024;2092P;34301/2022;Copii minori: 1;Ordin-2092.P.24.10.2024.art_.10.pdf
24.10.2024;2092P;3066/2022;;Ordin-2092.P.24.10.2024.art_.10.pdf
24.10.2024;2092P;3081/2022;;Ordin-2092.P.24.10.2024.art_.10.pdf
24.10.2024;2092P;28679/2023;;Ordin-2092.P.24.10.2024.art_.10.pdf
24.10.2024;2092P;28650/2023;;Ordin-2092.P.24.10.2024.art_.10.pdf
24.10.2024;2092P;34323/2022;;Ordin-2092.P.24.10.2024.art_.10.pdf
24.10.2024;2092P;28674/2023;;Ordin-2092.P.24.10.2024.art_.10.pdf
24.10.2024;2092P;28645/2023;;Ordin-2092.P.24.10.2024.art_.10.pdf
24.10.2024;2092P;34319/2022;;Ordin-2092.P.24.10.2024.art_.10.pdf
24.10.2024;2092P;28649/2023;;Ordin-2092.P.24.10.2024.art_.10.pdf
24.10.2024;2092P;28668/2023;Copii minori: 3;Ordin-2092.P.24.10.2024.art_.10.pdf
21.10.2024;2077P;26805/2023;;Ordin-2077.P.21.10.2024-art.10.pdf
21.10.2024;2077P;26795/2023;;Ordin-2077.P.21.10.2024-art.10.pdf
21.10.2024;2077P;26808/2023;;Ordin-2077.P.21.10.2024-art.10.pdf
21.10.2024;2077P;26798/2023;;Ordin-2077.P.21.10.2024-art.10.pdf
21.10.2024;2077P;26807/2023;;Ordin-2077.P.21.10.2024-art.10.pdf
21.10.2024;2077P;26809/2023;;Ordin-2077.P.21.10.2024-art.10.pdf
21.10.2024;2077P;6539/2021;;Ordin-2077.P.21.10.2024-art.10.pdf
21.10.2024;2077P;26810/2023;;Ordin-2077.P.21.10.2024-art.10.pdf
21.10.2024;2077P;26793/2023;Copii minori: 1;Ordin-2077.P.21.10.2024-art.10.pdf
21.10.2024;2077P;26789/2023;;Ordin-2077.P.21.10.2024-art.10.pdf
21.10.2024;2077P;26787/2023;;Ordin-2077.P.21.10.2024-art.10.pdf
21.10.2024;2077P;26781/2023;;Ordin-2077.P.21.10.2024-art.10.pdf
21.10.2024;2077P;26786/2023;;Ordin-2077.P.21.10.2024-art.10.pdf
21.10.2024;2077P;26797/2023;Copii minori: 1;Ordin-2077.P.21.10.2024-art.10.pdf
21.10.2024;2077P;26790/2023;;Ordin-2077.P.21.10.2024-art.10.pdf
21.10.2024;2077P;26791/2023;;Ordin-2077.P.21.10.2024-art.10.pdf
21.10.2024;2077P;26802/2023;Copii minori: 3;Ordin-2077.P.21.10.2024-art.10.pdf
21.10.2024;2077P;26804/2023;;Ordin-2077.P.21.10.2024-art.10.pdf
21.10.2024;2077P;26813/2023;;Ordin-2077.P.21.10.2024-art.10.pdf
21.10.2024;2077P;6562/2021;;Ordin-2077.P.21.10.2024-art.10.pdf
21.10.2024;2077P;26785/2023;;Ordin-2077.P.21.10.2024-art.10.pdf
21.10.2024;2077P;26782/2023;;Ordin-2077.P.21.10.2024-art.10.pdf
21.10.2024;2077P;26782/2023;Copii minori: 1;Ordin-2077.P.21.10.2024-art.10.pdf
21.10.2024;2077P;26811/2023;;Ordin-2077.P.21.10.2024-art.10.pdf
21.10.2024;2077P;26792/2023;;Ordin-2077.P.21.10.2024-art.10.pdf
21.10.2024;2077P;26800/2023;;Ordin-2077.P.21.10.2024-art.10.pdf
21.10.2024;2077P;26801/2023;;Ordin-2077.P.21.10.2024-art.10.pdf
21.10.2024;2077P;26812/2023;;Ordin-2077.P.21.10.2024-art.10.pdf
21.10.2024;2077P;26806/2023;;Ordin-2077.P.21.10.2024-art.10.pdf
21.10.2024;2077P;26788/2023;;Ordin-2077.P.21.10.2024-art.10.pdf
21.10.2024;2077P;26788/2023;;Ordin-2077.P.21.10.2024-art.10.pdf
21.10.2024;2077P;26815/2023;;Ordin-2077.P.21.10.2024-art.10.pdf
21.10.2024;2077P;26794/2023;;Ordin-2077.P.21.10.2024-art.10.pdf
21.10.2024;2077P;26803/2023;;Ordin-2077.P.21.10.2024-art.10.pdf
11.10.2024;1984P;28002/2022;Copii minori: 2;1984-P-11-10-2024-art-10.pdf
11.10.2024;1984P;34958/2022;;1984-P-11-10-2024-art-10.pdf
30.09.2024;1788P;26757/2023;;OP-1788-din-30-09-2024-art-10.pdf
30.09.2024;1788P;26753/2023;;OP-1788-din-30-09-2024-art-10.pdf
30.09.2024;1788P;12676/2022;;OP-1788-din-30-09-2024-art-10.pdf
30.09.2024;1788P;6355/2022;;OP-1788-din-30-09-2024-art-10.pdf
30.09.2024;1788P;6355/2022;;OP-1788-din-30-09-2024-art-10.pdf
30.09.2024;1788P;26777/2023;;OP-1788-din-30-09-2024-art-10.pdf
30.09.2024;1788P;23408/2023;;OP-1788-din-30-09-2024-art-10.pdf
30.09.2024;1788P;26747/2023;;OP-1788-din-30-09-2024-art-10.pdf
30.09.2024;1788P;26771/2023;;OP-1788-din-30-09-2024-art-10.pdf
30.09.2024;1788P;12660/2022;Copii minori: 2;OP-1788-din-30-09-2024-art-10.pdf
30.09.2024;1788P;23651/2023;;OP-1788-din-30-09-2024-art-10.pdf
30.09.2024;1788P;11146/2022;Copii minori: 1;OP-1788-din-30-09-2024-art-10.pdf
30.09.2024;1788P;23401/2023;Copii minori: 3;OP-1788-din-30-09-2024-art-10.pdf
30.09.2024;1788P;26764/2023;;OP-1788-din-30-09-2024-art-10.pdf
30.09.2024;1788P;26751/2023;;OP-1788-din-30-09-2024-art-10.pdf
30.09.2024;1788P;26766/2023;;OP-1788-din-30-09-2024-art-10.pdf
30.09.2024;1788P;26750/2023;;OP-1788-din-30-09-2024-art-10.pdf
30.09.2024;1788P;26779/2023;;OP-1788-din-30-09-2024-art-10.pdf
30.09.2024;1788P;12654/2022;;OP-1788-din-30-09-2024-art-10.pdf
30.09.2024;1788P;23383/2023;;OP-1788-din-30-09-2024-art-10.pdf
30.09.2024;1788P;23434/2023;;OP-1788-din-30-09-2024-art-10.pdf
30.09.2024;1788P;26745/2023;;OP-1788-din-30-09-2024-art-10.pdf
30.09.2024;1788P;16656/2022;Copii minori: 2;OP-1788-din-30-09-2024-art-10.pdf
30.09.2024;1788P;12651/2022;;OP-1788-din-30-09-2024-art-10.pdf
30.09.2024;1788P;21411/2022;Copii minori: 1;OP-1788-din-30-09-2024-art-10.pdf
30.09.2024;1788P;21411/2022;;OP-1788-din-30-09-2024-art-10.pdf
30.09.2024;1788P;21407/2022;;OP-1788-din-30-09-2024-art-10.pdf
30.09.2024;1788P;16456/2022;Copii minori: 1;OP-1788-din-30-09-2024-art-10.pdf
30.09.2024;1788P;21410/2022;;OP-1788-din-30-09-2024-art-10.pdf
30.09.2024;1788P;23659/2023;;OP-1788-din-30-09-2024-art-10.pdf
30.09.2024;1788P;23662/2023;;OP-1788-din-30-09-2024-art-10.pdf
30.09.2024;1788P;23336/2023;;OP-1788-din-30-09-2024-art-10.pdf
30.09.2024;1788P;26768/2023;;OP-1788-din-30-09-2024-art-10.pdf
30.09.2024;1788P;23405/2023;;OP-1788-din-30-09-2024-art-10.pdf
30.09.2024;1788P;26769/2023;Copii minori: 2;OP-1788-din-30-09-2024-art-10.pdf
30.09.2024;1788P;26744/2023;;OP-1788-din-30-09-2024-art-10.pdf
30.09.2024;1788P;23368/2023;;OP-1788-din-30-09-2024-art-10.pdf
30.09.2024;1788P;21300/2022;;OP-1788-din-30-09-2024-art-10.pdf
30.09.2024;1788P;21273/2022;Copii minori: 1;OP-1788-din-30-09-2024-art-10.pdf
30.09.2024;1788P;21297/2022;;OP-1788-din-30-09-2024-art-10.pdf
30.09.2024;1788P;21282/2022;;OP-1788-din-30-09-2024-art-10.pdf
30.09.2024;1788P;26756/2023;;OP-1788-din-30-09-2024-art-10.pdf
30.09.2024;1788P;23391/2023;Copii minori: 3;OP-1788-din-30-09-2024-art-10.pdf
30.09.2024;1788P;6358/2022;Copii minori: 1;OP-1788-din-30-09-2024-art-10.pdf
30.09.2024;1788P;21402/2022;;OP-1788-din-30-09-2024-art-10.pdf
30.09.2024;1788P;45562/2021;;OP-1788-din-30-09-2024-art-10.pdf
30.09.2024;1788P;23664/2023;;OP-1788-din-30-09-2024-art-10.pdf
30.09.2024;1788P;26758/2023;;OP-1788-din-30-09-2024-art-10.pdf
30.09.2024;1788P;26780/2023;;OP-1788-din-30-09-2024-art-10.pdf
30.09.2024;1788P;26773/2023;;OP-1788-din-30-09-2024-art-10.pdf
30.09.2024;1788P;21405/2022;;OP-1788-din-30-09-2024-art-10.pdf
30.09.2024;1788P;12677/2022;Copii minori: 3;OP-1788-din-30-09-2024-art-10.pdf
30.09.2024;1788P;26776/2023;;OP-1788-din-30-09-2024-art-10.pdf
30.09.2024;1788P;12672/2022;;OP-1788-din-30-09-2024-art-10.pdf
30.09.2024;1788P;20357/2020;Copii minori: 1;OP-1788-din-30-09-2024-art-10.pdf
30.09.2024;1788P;44989/2021;Copii minori: 1;OP-1788-din-30-09-2024-art-10.pdf
30.09.2024;1788P;26762/2023;;OP-1788-din-30-09-2024-art-10.pdf
30.09.2024;1788P;23674/2023;Copii minori: 2;OP-1788-din-30-09-2024-art-10.pdf
30.09.2024;1788P;23660/2023;;OP-1788-din-30-09-2024-art-10.pdf
30.09.2024;1788P;23657/2023;;OP-1788-din-30-09-2024-art-10.pdf
30.09.2024;1788P;21412/2022;;OP-1788-din-30-09-2024-art-10.pdf
30.09.2024;1788P;12679/2022;;OP-1788-din-30-09-2024-art-10.pdf
30.09.2024;1788P;12680/2022;;OP-1788-din-30-09-2024-art-10.pdf
30.09.2024;1788P;26765/2023;;OP-1788-din-30-09-2024-art-10.pdf
30.09.2024;1788P;23370/2023;;OP-1788-din-30-09-2024-art-10.pdf
30.09.2024;1788P;12662/2022;;OP-1788-din-30-09-2024-art-10.pdf
30.09.2024;1788P;12650/2022;;OP-1788-din-30-09-2024-art-10.pdf
30.09.2024;1788P;26743/2023;;OP-1788-din-30-09-2024-art-10.pdf
30.09.2024;1788P;23479/2023;;OP-1788-din-30-09-2024-art-10.pdf
30.09.2024;1788P;12653/2022;;OP-1788-din-30-09-2024-art-10.pdf
30.09.2024;1788P;12653/2022;Copii minori: 1;OP-1788-din-30-09-2024-art-10.pdf
30.09.2024;1788P;12670/2022;;OP-1788-din-30-09-2024-art-10.pdf
30.09.2024;1788P;12671/2022;Copii minori: 2;OP-1788-din-30-09-2024-art-10.pdf
30.09.2024;1788P;12666/2022;;OP-1788-din-30-09-2024-art-10.pdf
30.09.2024;1788P;12667/2022;;OP-1788-din-30-09-2024-art-10.pdf
30.09.2024;1788P;12665/2022;Copii minori: 1;OP-1788-din-30-09-2024-art-10.pdf
30.09.2024;1788P;23421/2023;;OP-1788-din-30-09-2024-art-10.pdf
30.09.2024;1788P;23379/2023;;OP-1788-din-30-09-2024-art-10.pdf
30.09.2024;1788P;23663/2023;;OP-1788-din-30-09-2024-art-10.pdf
30.09.2024;1788P;12664/2022;;OP-1788-din-30-09-2024-art-10.pdf
30.09.2024;1788P;12669/2022;;OP-1788-din-30-09-2024-art-10.pdf
30.09.2024;1788P;12678/2022;;OP-1788-din-30-09-2024-art-10.pdf
30.09.2024;1788P;23410/2023;Copii minori: 2;OP-1788-din-30-09-2024-art-10.pdf
30.09.2024;1788P;23400/2023;;OP-1788-din-30-09-2024-art-10.pdf
30.09.2024;1788P;23439/2023;;OP-1788-din-30-09-2024-art-10.pdf
30.09.2024;1788P;23397/2023;Copii minori: 1;OP-1788-din-30-09-2024-art-10.pdf
30.09.2024;1788P;26746/2023;Copii minori: 2;OP-1788-din-30-09-2024-art-10.pdf
30.09.2024;1788P;23640/2023;;OP-1788-din-30-09-2024-art-10.pdf
30.09.2024;1788P;23640/2023;;OP-1788-din-30-09-2024-art-10.pdf
30.09.2024;1788P;23640/2023;;OP-1788-din-30-09-2024-art-10.pdf
30.09.2024;1788P;23655/2023;;OP-1788-din-30-09-2024-art-10.pdf
30.09.2024;1788P;26772/2023;;OP-1788-din-30-09-2024-art-10.pdf
30.09.2024;1788P;23662/2023;Copii minori: 3;OP-1788-din-30-09-2024-art-10.pdf
30.09.2024;1788P;26752/2023;;OP-1788-din-30-09-2024-art-10.pdf
30.09.2024;1788P;26767/2023;;OP-1788-din-30-09-2024-art-10.pdf
30.09.2024;1788P;76802/2018;;OP-1788-din-30-09-2024-art-10.pdf
30.09.2024;1788P;12668/2022;;OP-1788-din-30-09-2024-art-10.pdf
30.09.2024;1788P;21404/2022;;OP-1788-din-30-09-2024-art-10.pdf
30.09.2024;1788P;12661/2022;;OP-1788-din-30-09-2024-art-10.pdf
30.09.2024;1788P;26749/2023;;OP-1788-din-30-09-2024-art-10.pdf
30.09.2024;1788P;21277/2022;Copii minori: 1;OP-1788-din-30-09-2024-art-10.pdf
30.09.2024;1788P;26775/2023;;OP-1788-din-30-09-2024-art-10.pdf
30.09.2024;1788P;12674/2022;Copii minori: 1;OP-1788-din-30-09-2024-art-10.pdf
30.09.2024;1788P;12655/2022;;OP-1788-din-30-09-2024-art-10.pdf
30.09.2024;1788P;12652/2022;;OP-1788-din-30-09-2024-art-10.pdf
30.09.2024;1788P;23422/2023;;OP-1788-din-30-09-2024-art-10.pdf
30.09.2024;1788P;12659/2022;;OP-1788-din-30-09-2024-art-10.pdf
30.09.2024;1788P;12673/2022;;OP-1788-din-30-09-2024-art-10.pdf
30.09.2024;1788P;23420/2023;Copii minori: 2;OP-1788-din-30-09-2024-art-10.pdf
30.09.2024;1788P;12656/2022;;OP-1788-din-30-09-2024-art-10.pdf
30.09.2024;1788P;23354/2023;;OP-1788-din-30-09-2024-art-10.pdf
30.09.2024;1788P;23425/2023;Copii minori: 2;OP-1788-din-30-09-2024-art-10.pdf
30.09.2024;1788P;7105/2022;Copii minori: 2;OP-1788-din-30-09-2024-art-10.pdf
25.09.2024;1772P;23772/2023;;Ordin-nr.-1772P-din-25.09.2024.pdf
25.09.2024;1772P;12342/2022;;Ordin-nr.-1772P-din-25.09.2024.pdf
25.09.2024;1772P;12347/2022;;Ordin-nr.-1772P-din-25.09.2024.pdf
25.09.2024;1772P;12349/2022;Copii minori: 1;Ordin-nr.-1772P-din-25.09.2024.pdf
25.09.2024;1772P;23747/2023;;Ordin-nr.-1772P-din-25.09.2024.pdf
25.09.2024;1772P;27794/2022;;Ordin-nr.-1772P-din-25.09.2024.pdf
25.09.2024;1772P;23716/2023;;Ordin-nr.-1772P-din-25.09.2024.pdf
25.09.2024;1772P;23784/2023;;Ordin-nr.-1772P-din-25.09.2024.pdf
25.09.2024;1772P;23732/2023;;Ordin-nr.-1772P-din-25.09.2024.pdf
25.09.2024;1772P;36515/2022;;Ordin-nr.-1772P-din-25.09.2024.pdf
25.09.2024;1772P;23691/2023;;Ordin-nr.-1772P-din-25.09.2024.pdf
25.09.2024;1772P;23773/2023;;Ordin-nr.-1772P-din-25.09.2024.pdf
25.09.2024;1772P;23708/2023;;Ordin-nr.-1772P-din-25.09.2024.pdf
25.09.2024;1772P;23711/2023;;Ordin-nr.-1772P-din-25.09.2024.pdf
25.09.2024;1772P;23729/2023;Copii minori: 2;Ordin-nr.-1772P-din-25.09.2024.pdf
25.09.2024;1772P;36526/2022;;Ordin-nr.-1772P-din-25.09.2024.pdf
25.09.2024;1772P;36542/2022;Copii minori: 3;Ordin-nr.-1772P-din-25.09.2024.pdf
25.09.2024;1772P;23719/2023;;Ordin-nr.-1772P-din-25.09.2024.pdf
25.09.2024;1772P;36523/2022;;Ordin-nr.-1772P-din-25.09.2024.pdf
25.09.2024;1772P;19518/2020;;Ordin-nr.-1772P-din-25.09.2024.pdf
25.09.2024;1772P;36518/2022;;Ordin-nr.-1772P-din-25.09.2024.pdf
25.09.2024;1772P;36510/2022;;Ordin-nr.-1772P-din-25.09.2024.pdf
25.09.2024;1772P;23692/2023;;Ordin-nr.-1772P-din-25.09.2024.pdf
25.09.2024;1772P;36525/2022;Copii minori: 2;Ordin-nr.-1772P-din-25.09.2024.pdf
25.09.2024;1772P;36547/2022;;Ordin-nr.-1772P-din-25.09.2024.pdf
25.09.2024;1772P;23734/2023;;Ordin-nr.-1772P-din-25.09.2024.pdf
25.09.2024;1772P;23735/2023;;Ordin-nr.-1772P-din-25.09.2024.pdf
25.09.2024;1772P;23776/2023;;Ordin-nr.-1772P-din-25.09.2024.pdf
25.09.2024;1772P;23710/2023;Copii minori: 2;Ordin-nr.-1772P-din-25.09.2024.pdf
25.09.2024;1772P;23767/2023;;Ordin-nr.-1772P-din-25.09.2024.pdf
25.09.2024;1772P;23685/2023;Copii minori: 1;Ordin-nr.-1772P-din-25.09.2024.pdf
25.09.2024;1772P;23685/2023;;Ordin-nr.-1772P-din-25.09.2024.pdf
25.09.2024;1772P;23786/2023;;Ordin-nr.-1772P-din-25.09.2024.pdf
25.09.2024;1772P;23686/2023;Copii minori: 1;Ordin-nr.-1772P-din-25.09.2024.pdf
25.09.2024;1772P;34264/2022;;Ordin-nr.-1772P-din-25.09.2024.pdf
25.09.2024;1772P;25829/2021;;Ordin-nr.-1772P-din-25.09.2024.pdf
25.09.2024;1772P;36544/2022;Copii minori: 1;Ordin-nr.-1772P-din-25.09.2024.pdf
25.09.2024;1772P;85478/2019;;Ordin-nr.-1772P-din-25.09.2024.pdf
25.09.2024;1772P;23788/2023;;Ordin-nr.-1772P-din-25.09.2024.pdf
25.09.2024;1772P;36538/2022;;Ordin-nr.-1772P-din-25.09.2024.pdf
25.09.2024;1772P;36536/2022;;Ordin-nr.-1772P-din-25.09.2024.pdf
25.09.2024;1772P;23714/2023;;Ordin-nr.-1772P-din-25.09.2024.pdf
25.09.2024;1772P;23761/2023;Copii minori: 1;Ordin-nr.-1772P-din-25.09.2024.pdf
25.09.2024;1772P;23761/2023;;Ordin-nr.-1772P-din-25.09.2024.pdf
25.09.2024;1772P;23762/2023;;Ordin-nr.-1772P-din-25.09.2024.pdf
25.09.2024;1772P;36528/2022;;Ordin-nr.-1772P-din-25.09.2024.pdf
25.09.2024;1772P;23738/2023;;Ordin-nr.-1772P-din-25.09.2024.pdf
25.09.2024;1772P;23675/2023;;Ordin-nr.-1772P-din-25.09.2024.pdf
25.09.2024;1772P;31048/2021;;Ordin-nr.-1772P-din-25.09.2024.pdf
25.09.2024;1772P;23775/2023;Copii minori: 2;Ordin-nr.-1772P-din-25.09.2024.pdf
25.09.2024;1772P;92361/2019;;Ordin-nr.-1772P-din-25.09.2024.pdf
25.09.2024;1772P;23683/2023;;Ordin-nr.-1772P-din-25.09.2024.pdf
25.09.2024;1772P;36516/2022;Copii minori: 2;Ordin-nr.-1772P-din-25.09.2024.pdf
30.07.2024;1227P;36503/2022;;Ordin-1227-P-30-07-2024.pdf
30.07.2024;1227P;12223/2020;;Ordin-1227-P-30-07-2024.pdf
30.07.2024;1227P;36553/2022;Copii minori: 1;Ordin-1227-P-30-07-2024.pdf
30.07.2024;1227P;36543/2022;;Ordin-1227-P-30-07-2024.pdf
30.07.2024;1227P;36498/2022;;Ordin-1227-P-30-07-2024.pdf
30.07.2024;1227P;33522/2022;;Ordin-1227-P-30-07-2024.pdf
30.07.2024;1227P;36527/2022;Copii minori: 1;Ordin-1227-P-30-07-2024.pdf
30.07.2024;1227P;36527/2022;;Ordin-1227-P-30-07-2024.pdf
30.07.2024;1227P;9762/2021;;Ordin-1227-P-30-07-2024.pdf
30.07.2024;1227P;9762/2021;;Ordin-1227-P-30-07-2024.pdf
30.07.2024;1227P;36530/2022;Copii minori: 1;Ordin-1227-P-30-07-2024.pdf
30.07.2024;1227P;5562/2022;Copii minori: 1;Ordin-1227-P-30-07-2024.pdf
30.07.2024;1227P;36539/2022;;Ordin-1227-P-30-07-2024.pdf
30.07.2024;1227P;36522/2022;;Ordin-1227-P-30-07-2024.pdf
30.07.2024;1227P;36537/2022;;Ordin-1227-P-30-07-2024.pdf
30.07.2024;1227P;36534/2022;Copii minori: 3;Ordin-1227-P-30-07-2024.pdf
30.07.2024;1227P;3503/2022;Copii minori: 1;Ordin-1227-P-30-07-2024.pdf
30.07.2024;1227P;36543/2022;;Ordin-1227-P-30-07-2024.pdf
30.07.2024;1227P;34361/2022;;Ordin-1227-P-30-07-2024.pdf
30.07.2024;1227P;36540/2022;;Ordin-1227-P-30-07-2024.pdf
30.07.2024;1227P;36531/2022;;Ordin-1227-P-30-07-2024.pdf
30.07.2024;1227P;36545/2022;;Ordin-1227-P-30-07-2024.pdf
30.07.2024;1227P;36545/2022;Copii minori: 1;Ordin-1227-P-30-07-2024.pdf
30.07.2024;1227P;27789/2022;;Ordin-1227-P-30-07-2024.pdf
30.07.2024;1227P;36505/2022;;Ordin-1227-P-30-07-2024.pdf
30.07.2024;1227P;31453/2022;;Ordin-1227-P-30-07-2024.pdf
30.07.2024;1227P;31457/2022;;Ordin-1227-P-30-07-2024.pdf
30.07.2024;1227P;36500/2022;;Ordin-1227-P-30-07-2024.pdf
30.07.2024;1227P;36496/2022;;Ordin-1227-P-30-07-2024.pdf
30.07.2024;1227P;36497/2022;;Ordin-1227-P-30-07-2024.pdf
30.07.2024;1227P;16357/2022;Copii minori: 2;Ordin-1227-P-30-07-2024.pdf
29.07.2024;1199P;43905/2021;;ordin-1199-P-din-29-iulie-2024-art-10-1.pdf
29.07.2024;1199P;45800/2021;;ordin-1199-P-din-29-iulie-2024-art-10-1.pdf
29.07.2024;1199P;45799/2021;;ordin-1199-P-din-29-iulie-2024-art-10-1.pdf
29.07.2024;1199P;45785/2021;;ordin-1199-P-din-29-iulie-2024-art-10-1.pdf
29.07.2024;1199P;45797/2021;;ordin-1199-P-din-29-iulie-2024-art-10-1.pdf
29.07.2024;1199P;43849/2021;;ordin-1199-P-din-29-iulie-2024-art-10-1.pdf
29.07.2024;1199P;15817/2021;;ordin-1199-P-din-29-iulie-2024-art-10-1.pdf
29.07.2024;1199P;45795/2021;;ordin-1199-P-din-29-iulie-2024-art-10-1.pdf
29.07.2024;1199P;45795/2021;;ordin-1199-P-din-29-iulie-2024-art-10-1.pdf
29.07.2024;1199P;45796/2021;;ordin-1199-P-din-29-iulie-2024-art-10-1.pdf
29.07.2024;1199P;45795/2021;Copii minori: 1;ordin-1199-P-din-29-iulie-2024-art-10-1.pdf
29.07.2024;1199P;45806/2021;;ordin-1199-P-din-29-iulie-2024-art-10-1.pdf
29.07.2024;1199P;45807/2021;;ordin-1199-P-din-29-iulie-2024-art-10-1.pdf
29.07.2024;1199P;45802/2021;;ordin-1199-P-din-29-iulie-2024-art-10-1.pdf
29.07.2024;1199P;45810/2021;Copii minori: 1;ordin-1199-P-din-29-iulie-2024-art-10-1.pdf
29.07.2024;1199P;45779/2021;;ordin-1199-P-din-29-iulie-2024-art-10-1.pdf
29.07.2024;1199P;260/2021;Copii minori: 1;ordin-1199-P-din-29-iulie-2024-art-10-1.pdf
29.07.2024;1199P;251/2021;Copii minori: 1;ordin-1199-P-din-29-iulie-2024-art-10-1.pdf
29.07.2024;1199P;265/2021;;ordin-1199-P-din-29-iulie-2024-art-10-1.pdf
29.07.2024;1199P;6546/2021;;ordin-1199-P-din-29-iulie-2024-art-10-1.pdf
29.07.2024;1199P;256/2021;;ordin-1199-P-din-29-iulie-2024-art-10-1.pdf
29.07.2024;1199P;45808/2021;;ordin-1199-P-din-29-iulie-2024-art-10-1.pdf
29.07.2024;1199P;261/2021;;ordin-1199-P-din-29-iulie-2024-art-10-1.pdf
29.07.2024;1199P;40960/2021;;ordin-1199-P-din-29-iulie-2024-art-10-1.pdf
29.07.2024;1199P;40088/2021;;ordin-1199-P-din-29-iulie-2024-art-10-1.pdf
29.07.2024;1199P;43886/2021;;ordin-1199-P-din-29-iulie-2024-art-10-1.pdf
29.07.2024;1199P;45809/2021;;ordin-1199-P-din-29-iulie-2024-art-10-1.pdf
14.05.2024;931P;4790/2022;;Ordin-nr.-931-din-14.05.2024-art-10.pdf
14.05.2024;931P;4782/2022;;Ordin-nr.-931-din-14.05.2024-art-10.pdf
14.05.2024;931P;4800/2022;;Ordin-nr.-931-din-14.05.2024-art-10.pdf
14.05.2024;931P;4782/2022;;Ordin-nr.-931-din-14.05.2024-art-10.pdf
14.05.2024;931P;4820/2022;;Ordin-nr.-931-din-14.05.2024-art-10.pdf
14.05.2024;931P;4786/2022;;Ordin-nr.-931-din-14.05.2024-art-10.pdf
14.05.2024;931P;4801/2022;;Ordin-nr.-931-din-14.05.2024-art-10.pdf
14.05.2024;931P;4799/2022;;Ordin-nr.-931-din-14.05.2024-art-10.pdf
14.05.2024;931P;4787/2022;;Ordin-nr.-931-din-14.05.2024-art-10.pdf
14.05.2024;931P;4793/2022;;Ordin-nr.-931-din-14.05.2024-art-10.pdf
14.05.2024;931P;4815/2022;;Ordin-nr.-931-din-14.05.2024-art-10.pdf
14.05.2024;931P;4815/2022;;Ordin-nr.-931-din-14.05.2024-art-10.pdf
14.05.2024;931P;4784/2022;;Ordin-nr.-931-din-14.05.2024-art-10.pdf
14.05.2024;931P;4794/2022;;Ordin-nr.-931-din-14.05.2024-art-10.pdf
14.05.2024;931P;4792/2022;;Ordin-nr.-931-din-14.05.2024-art-10.pdf
14.05.2024;931P;4789/2022;;Ordin-nr.-931-din-14.05.2024-art-10.pdf
14.05.2024;931P;4823/2022;Copii minori: 3;Ordin-nr.-931-din-14.05.2024-art-10.pdf
14.05.2024;931P;4814/2022;Copii minori: 1;Ordin-nr.-931-din-14.05.2024-art-10.pdf
14.05.2024;931P;19080/2022;Copii minori: 3;Ordin-nr.-931-din-14.05.2024-art-10.pdf
14.05.2024;931P;4804/2022;Copii minori: 1;Ordin-nr.-931-din-14.05.2024-art-10.pdf
14.05.2024;931P;4796/2022;;Ordin-nr.-931-din-14.05.2024-art-10.pdf
14.05.2024;931P;4803/2022;;Ordin-nr.-931-din-14.05.2024-art-10.pdf
14.05.2024;931P;3631/2021;;Ordin-nr.-931-din-14.05.2024-art-10.pdf
14.05.2024;931P;4798/2022;Copii minori: 2;Ordin-nr.-931-din-14.05.2024-art-10.pdf
14.05.2024;931P;4780/2022;;Ordin-nr.-931-din-14.05.2024-art-10.pdf
14.05.2024;931P;4783/2022;;Ordin-nr.-931-din-14.05.2024-art-10.pdf
14.05.2024;931P;4783/2022;Copii minori: 2;Ordin-nr.-931-din-14.05.2024-art-10.pdf
14.05.2024;931P;4784/2022;Copii minori: 2;Ordin-nr.-931-din-14.05.2024-art-10.pdf
14.05.2024;931P;9326/2022;;Ordin-nr.-931-din-14.05.2024-art-10.pdf
14.05.2024;931P;4791/2022;;Ordin-nr.-931-din-14.05.2024-art-10.pdf
14.05.2024;931P;4791/2022;Copii minori: 1;Ordin-nr.-931-din-14.05.2024-art-10.pdf
14.05.2024;931P;4802/2022;;Ordin-nr.-931-din-14.05.2024-art-10.pdf
14.05.2024;931P;4797/2022;;Ordin-nr.-931-din-14.05.2024-art-10.pdf
14.05.2024;931P;4795/2022;;Ordin-nr.-931-din-14.05.2024-art-10.pdf
14.05.2024;931P;4788/2022;Copii minori: 2;Ordin-nr.-931-din-14.05.2024-art-10.pdf
14.05.2024;931P;21443/2022;Copii minori: 3;Ordin-nr.-931-din-14.05.2024-art-10.pdf
14.05.2024;931P;4785/2022;;Ordin-nr.-931-din-14.05.2024-art-10.pdf
14.05.2024;931P;19422/2020;;Ordin-nr.-931-din-14.05.2024-art-10.pdf
14.05.2024;931P;23483/2022;;Ordin-nr.-931-din-14.05.2024-art-10.pdf
14.05.2024;931P;4781/2022;Copii minori: 1;Ordin-nr.-931-din-14.05.2024-art-10.pdf
14.05.2024;931P;4781/2022;;Ordin-nr.-931-din-14.05.2024-art-10.pdf
25.04.2024;925P;23838/2020;;OP-925-din-25.04.2024-art.10.pdf
25.04.2024;925P;23836/2020;;OP-925-din-25.04.2024-art.10.pdf
25.04.2024;925P;6735/2021;;OP-925-din-25.04.2024-art.10.pdf
25.04.2024;925P;6759/2021;;OP-925-din-25.04.2024-art.10.pdf
25.04.2024;925P;5097/2021;;OP-925-din-25.04.2024-art.10.pdf
25.04.2024;925P;27796/2022;;OP-925-din-25.04.2024-art.10.pdf
25.04.2024;925P;28546/2022;;OP-925-din-25.04.2024-art.10.pdf
25.04.2024;925P;1462/2023;Copii minori: 3;OP-925-din-25.04.2024-art.10.pdf
25.04.2024;925P;1260/2023;Copii minori: 2;OP-925-din-25.04.2024-art.10.pdf
25.04.2024;925P;27801/2022;;OP-925-din-25.04.2024-art.10.pdf
25.04.2024;925P;6755/2021;Copii minori: 2;OP-925-din-25.04.2024-art.10.pdf
25.04.2024;925P;1059/2023;;OP-925-din-25.04.2024-art.10.pdf
25.04.2024;925P;1056/2023;;OP-925-din-25.04.2024-art.10.pdf
25.04.2024;925P;39038/2022;;OP-925-din-25.04.2024-art.10.pdf
25.04.2024;925P;45580/2021;Copii minori: 2;OP-925-din-25.04.2024-art.10.pdf
25.04.2024;925P;813/2023;Copii minori: 2;OP-925-din-25.04.2024-art.10.pdf
25.04.2024;925P;819/2023;Copii minori: 3;OP-925-din-25.04.2024-art.10.pdf
25.04.2024;925P;808/2023;;OP-925-din-25.04.2024-art.10.pdf
25.04.2024;925P;27800/2022;;OP-925-din-25.04.2024-art.10.pdf
25.04.2024;925P;19592/2022;;OP-925-din-25.04.2024-art.10.pdf
25.04.2024;925P;39041/2022;;OP-925-din-25.04.2024-art.10.pdf
25.04.2024;925P;1227/2023;Copii minori: 3;OP-925-din-25.04.2024-art.10.pdf
25.04.2024;925P;1459/2023;;OP-925-din-25.04.2024-art.10.pdf
25.04.2024;925P;28827/2022;;OP-925-din-25.04.2024-art.10.pdf
25.04.2024;925P;1453/2023;Copii minori: 3;OP-925-din-25.04.2024-art.10.pdf
25.04.2024;925P;822/2023;;OP-925-din-25.04.2024-art.10.pdf
25.04.2024;925P;39040/2022;Copii minori: 2;OP-925-din-25.04.2024-art.10.pdf
25.04.2024;925P;28826/2022;Copii minori: 2;OP-925-din-25.04.2024-art.10.pdf
25.04.2024;925P;83173/2019;Copii minori: 1;OP-925-din-25.04.2024-art.10.pdf
25.04.2024;925P;13895/2021;;OP-925-din-25.04.2024-art.10.pdf
25.04.2024;925P;28954/2022;;OP-925-din-25.04.2024-art.10.pdf
25.04.2024;925P;13891/2021;;OP-925-din-25.04.2024-art.10.pdf
25.04.2024;925P;13903/2021;;OP-925-din-25.04.2024-art.10.pdf
25.04.2024;925P;1018/2023;;OP-925-din-25.04.2024-art.10.pdf
25.04.2024;925P;1254/2023;;OP-925-din-25.04.2024-art.10.pdf
25.04.2024;925P;1254/2023;Copii minori: 1;OP-925-din-25.04.2024-art.10.pdf
25.04.2024;925P;276/2023;Copii minori: 2;OP-925-din-25.04.2024-art.10.pdf
25.04.2024;925P;276/2023;;OP-925-din-25.04.2024-art.10.pdf
25.04.2024;925P;39720/2022;;OP-925-din-25.04.2024-art.10.pdf
25.04.2024;925P;39715/2022;;OP-925-din-25.04.2024-art.10.pdf
25.04.2024;925P;39713/2022;;OP-925-din-25.04.2024-art.10.pdf
25.04.2024;925P;39718/2022;;OP-925-din-25.04.2024-art.10.pdf
25.04.2024;925P;9869/2021;;OP-925-din-25.04.2024-art.10.pdf
25.04.2024;925P;1458/2023;;OP-925-din-25.04.2024-art.10.pdf
25.04.2024;925P;39271/2022;;OP-925-din-25.04.2024-art.10.pdf
25.04.2024;925P;27793/2022;Copii minori: 2;OP-925-din-25.04.2024-art.10.pdf
25.04.2024;925P;1461/2023;;OP-925-din-25.04.2024-art.10.pdf
25.04.2024;925P;27802/2022;;OP-925-din-25.04.2024-art.10.pdf
25.04.2024;925P;28505/2022;;OP-925-din-25.04.2024-art.10.pdf
25.04.2024;925P;19130/2020;;OP-925-din-25.04.2024-art.10.pdf
25.04.2024;925P;869/2023;Copii minori: 3;OP-925-din-25.04.2024-art.10.pdf
25.04.2024;925P;12441/2020;;OP-925-din-25.04.2024-art.10.pdf
25.04.2024;925P;37607/2022;;OP-925-din-25.04.2024-art.10.pdf
25.04.2024;925P;28295/2022;;OP-925-din-25.04.2024-art.10.pdf
25.04.2024;925P;27804/2022;Copii minori: 3;OP-925-din-25.04.2024-art.10.pdf
25.04.2024;925P;1460/2023;;OP-925-din-25.04.2024-art.10.pdf
25.04.2024;925P;1455/2023;;OP-925-din-25.04.2024-art.10.pdf
25.04.2024;925P;8363/2022;Copii minori: 2;OP-925-din-25.04.2024-art.10.pdf
25.04.2024;925P;1451/2023;Copii minori: 3;OP-925-din-25.04.2024-art.10.pdf
25.04.2024;925P;28954/2022;Copii minori: 2;OP-925-din-25.04.2024-art.10.pdf
25.04.2024;925P;27795/2022;;OP-925-din-25.04.2024-art.10.pdf
25.04.2024;925P;27803/2022;;OP-925-din-25.04.2024-art.10.pdf
25.04.2024;925P;1452/2023;;OP-925-din-25.04.2024-art.10.pdf
25.04.2024;925P;39375/2022;;OP-925-din-25.04.2024-art.10.pdf
22.04.2024;915P;8377/2022;Copii minori: 1;OP-915-P-2024-art-10.pdf
22.04.2024;915P;44292/2021;;OP-915-P-2024-art-10.pdf
22.04.2024;915P;38986/2022;;OP-915-P-2024-art-10.pdf
22.04.2024;915P;38998/2022;;OP-915-P-2024-art-10.pdf
22.04.2024;915P;4740/2022;Copii minori: 1;OP-915-P-2024-art-10.pdf
22.04.2024;915P;14828/2022;;OP-915-P-2024-art-10.pdf
22.04.2024;915P;38990/2022;Copii minori: 1;OP-915-P-2024-art-10.pdf
22.04.2024;915P;38970/2022;;OP-915-P-2024-art-10.pdf
22.04.2024;915P;38980/2022;;OP-915-P-2024-art-10.pdf
22.04.2024;915P;4722/2022;;OP-915-P-2024-art-10.pdf
22.04.2024;915P;8378/2022;;OP-915-P-2024-art-10.pdf
22.04.2024;915P;38965/2022;;OP-915-P-2024-art-10.pdf
22.04.2024;915P;38964/2022;;OP-915-P-2024-art-10.pdf
22.04.2024;915P;14845/2022;;OP-915-P-2024-art-10.pdf
22.04.2024;915P;14834/2022;;OP-915-P-2024-art-10.pdf
22.04.2024;915P;38977/2022;;OP-915-P-2024-art-10.pdf
22.04.2024;915P;14818/2022;Copii minori: 1;OP-915-P-2024-art-10.pdf
22.04.2024;915P;14824/2022;;OP-915-P-2024-art-10.pdf
22.04.2024;915P;14824/2022;;OP-915-P-2024-art-10.pdf
22.04.2024;915P;38983/2022;;OP-915-P-2024-art-10.pdf
22.04.2024;915P;86011/2019;;OP-915-P-2024-art-10.pdf
22.04.2024;915P;8397/2022;;OP-915-P-2024-art-10.pdf
22.04.2024;915P;11113/2022;;OP-915-P-2024-art-10.pdf
22.04.2024;915P;8381/2022;;OP-915-P-2024-art-10.pdf
22.04.2024;915P;8381/2022;Copii minori: 1;OP-915-P-2024-art-10.pdf
22.04.2024;915P;14836/2022;Copii minori: 2;OP-915-P-2024-art-10.pdf
22.04.2024;915P;38979/2022;;OP-915-P-2024-art-10.pdf
22.04.2024;915P;11314/2022;;OP-915-P-2024-art-10.pdf
22.04.2024;915P;9967/2022;;OP-915-P-2024-art-10.pdf
22.04.2024;915P;4735/2022;;OP-915-P-2024-art-10.pdf
22.04.2024;915P;4746/2022;;OP-915-P-2024-art-10.pdf
22.04.2024;915P;4726/2022;;OP-915-P-2024-art-10.pdf
22.04.2024;915P;38978/2022;;OP-915-P-2024-art-10.pdf
22.04.2024;915P;38995/2022;;OP-915-P-2024-art-10.pdf
22.04.2024;915P;38982/2022;;OP-915-P-2024-art-10.pdf
22.04.2024;915P;38999/2022;Copii minori: 2;OP-915-P-2024-art-10.pdf
22.04.2024;915P;38999/2022;;OP-915-P-2024-art-10.pdf
22.04.2024;915P;8398/2022;;OP-915-P-2024-art-10.pdf
22.04.2024;915P;38967/2022;Copii minori: 3;OP-915-P-2024-art-10.pdf
22.04.2024;915P;38984/2022;;OP-915-P-2024-art-10.pdf
22.04.2024;915P;38988/2022;Copii minori: 1;OP-915-P-2024-art-10.pdf
22.04.2024;915P;8379/2022;Copii minori: 2;OP-915-P-2024-art-10.pdf
22.04.2024;915P;38976/2022;;OP-915-P-2024-art-10.pdf
22.04.2024;915P;38976/2022;;OP-915-P-2024-art-10.pdf
22.04.2024;915P;38991/2022;;OP-915-P-2024-art-10.pdf
22.04.2024;915P;3950/2022;Copii minori: 3;OP-915-P-2024-art-10.pdf
22.04.2024;915P;8387/2022;;OP-915-P-2024-art-10.pdf
22.04.2024;915P;8371/2022;;OP-915-P-2024-art-10.pdf
22.04.2024;915P;43966/2021;;OP-915-P-2024-art-10.pdf
22.04.2024;915P;72528/2019;Copii minori: 4;OP-915-P-2024-art-10.pdf
22.04.2024;915P;3939/2022;;OP-915-P-2024-art-10.pdf
22.04.2024;915P;38992/2022;;OP-915-P-2024-art-10.pdf
22.04.2024;915P;72530/2019;Copii minori: 3;OP-915-P-2024-art-10.pdf
22.04.2024;915P;4739/2022;;OP-915-P-2024-art-10.pdf
22.04.2024;915P;38981/2022;;OP-915-P-2024-art-10.pdf
22.04.2024;915P;38994/2022;Copii minori: 1;OP-915-P-2024-art-10.pdf
22.04.2024;915P;38975/2022;;OP-915-P-2024-art-10.pdf
22.04.2024;915P;11311/2022;;OP-915-P-2024-art-10.pdf
22.04.2024;915P;11312/2022;;OP-915-P-2024-art-10.pdf
22.04.2024;915P;38976/2022;Copii minori: 1;OP-915-P-2024-art-10.pdf
22.04.2024;915P;72523/2019;;OP-915-P-2024-art-10.pdf
22.04.2024;915P;72519/2019;;OP-915-P-2024-art-10.pdf
22.04.2024;915P;38969/2022;;OP-915-P-2024-art-10.pdf
22.04.2024;915P;38997/2022;Copii minori: 1;OP-915-P-2024-art-10.pdf
22.04.2024;915P;38974/2022;Copii minori: 3;OP-915-P-2024-art-10.pdf
22.04.2024;915P;4741/2022;;OP-915-P-2024-art-10.pdf
22.04.2024;915P;38968/2022;Copii minori: 2;OP-915-P-2024-art-10.pdf
22.04.2024;915P;38993/2022;;OP-915-P-2024-art-10.pdf
22.04.2024;915P;14841/2022;;OP-915-P-2024-art-10.pdf
22.04.2024;915P;14815/2022;;OP-915-P-2024-art-10.pdf
22.04.2024;915P;19826/2020;;OP-915-P-2024-art-10.pdf
22.04.2024;915P;14831/2022;;OP-915-P-2024-art-10.pdf
22.04.2024;915P;38966/2022;Copii minori: 1;OP-915-P-2024-art-10.pdf
22.04.2024;915P;8389/2022;Copii minori: 1;OP-915-P-2024-art-10.pdf
22.04.2024;915P;8396/2022;;OP-915-P-2024-art-10.pdf
22.04.2024;915P;38987/2022;;OP-915-P-2024-art-10.pdf
22.04.2024;915P;6431/2019;Copii minori: 2;OP-915-P-2024-art-10.pdf
29.03.2024;692P;13837/2022;;Ordin-nr.-692-din-29.03.2024.pdf
29.03.2024;692P;13817/2022;;Ordin-nr.-692-din-29.03.2024.pdf
29.03.2024;692P;34558/2021;;Ordin-nr.-692-din-29.03.2024.pdf
29.03.2024;692P;16320/2022;Copii minori: 2;Ordin-nr.-692-din-29.03.2024.pdf
29.03.2024;692P;43888/2021;;Ordin-nr.-692-din-29.03.2024.pdf
29.03.2024;692P;35159/2021;;Ordin-nr.-692-din-29.03.2024.pdf
29.03.2024;692P;14847/2022;;Ordin-nr.-692-din-29.03.2024.pdf
29.03.2024;692P;43892/2021;Copii minori: 1;Ordin-nr.-692-din-29.03.2024.pdf
29.03.2024;692P;16822/2022;;Ordin-nr.-692-din-29.03.2024.pdf
29.03.2024;692P;16312/2022;;Ordin-nr.-692-din-29.03.2024.pdf
29.03.2024;692P;34740/2021;;Ordin-nr.-692-din-29.03.2024.pdf
29.03.2024;692P;16990/2022;;Ordin-nr.-692-din-29.03.2024.pdf
29.03.2024;692P;33331/2022;;Ordin-nr.-692-din-29.03.2024.pdf
29.03.2024;692P;43882/2021;Copii minori: 3;Ordin-nr.-692-din-29.03.2024.pdf
29.03.2024;692P;14826/2022;;Ordin-nr.-692-din-29.03.2024.pdf
29.03.2024;692P;14826/2022;;Ordin-nr.-692-din-29.03.2024.pdf
29.03.2024;692P;14826/2022;;Ordin-nr.-692-din-29.03.2024.pdf
29.03.2024;692P;34518/2022;Copii minori: 1;Ordin-nr.-692-din-29.03.2024.pdf
29.03.2024;692P;33354/2022;;Ordin-nr.-692-din-29.03.2024.pdf
29.03.2024;692P;33351/2022;;Ordin-nr.-692-din-29.03.2024.pdf
29.03.2024;692P;16356/2022;;Ordin-nr.-692-din-29.03.2024.pdf
29.03.2024;692P;31844/2022;;Ordin-nr.-692-din-29.03.2024.pdf
29.03.2024;692P;31843/2022;;Ordin-nr.-692-din-29.03.2024.pdf
29.03.2024;692P;31841/2022;;Ordin-nr.-692-din-29.03.2024.pdf
29.03.2024;692P;31848/2022;;Ordin-nr.-692-din-29.03.2024.pdf
29.03.2024;692P;14839/2022;Copii minori: 3;Ordin-nr.-692-din-29.03.2024.pdf
29.03.2024;692P;32233/2022;;Ordin-nr.-692-din-29.03.2024.pdf
29.03.2024;692P;16347/2022;;Ordin-nr.-692-din-29.03.2024.pdf
29.03.2024;692P;34647/2022;Copii minori: 1;Ordin-nr.-692-din-29.03.2024.pdf
29.03.2024;692P;35158/2021;;Ordin-nr.-692-din-29.03.2024.pdf
29.03.2024;692P;35158/2021;Copii minori: 1;Ordin-nr.-692-din-29.03.2024.pdf
29.03.2024;692P;33491/2022;;Ordin-nr.-692-din-29.03.2024.pdf
29.03.2024;692P;33500/2022;Copii minori: 4;Ordin-nr.-692-din-29.03.2024.pdf
29.03.2024;692P;33493/2022;Copii minori: 4;Ordin-nr.-692-din-29.03.2024.pdf
29.03.2024;692P;33498/2022;Copii minori: 2;Ordin-nr.-692-din-29.03.2024.pdf
29.03.2024;692P;32270/2022;;Ordin-nr.-692-din-29.03.2024.pdf
29.03.2024;692P;16350/2022;;Ordin-nr.-692-din-29.03.2024.pdf
29.03.2024;692P;13817/2022;Copii minori: 1;Ordin-nr.-692-din-29.03.2024.pdf
29.03.2024;692P;34772/2021;;Ordin-nr.-692-din-29.03.2024.pdf
29.03.2024;692P;16345/2022;;Ordin-nr.-692-din-29.03.2024.pdf
29.03.2024;692P;31524/2022;;Ordin-nr.-692-din-29.03.2024.pdf
29.03.2024;692P;34547/2021;Copii minori: 2;Ordin-nr.-692-din-29.03.2024.pdf
29.03.2024;692P;16349/2022;;Ordin-nr.-692-din-29.03.2024.pdf
29.03.2024;692P;34548/2022;;Ordin-nr.-692-din-29.03.2024.pdf
29.03.2024;692P;31538/2022;;Ordin-nr.-692-din-29.03.2024.pdf
29.03.2024;692P;43884/2021;;Ordin-nr.-692-din-29.03.2024.pdf
29.03.2024;692P;13810/2022;;Ordin-nr.-692-din-29.03.2024.pdf
29.03.2024;692P;13816/2022;Copii minori: 1;Ordin-nr.-692-din-29.03.2024.pdf
29.03.2024;692P;43881/2021;;Ordin-nr.-692-din-29.03.2024.pdf
29.03.2024;692P;16351/2022;;Ordin-nr.-692-din-29.03.2024.pdf
29.03.2024;692P;31529/2022;;Ordin-nr.-692-din-29.03.2024.pdf
29.03.2024;692P;16807/2022;;Ordin-nr.-692-din-29.03.2024.pdf
29.03.2024;692P;16807/2022;;Ordin-nr.-692-din-29.03.2024.pdf
29.03.2024;692P;43901/2021;;Ordin-nr.-692-din-29.03.2024.pdf
29.03.2024;692P;16358/2022;;Ordin-nr.-692-din-29.03.2024.pdf
29.03.2024;692P;43857/2021;Copii minori: 1;Ordin-nr.-692-din-29.03.2024.pdf
29.03.2024;692P;43899/2021;;Ordin-nr.-692-din-29.03.2024.pdf
29.03.2024;692P;43853/2021;Copii minori: 2;Ordin-nr.-692-din-29.03.2024.pdf
29.03.2024;692P;31530/2022;Copii minori: 2;Ordin-nr.-692-din-29.03.2024.pdf
29.03.2024;692P;13842/2022;;Ordin-nr.-692-din-29.03.2024.pdf
29.03.2024;692P;43880/2021;Copii minori: 1;Ordin-nr.-692-din-29.03.2024.pdf
29.03.2024;692P;35161/2021;;Ordin-nr.-692-din-29.03.2024.pdf
29.03.2024;692P;32545/2022;;Ordin-nr.-692-din-29.03.2024.pdf
29.03.2024;692P;29187/2022;Copii minori: 1;Ordin-nr.-692-din-29.03.2024.pdf
29.03.2024;692P;13760/2022;;Ordin-nr.-692-din-29.03.2024.pdf
29.03.2024;692P;16348/2022;;Ordin-nr.-692-din-29.03.2024.pdf
29.03.2024;692P;16346/2022;;Ordin-nr.-692-din-29.03.2024.pdf
29.03.2024;692P;31525/2022;;Ordin-nr.-692-din-29.03.2024.pdf
29.03.2024;692P;14833/2022;Copii minori: 1;Ordin-nr.-692-din-29.03.2024.pdf
29.03.2024;692P;43893/2021;;Ordin-nr.-692-din-29.03.2024.pdf
29.03.2024;692P;32883/2022;;Ordin-nr.-692-din-29.03.2024.pdf
29.03.2024;692P;34540/2022;;Ordin-nr.-692-din-29.03.2024.pdf
29.03.2024;692P;34537/2022;;Ordin-nr.-692-din-29.03.2024.pdf
29.03.2024;692P;33527/2022;Copii minori: 1;Ordin-nr.-692-din-29.03.2024.pdf
29.03.2024;692P;16445/2022;;Ordin-nr.-692-din-29.03.2024.pdf
29.03.2024;692P;16441/2022;;Ordin-nr.-692-din-29.03.2024.pdf
29.03.2024;692P;16340/2022;Copii minori: 1;Ordin-nr.-692-din-29.03.2024.pdf
29.03.2024;692P;33515/2022;;Ordin-nr.-692-din-29.03.2024.pdf
29.03.2024;692P;16352/2022;Copii minori: 1;Ordin-nr.-692-din-29.03.2024.pdf
29.03.2024;692P;33054/2022;;Ordin-nr.-692-din-29.03.2024.pdf
29.03.2024;692P;16290/2022;Copii minori: 1;Ordin-nr.-692-din-29.03.2024.pdf
29.03.2024;692P;33549/2022;Copii minori: 3;Ordin-nr.-692-din-29.03.2024.pdf
29.03.2024;692P;16338/2022;Copii minori: 2;Ordin-nr.-692-din-29.03.2024.pdf
29.03.2024;692P;14829/2022;;Ordin-nr.-692-din-29.03.2024.pdf
29.03.2024;692P;34633/2022;Copii minori: 1;Ordin-nr.-692-din-29.03.2024.pdf
29.03.2024;692P;34638/2022;Copii minori: 1;Ordin-nr.-692-din-29.03.2024.pdf
29.03.2024;692P;16354/2022;;Ordin-nr.-692-din-29.03.2024.pdf
29.03.2024;692P;16401/2022;;Ordin-nr.-692-din-29.03.2024.pdf
29.03.2024;692P;43883/2021;;Ordin-nr.-692-din-29.03.2024.pdf
29.03.2024;692P;35163/2021;Copii minori: 3;Ordin-nr.-692-din-29.03.2024.pdf
29.03.2024;692P;13814/2022;;Ordin-nr.-692-din-29.03.2024.pdf
29.03.2024;692P;13834/2022;;Ordin-nr.-692-din-29.03.2024.pdf
29.03.2024;692P;5339/2020;Copii minori: 1;Ordin-nr.-692-din-29.03.2024.pdf
29.03.2024;692P;31502/2022;;Ordin-nr.-692-din-29.03.2024.pdf
29.03.2024;692P;31539/2022;Copii minori: 2;Ordin-nr.-692-din-29.03.2024.pdf
29.03.2024;692P;43896/2021;;Ordin-nr.-692-din-29.03.2024.pdf
29.03.2024;692P;16341/2022;;Ordin-nr.-692-din-29.03.2024.pdf
29.03.2024;692P;17014/2022;Copii minori: 2;Ordin-nr.-692-din-29.03.2024.pdf
29.03.2024;692P;17016/2022;Copii minori: 2;Ordin-nr.-692-din-29.03.2024.pdf
29.03.2024;692P;17016/2022;;Ordin-nr.-692-din-29.03.2024.pdf
29.03.2024;692P;34641/2022;Copii minori: 1;Ordin-nr.-692-din-29.03.2024.pdf
29.03.2024;692P;16344/2022;;Ordin-nr.-692-din-29.03.2024.pdf
29.03.2024;692P;17010/2022;Copii minori: 1;Ordin-nr.-692-din-29.03.2024.pdf
29.03.2024;692P;17010/2022;;Ordin-nr.-692-din-29.03.2024.pdf
29.03.2024;692P;14867/2022;;Ordin-nr.-692-din-29.03.2024.pdf
29.03.2024;692P;14849/2022;;Ordin-nr.-692-din-29.03.2024.pdf
29.03.2024;692P;16343/2022;;Ordin-nr.-692-din-29.03.2024.pdf
29.03.2024;692P;16347/2022;Copii minori: 2;Ordin-nr.-692-din-29.03.2024.pdf
29.03.2024;692P;16315/2022;;Ordin-nr.-692-din-29.03.2024.pdf
29.03.2024;692P;16342/2022;Copii minori: 2;Ordin-nr.-692-din-29.03.2024.pdf
29.03.2024;692P;13796/2022;;Ordin-nr.-692-din-29.03.2024.pdf
29.03.2024;692P;43897/2021;Copii minori: 3;Ordin-nr.-692-din-29.03.2024.pdf
29.03.2024;692P;16355/2022;;Ordin-nr.-692-din-29.03.2024.pdf
29.03.2024;692P;31536/2022;Copii minori: 2;Ordin-nr.-692-din-29.03.2024.pdf
29.03.2024;692P;33206/2022;;Ordin-nr.-692-din-29.03.2024.pdf
29.03.2024;692P;32949/2022;;Ordin-nr.-692-din-29.03.2024.pdf
22.03.2024;636P;3132/2021;;Ordin-636-P-2024-din-22.03.2024-Art.-10.pdf
22.03.2024;636P;38953/2022;;Ordin-636-P-2024-din-22.03.2024-Art.-10.pdf
22.03.2024;636P;22202/2022;Copii minori: 1;Ordin-636-P-2024-din-22.03.2024-Art.-10.pdf
22.03.2024;636P;34736/2022;Copii minori: 3;Ordin-636-P-2024-din-22.03.2024-Art.-10.pdf
22.03.2024;636P;34736/2022;;Ordin-636-P-2024-din-22.03.2024-Art.-10.pdf
22.03.2024;636P;22444/2022;Copii minori: 1;Ordin-636-P-2024-din-22.03.2024-Art.-10.pdf
22.03.2024;636P;9989/2022;Copii minori: 2;Ordin-636-P-2024-din-22.03.2024-Art.-10.pdf
22.03.2024;636P;38957/2022;;Ordin-636-P-2024-din-22.03.2024-Art.-10.pdf
22.03.2024;636P;17692/2020;Copii minori: 1;Ordin-636-P-2024-din-22.03.2024-Art.-10.pdf
22.03.2024;636P;38954/2022;;Ordin-636-P-2024-din-22.03.2024-Art.-10.pdf
22.03.2024;636P;3524/2020;;Ordin-636-P-2024-din-22.03.2024-Art.-10.pdf
22.03.2024;636P;3504/2020;;Ordin-636-P-2024-din-22.03.2024-Art.-10.pdf
22.03.2024;636P;3516/2020;Copii minori: 1;Ordin-636-P-2024-din-22.03.2024-Art.-10.pdf
22.03.2024;636P;22172/2022;;Ordin-636-P-2024-din-22.03.2024-Art.-10.pdf
22.03.2024;636P;10657/2022;;Ordin-636-P-2024-din-22.03.2024-Art.-10.pdf
22.03.2024;636P;15421/2022;Copii minori: 1;Ordin-636-P-2024-din-22.03.2024-Art.-10.pdf
22.03.2024;636P;21680/2022;;Ordin-636-P-2024-din-22.03.2024-Art.-10.pdf
22.03.2024;636P;15419/2022;Copii minori: 1;Ordin-636-P-2024-din-22.03.2024-Art.-10.pdf
22.03.2024;636P;15227/2022;;Ordin-636-P-2024-din-22.03.2024-Art.-10.pdf
22.03.2024;636P;22197/2022;;Ordin-636-P-2024-din-22.03.2024-Art.-10.pdf
22.03.2024;636P;22219/2022;;Ordin-636-P-2024-din-22.03.2024-Art.-10.pdf
22.03.2024;636P;22205/2022;;Ordin-636-P-2024-din-22.03.2024-Art.-10.pdf
22.03.2024;636P;22209/2022;Copii minori: 1;Ordin-636-P-2024-din-22.03.2024-Art.-10.pdf
22.03.2024;636P;33628/2021;;Ordin-636-P-2024-din-22.03.2024-Art.-10.pdf
22.03.2024;636P;38952/2022;;Ordin-636-P-2024-din-22.03.2024-Art.-10.pdf
22.03.2024;636P;10814/2022;Copii minori: 1;Ordin-636-P-2024-din-22.03.2024-Art.-10.pdf
22.03.2024;636P;15701/2022;;Ordin-636-P-2024-din-22.03.2024-Art.-10.pdf
22.03.2024;636P;15699/2022;Copii minori: 1;Ordin-636-P-2024-din-22.03.2024-Art.-10.pdf
22.03.2024;636P;15703/2022;;Ordin-636-P-2024-din-22.03.2024-Art.-10.pdf
22.03.2024;636P;15699/2022;;Ordin-636-P-2024-din-22.03.2024-Art.-10.pdf
22.03.2024;636P;15699/2022;;Ordin-636-P-2024-din-22.03.2024-Art.-10.pdf
22.03.2024;636P;15702/2022;;Ordin-636-P-2024-din-22.03.2024-Art.-10.pdf
22.03.2024;636P;22016/2021;;Ordin-636-P-2024-din-22.03.2024-Art.-10.pdf
22.03.2024;636P;15402/2022;;Ordin-636-P-2024-din-22.03.2024-Art.-10.pdf
22.03.2024;636P;15402/2022;;Ordin-636-P-2024-din-22.03.2024-Art.-10.pdf
22.03.2024;636P;10644/2022;;Ordin-636-P-2024-din-22.03.2024-Art.-10.pdf
22.03.2024;636P;15404/2022;Copii minori: 1;Ordin-636-P-2024-din-22.03.2024-Art.-10.pdf
22.03.2024;636P;15404/2022;;Ordin-636-P-2024-din-22.03.2024-Art.-10.pdf
22.03.2024;636P;10657/2022;Copii minori: 1;Ordin-636-P-2024-din-22.03.2024-Art.-10.pdf
22.03.2024;636P;15626/2022;Copii minori: 2;Ordin-636-P-2024-din-22.03.2024-Art.-10.pdf
22.03.2024;636P;3420/2022;;Ordin-636-P-2024-din-22.03.2024-Art.-10.pdf
22.03.2024;636P;3421/2022;Copii minori: 1;Ordin-636-P-2024-din-22.03.2024-Art.-10.pdf
22.03.2024;636P;19107/2020;;Ordin-636-P-2024-din-22.03.2024-Art.-10.pdf
22.03.2024;636P;19070/2020;;Ordin-636-P-2024-din-22.03.2024-Art.-10.pdf
22.03.2024;636P;38303/2022;;Ordin-636-P-2024-din-22.03.2024-Art.-10.pdf
22.03.2024;636P;38300/2022;;Ordin-636-P-2024-din-22.03.2024-Art.-10.pdf
22.03.2024;636P;34717/2022;;Ordin-636-P-2024-din-22.03.2024-Art.-10.pdf
22.03.2024;636P;15596/2022;;Ordin-636-P-2024-din-22.03.2024-Art.-10.pdf
22.03.2024;636P;10570/2022;;Ordin-636-P-2024-din-22.03.2024-Art.-10.pdf
22.03.2024;636P;38339/2022;;Ordin-636-P-2024-din-22.03.2024-Art.-10.pdf
22.03.2024;636P;38336/2022;Copii minori: 1;Ordin-636-P-2024-din-22.03.2024-Art.-10.pdf
22.03.2024;636P;38342/2022;;Ordin-636-P-2024-din-22.03.2024-Art.-10.pdf
22.03.2024;636P;22227/2022;;Ordin-636-P-2024-din-22.03.2024-Art.-10.pdf
22.03.2024;636P;22228/2022;Copii minori: 1;Ordin-636-P-2024-din-22.03.2024-Art.-10.pdf
22.03.2024;636P;22223/2022;;Ordin-636-P-2024-din-22.03.2024-Art.-10.pdf
22.03.2024;636P;38343/2022;;Ordin-636-P-2024-din-22.03.2024-Art.-10.pdf
22.03.2024;636P;3148/2022;;Ordin-636-P-2024-din-22.03.2024-Art.-10.pdf
22.03.2024;636P;38959/2022;;Ordin-636-P-2024-din-22.03.2024-Art.-10.pdf
22.03.2024;636P;38956/2022;Copii minori: 1;Ordin-636-P-2024-din-22.03.2024-Art.-10.pdf
22.03.2024;636P;44408/2021;Copii minori: 2;Ordin-636-P-2024-din-22.03.2024-Art.-10.pdf
22.03.2024;636P;15239/2022;;Ordin-636-P-2024-din-22.03.2024-Art.-10.pdf
22.03.2024;636P;38961/2022;;Ordin-636-P-2024-din-22.03.2024-Art.-10.pdf
22.03.2024;636P;15443/2022;;Ordin-636-P-2024-din-22.03.2024-Art.-10.pdf
22.03.2024;636P;15442/2022;;Ordin-636-P-2024-din-22.03.2024-Art.-10.pdf
22.03.2024;636P;15441/2022;;Ordin-636-P-2024-din-22.03.2024-Art.-10.pdf
22.03.2024;636P;38487/2022;Copii minori: 1;Ordin-636-P-2024-din-22.03.2024-Art.-10.pdf
22.03.2024;636P;38485/2022;;Ordin-636-P-2024-din-22.03.2024-Art.-10.pdf
22.03.2024;636P;8770/2023;;Ordin-636-P-2024-din-22.03.2024-Art.-10.pdf
22.03.2024;636P;3498/2020;;Ordin-636-P-2024-din-22.03.2024-Art.-10.pdf
22.03.2024;636P;15236/2022;;Ordin-636-P-2024-din-22.03.2024-Art.-10.pdf
22.03.2024;636P;38948/2022;;Ordin-636-P-2024-din-22.03.2024-Art.-10.pdf
22.03.2024;636P;34198/2021;;Ordin-636-P-2024-din-22.03.2024-Art.-10.pdf
22.03.2024;636P;3495/2022;Copii minori: 1;Ordin-636-P-2024-din-22.03.2024-Art.-10.pdf
22.03.2024;636P;3506/2022;;Ordin-636-P-2024-din-22.03.2024-Art.-10.pdf
22.03.2024;636P;38951/2022;Copii minori: 1;Ordin-636-P-2024-din-22.03.2024-Art.-10.pdf
22.03.2024;636P;38949/2022;;Ordin-636-P-2024-din-22.03.2024-Art.-10.pdf
22.03.2024;636P;22576/2021;Copii minori: 1;Ordin-636-P-2024-din-22.03.2024-Art.-10.pdf
22.03.2024;636P;22576/2021;;Ordin-636-P-2024-din-22.03.2024-Art.-10.pdf
22.03.2024;636P;22576/2021;;Ordin-636-P-2024-din-22.03.2024-Art.-10.pdf
22.03.2024;636P;6536/2021;;Ordin-636-P-2024-din-22.03.2024-Art.-10.pdf
22.03.2024;636P;17692/2020;;Ordin-636-P-2024-din-22.03.2024-Art.-10.pdf
22.03.2024;636P;38950/2022;;Ordin-636-P-2024-din-22.03.2024-Art.-10.pdf
22.03.2024;636P;38950/2022;;Ordin-636-P-2024-din-22.03.2024-Art.-10.pdf
22.03.2024;636P;15428/2022;;Ordin-636-P-2024-din-22.03.2024-Art.-10.pdf
22.03.2024;636P;22177/2022;Copii minori: 2;Ordin-636-P-2024-din-22.03.2024-Art.-10.pdf
22.03.2024;636P;21686/2022;;Ordin-636-P-2024-din-22.03.2024-Art.-10.pdf
22.03.2024;636P;21685/2022;Copii minori: 1;Ordin-636-P-2024-din-22.03.2024-Art.-10.pdf
22.03.2024;636P;22435/2022;;Ordin-636-P-2024-din-22.03.2024-Art.-10.pdf
22.03.2024;636P;22216/2022;Copii minori: 1;Ordin-636-P-2024-din-22.03.2024-Art.-10.pdf
22.03.2024;636P;38955/2022;;Ordin-636-P-2024-din-22.03.2024-Art.-10.pdf
22.03.2024;636P;19103/2020;;Ordin-636-P-2024-din-22.03.2024-Art.-10.pdf
22.03.2024;636P;34727/2022;;Ordin-636-P-2024-din-22.03.2024-Art.-10.pdf
22.03.2024;636P;38945/2022;;Ordin-636-P-2024-din-22.03.2024-Art.-10.pdf
22.03.2024;636P;38958/2022;;Ordin-636-P-2024-din-22.03.2024-Art.-10.pdf
22.03.2024;636P;15493/2022;;Ordin-636-P-2024-din-22.03.2024-Art.-10.pdf
22.03.2024;636P;38960/2022;;Ordin-636-P-2024-din-22.03.2024-Art.-10.pdf
22.03.2024;636P;15492/2022;Copii minori: 1;Ordin-636-P-2024-din-22.03.2024-Art.-10.pdf
20.03.2024;626P;13725/2022;;Ordin-nr.626-din-20.03.2024-art.10.pdf
20.03.2024;626P;6141/2022;;Ordin-nr.626-din-20.03.2024-art.10.pdf
20.03.2024;626P;30564/2022;;Ordin-nr.626-din-20.03.2024-art.10.pdf
20.03.2024;626P;21635/2022;;Ordin-nr.626-din-20.03.2024-art.10.pdf
20.03.2024;626P;30744/2022;Copii minori: 3;Ordin-nr.626-din-20.03.2024-art.10.pdf
20.03.2024;626P;22059/2022;;Ordin-nr.626-din-20.03.2024-art.10.pdf
20.03.2024;626P;14843/2022;Copii minori: 1;Ordin-nr.626-din-20.03.2024-art.10.pdf
20.03.2024;626P;8368/2022;;Ordin-nr.626-din-20.03.2024-art.10.pdf
20.03.2024;626P;43616/2021;Copii minori: 1;Ordin-nr.626-din-20.03.2024-art.10.pdf
20.03.2024;626P;13641/2022;;Ordin-nr.626-din-20.03.2024-art.10.pdf
20.03.2024;626P;13641/2022;Copii minori: 1;Ordin-nr.626-din-20.03.2024-art.10.pdf
20.03.2024;626P;13635/2022;Copii minori: 1;Ordin-nr.626-din-20.03.2024-art.10.pdf
20.03.2024;626P;14817/2022;;Ordin-nr.626-din-20.03.2024-art.10.pdf
20.03.2024;626P;6053/2022;;Ordin-nr.626-din-20.03.2024-art.10.pdf
20.03.2024;626P;6059/2022;;Ordin-nr.626-din-20.03.2024-art.10.pdf
20.03.2024;626P;6058/2022;;Ordin-nr.626-din-20.03.2024-art.10.pdf
20.03.2024;626P;6221/2022;Copii minori: 3;Ordin-nr.626-din-20.03.2024-art.10.pdf
20.03.2024;626P;30560/2022;Copii minori: 1;Ordin-nr.626-din-20.03.2024-art.10.pdf
20.03.2024;626P;6073/2022;;Ordin-nr.626-din-20.03.2024-art.10.pdf
20.03.2024;626P;6074/2022;;Ordin-nr.626-din-20.03.2024-art.10.pdf
20.03.2024;626P;4720/2022;Copii minori: 1;Ordin-nr.626-din-20.03.2024-art.10.pdf
20.03.2024;626P;13723/2022;;Ordin-nr.626-din-20.03.2024-art.10.pdf
20.03.2024;626P;45570/2021;;Ordin-nr.626-din-20.03.2024-art.10.pdf
20.03.2024;626P;4721/2022;;Ordin-nr.626-din-20.03.2024-art.10.pdf
20.03.2024;626P;4728/2022;Copii minori: 2;Ordin-nr.626-din-20.03.2024-art.10.pdf
20.03.2024;626P;4728/2022;;Ordin-nr.626-din-20.03.2024-art.10.pdf
20.03.2024;626P;6248/2022;;Ordin-nr.626-din-20.03.2024-art.10.pdf
20.03.2024;626P;6222/2022;Copii minori: 1;Ordin-nr.626-din-20.03.2024-art.10.pdf
20.03.2024;626P;8375/2022;Copii minori: 2;Ordin-nr.626-din-20.03.2024-art.10.pdf
20.03.2024;626P;13625/2022;;Ordin-nr.626-din-20.03.2024-art.10.pdf
20.03.2024;626P;13629/2022;;Ordin-nr.626-din-20.03.2024-art.10.pdf
20.03.2024;626P;13630/2022;;Ordin-nr.626-din-20.03.2024-art.10.pdf
20.03.2024;626P;14827/2022;;Ordin-nr.626-din-20.03.2024-art.10.pdf
20.03.2024;626P;21899/2022;;Ordin-nr.626-din-20.03.2024-art.10.pdf
20.03.2024;626P;21898/2022;Copii minori: 2;Ordin-nr.626-din-20.03.2024-art.10.pdf
20.03.2024;626P;4745/2022;;Ordin-nr.626-din-20.03.2024-art.10.pdf
20.03.2024;626P;8369/2022;;Ordin-nr.626-din-20.03.2024-art.10.pdf
20.03.2024;626P;6159/2022;;Ordin-nr.626-din-20.03.2024-art.10.pdf
20.03.2024;626P;6156/2022;Copii minori: 1;Ordin-nr.626-din-20.03.2024-art.10.pdf
20.03.2024;626P;40085/2021;;Ordin-nr.626-din-20.03.2024-art.10.pdf
20.03.2024;626P;45574/2021;;Ordin-nr.626-din-20.03.2024-art.10.pdf
20.03.2024;626P;45559/2021;;Ordin-nr.626-din-20.03.2024-art.10.pdf
20.03.2024;626P;13733/2022;Copii minori: 4;Ordin-nr.626-din-20.03.2024-art.10.pdf
20.03.2024;626P;21474/2022;Copii minori: 2;Ordin-nr.626-din-20.03.2024-art.10.pdf
20.03.2024;626P;13639/2022;Copii minori: 2;Ordin-nr.626-din-20.03.2024-art.10.pdf
20.03.2024;626P;6249/2022;;Ordin-nr.626-din-20.03.2024-art.10.pdf
20.03.2024;626P;21453/2022;;Ordin-nr.626-din-20.03.2024-art.10.pdf
20.03.2024;626P;22058/2022;Copii minori: 1;Ordin-nr.626-din-20.03.2024-art.10.pdf
20.03.2024;626P;6155/2022;;Ordin-nr.626-din-20.03.2024-art.10.pdf
20.03.2024;626P;6155/2022;;Ordin-nr.626-din-20.03.2024-art.10.pdf
20.03.2024;626P;6224/2022;;Ordin-nr.626-din-20.03.2024-art.10.pdf
20.03.2024;626P;4738/2022;;Ordin-nr.626-din-20.03.2024-art.10.pdf
20.03.2024;626P;4737/2022;;Ordin-nr.626-din-20.03.2024-art.10.pdf
20.03.2024;626P;6240/2022;;Ordin-nr.626-din-20.03.2024-art.10.pdf
20.03.2024;626P;30573/2022;;Ordin-nr.626-din-20.03.2024-art.10.pdf
20.03.2024;626P;30568/2022;Copii minori: 1;Ordin-nr.626-din-20.03.2024-art.10.pdf
20.03.2024;626P;6144/2022;;Ordin-nr.626-din-20.03.2024-art.10.pdf
20.03.2024;626P;8380/2022;;Ordin-nr.626-din-20.03.2024-art.10.pdf
20.03.2024;626P;6138/2022;;Ordin-nr.626-din-20.03.2024-art.10.pdf
20.03.2024;626P;4742/2022;;Ordin-nr.626-din-20.03.2024-art.10.pdf
20.03.2024;626P;13728/2022;Copii minori: 1;Ordin-nr.626-din-20.03.2024-art.10.pdf
20.03.2024;626P;6246/2022;;Ordin-nr.626-din-20.03.2024-art.10.pdf
20.03.2024;626P;6237/2022;;Ordin-nr.626-din-20.03.2024-art.10.pdf
20.03.2024;626P;45557/2021;Copii minori: 2;Ordin-nr.626-din-20.03.2024-art.10.pdf
20.03.2024;626P;8373/2022;;Ordin-nr.626-din-20.03.2024-art.10.pdf
20.03.2024;626P;30555/2022;;Ordin-nr.626-din-20.03.2024-art.10.pdf
20.03.2024;626P;30557/2022;;Ordin-nr.626-din-20.03.2024-art.10.pdf
20.03.2024;626P;8374/2022;Copii minori: 1;Ordin-nr.626-din-20.03.2024-art.10.pdf
20.03.2024;626P;8374/2022;;Ordin-nr.626-din-20.03.2024-art.10.pdf
20.03.2024;626P;8382/2022;;Ordin-nr.626-din-20.03.2024-art.10.pdf
20.03.2024;626P;6234/2022;;Ordin-nr.626-din-20.03.2024-art.10.pdf
20.03.2024;626P;14825/2022;Copii minori: 3;Ordin-nr.626-din-20.03.2024-art.10.pdf
20.03.2024;626P;14814/2022;;Ordin-nr.626-din-20.03.2024-art.10.pdf
20.03.2024;626P;6069/2022;;Ordin-nr.626-din-20.03.2024-art.10.pdf
20.03.2024;626P;45555/2021;;Ordin-nr.626-din-20.03.2024-art.10.pdf
20.03.2024;626P;13729/2022;;Ordin-nr.626-din-20.03.2024-art.10.pdf
20.03.2024;626P;31087/2022;;Ordin-nr.626-din-20.03.2024-art.10.pdf
20.03.2024;626P;6146/2022;Copii minori: 2;Ordin-nr.626-din-20.03.2024-art.10.pdf
20.03.2024;626P;45553/2021;;Ordin-nr.626-din-20.03.2024-art.10.pdf
20.03.2024;626P;13724/2022;Copii minori: 3;Ordin-nr.626-din-20.03.2024-art.10.pdf
20.03.2024;626P;8383/2022;;Ordin-nr.626-din-20.03.2024-art.10.pdf
20.03.2024;626P;13727/2022;;Ordin-nr.626-din-20.03.2024-art.10.pdf
20.03.2024;626P;13721/2022;;Ordin-nr.626-din-20.03.2024-art.10.pdf
20.03.2024;626P;11556/2020;;Ordin-nr.626-din-20.03.2024-art.10.pdf
20.03.2024;626P;14823/2022;;Ordin-nr.626-din-20.03.2024-art.10.pdf
20.03.2024;626P;4743/2022;Copii minori: 2;Ordin-nr.626-din-20.03.2024-art.10.pdf
20.03.2024;626P;6220/2022;;Ordin-nr.626-din-20.03.2024-art.10.pdf
20.03.2024;626P;4723/2022;Copii minori: 3;Ordin-nr.626-din-20.03.2024-art.10.pdf
20.03.2024;626P;6243/2022;;Ordin-nr.626-din-20.03.2024-art.10.pdf
20.03.2024;626P;21905/2022;;Ordin-nr.626-din-20.03.2024-art.10.pdf
20.03.2024;626P;21476/2022;Copii minori: 1;Ordin-nr.626-din-20.03.2024-art.10.pdf
20.03.2024;626P;45558/2021;Copii minori: 3;Ordin-nr.626-din-20.03.2024-art.10.pdf
20.03.2024;626P;31016/2022;;Ordin-nr.626-din-20.03.2024-art.10.pdf
20.03.2024;626P;31011/2022;;Ordin-nr.626-din-20.03.2024-art.10.pdf
20.03.2024;626P;4727/2022;;Ordin-nr.626-din-20.03.2024-art.10.pdf
20.03.2024;626P;13730/2022;Copii minori: 2;Ordin-nr.626-din-20.03.2024-art.10.pdf
20.03.2024;626P;31001/2022;Copii minori: 1;Ordin-nr.626-din-20.03.2024-art.10.pdf
20.03.2024;626P;31005/2022;;Ordin-nr.626-din-20.03.2024-art.10.pdf
20.03.2024;626P;14838/2022;;Ordin-nr.626-din-20.03.2024-art.10.pdf
20.03.2024;626P;6244/2022;Copii minori: 1;Ordin-nr.626-din-20.03.2024-art.10.pdf
20.03.2024;626P;14840/2022;Copii minori: 1;Ordin-nr.626-din-20.03.2024-art.10.pdf
20.03.2024;626P;14830/2022;Copii minori: 3;Ordin-nr.626-din-20.03.2024-art.10.pdf
20.03.2024;626P;21675/2022;;Ordin-nr.626-din-20.03.2024-art.10.pdf
20.03.2024;626P;21909/2022;;Ordin-nr.626-din-20.03.2024-art.10.pdf
20.03.2024;626P;21911/2022;;Ordin-nr.626-din-20.03.2024-art.10.pdf
20.03.2024;626P;21895/2022;Copii minori: 2;Ordin-nr.626-din-20.03.2024-art.10.pdf
20.03.2024;626P;13719/2022;;Ordin-nr.626-din-20.03.2024-art.10.pdf
20.03.2024;626P;21862/2022;Copii minori: 2;Ordin-nr.626-din-20.03.2024-art.10.pdf
20.03.2024;626P;6145/2022;Copii minori: 2;Ordin-nr.626-din-20.03.2024-art.10.pdf
20.03.2024;626P;6241/2022;;Ordin-nr.626-din-20.03.2024-art.10.pdf
20.03.2024;626P;31089/2022;Copii minori: 1;Ordin-nr.626-din-20.03.2024-art.10.pdf
20.03.2024;626P;1629/2020;Copii minori: 1;Ordin-nr.626-din-20.03.2024-art.10.pdf
20.03.2024;626P;6245/2022;;Ordin-nr.626-din-20.03.2024-art.10.pdf
20.03.2024;626P;6245/2022;Copii minori: 2;Ordin-nr.626-din-20.03.2024-art.10.pdf
20.03.2024;626P;8386/2022;;Ordin-nr.626-din-20.03.2024-art.10.pdf
20.03.2024;626P;6147/2022;;Ordin-nr.626-din-20.03.2024-art.10.pdf
20.03.2024;626P;13740/2022;Copii minori: 2;Ordin-nr.626-din-20.03.2024-art.10.pdf
20.03.2024;626P;6137/2022;Copii minori: 2;Ordin-nr.626-din-20.03.2024-art.10.pdf
20.03.2024;626P;6228/2022;;Ordin-nr.626-din-20.03.2024-art.10.pdf
20.03.2024;626P;4719/2022;;Ordin-nr.626-din-20.03.2024-art.10.pdf
20.03.2024;626P;6247/2022;;Ordin-nr.626-din-20.03.2024-art.10.pdf
20.03.2024;626P;13732/2022;;Ordin-nr.626-din-20.03.2024-art.10.pdf
20.03.2024;626P;13726/2022;Copii minori: 3;Ordin-nr.626-din-20.03.2024-art.10.pdf
20.03.2024;626P;8385/2022;;Ordin-nr.626-din-20.03.2024-art.10.pdf
20.03.2024;626P;45564/2021;;Ordin-nr.626-din-20.03.2024-art.10.pdf
20.03.2024;626P;6149/2022;;Ordin-nr.626-din-20.03.2024-art.10.pdf
20.03.2024;626P;6142/2022;Copii minori: 1;Ordin-nr.626-din-20.03.2024-art.10.pdf
20.03.2024;626P;6232/2022;;Ordin-nr.626-din-20.03.2024-art.10.pdf
20.03.2024;626P;8388/2022;;Ordin-nr.626-din-20.03.2024-art.10.pdf
20.03.2024;626P;4730/2022;;Ordin-nr.626-din-20.03.2024-art.10.pdf
20.03.2024;626P;8370/2022;;Ordin-nr.626-din-20.03.2024-art.10.pdf
20.03.2024;626P;8393/2022;;Ordin-nr.626-din-20.03.2024-art.10.pdf
20.03.2024;626P;14832/2022;;Ordin-nr.626-din-20.03.2024-art.10.pdf
20.03.2024;626P;4729/2022;;Ordin-nr.626-din-20.03.2024-art.10.pdf
20.03.2024;626P;40119/2021;;Ordin-nr.626-din-20.03.2024-art.10.pdf
20.03.2024;626P;40082/2021;;Ordin-nr.626-din-20.03.2024-art.10.pdf
20.03.2024;626P;40090/2021;;Ordin-nr.626-din-20.03.2024-art.10.pdf
20.03.2024;626P;19042/2020;;Ordin-nr.626-din-20.03.2024-art.10.pdf
20.03.2024;626P;19043/2020;;Ordin-nr.626-din-20.03.2024-art.10.pdf
20.03.2024;626P;19044/2020;;Ordin-nr.626-din-20.03.2024-art.10.pdf
20.03.2024;626P;6150/2022;;Ordin-nr.626-din-20.03.2024-art.10.pdf
20.03.2024;626P;6230/2022;;Ordin-nr.626-din-20.03.2024-art.10.pdf
20.03.2024;626P;14813/2022;;Ordin-nr.626-din-20.03.2024-art.10.pdf
20.03.2024;626P;8376/2022;Copii minori: 1;Ordin-nr.626-din-20.03.2024-art.10.pdf
20.03.2024;626P;6151/2022;Copii minori: 2;Ordin-nr.626-din-20.03.2024-art.10.pdf
20.03.2024;626P;14822/2022;Copii minori: 4;Ordin-nr.626-din-20.03.2024-art.10.pdf
20.03.2024;626P;14837/2022;;Ordin-nr.626-din-20.03.2024-art.10.pdf
20.03.2024;626P;14816/2022;;Ordin-nr.626-din-20.03.2024-art.10.pdf
20.03.2024;626P;4724/2022;;Ordin-nr.626-din-20.03.2024-art.10.pdf
20.03.2024;626P;6238/2022;;Ordin-nr.626-din-20.03.2024-art.10.pdf
20.03.2024;626P;6231/2022;;Ordin-nr.626-din-20.03.2024-art.10.pdf
20.03.2024;626P;30997/2022;Copii minori: 1;Ordin-nr.626-din-20.03.2024-art.10.pdf
20.03.2024;626P;13739/2022;Copii minori: 1;Ordin-nr.626-din-20.03.2024-art.10.pdf
20.03.2024;626P;21694/2022;;Ordin-nr.626-din-20.03.2024-art.10.pdf
20.03.2024;626P;21699/2022;;Ordin-nr.626-din-20.03.2024-art.10.pdf
20.03.2024;626P;4748/2022;;Ordin-nr.626-din-20.03.2024-art.10.pdf
20.03.2024;626P;6143/2022;;Ordin-nr.626-din-20.03.2024-art.10.pdf
20.03.2024;626P;43209/2021;;Ordin-nr.626-din-20.03.2024-art.10.pdf
20.03.2024;626P;13741/2022;;Ordin-nr.626-din-20.03.2024-art.10.pdf
20.03.2024;626P;45573/2021;;Ordin-nr.626-din-20.03.2024-art.10.pdf
20.03.2024;626P;4732/2022;Copii minori: 3;Ordin-nr.626-din-20.03.2024-art.10.pdf
20.03.2024;626P;14842/2022;;Ordin-nr.626-din-20.03.2024-art.10.pdf
20.03.2024;626P;8390/2022;;Ordin-nr.626-din-20.03.2024-art.10.pdf
20.03.2024;626P;6239/2022;Copii minori: 1;Ordin-nr.626-din-20.03.2024-art.10.pdf
20.03.2024;626P;6239/2022;;Ordin-nr.626-din-20.03.2024-art.10.pdf
20.03.2024;626P;45566/2021;;Ordin-nr.626-din-20.03.2024-art.10.pdf
20.03.2024;626P;6154/2022;;Ordin-nr.626-din-20.03.2024-art.10.pdf
20.03.2024;626P;6139/2022;;Ordin-nr.626-din-20.03.2024-art.10.pdf
20.03.2024;626P;30553/2022;;Ordin-nr.626-din-20.03.2024-art.10.pdf
20.03.2024;626P;6148/2022;;Ordin-nr.626-din-20.03.2024-art.10.pdf
20.03.2024;626P;6148/2022;;Ordin-nr.626-din-20.03.2024-art.10.pdf
20.03.2024;626P;19100/2020;Copii minori: 2;Ordin-nr.626-din-20.03.2024-art.10.pdf
20.03.2024;626P;473/2021;;Ordin-nr.626-din-20.03.2024-art.10.pdf
20.03.2024;626P;37000/2021;;Ordin-nr.626-din-20.03.2024-art.10.pdf
20.03.2024;626P;14705/2022;;Ordin-nr.626-din-20.03.2024-art.10.pdf
20.03.2024;626P;14702/2022;;Ordin-nr.626-din-20.03.2024-art.10.pdf
20.03.2024;626P;14821/2022;;Ordin-nr.626-din-20.03.2024-art.10.pdf
20.03.2024;626P;13735/2022;;Ordin-nr.626-din-20.03.2024-art.10.pdf
20.03.2024;626P;31080/2022;;Ordin-nr.626-din-20.03.2024-art.10.pdf
20.03.2024;626P;19607/2022;;Ordin-nr.626-din-20.03.2024-art.10.pdf
20.03.2024;626P;19601/2022;;Ordin-nr.626-din-20.03.2024-art.10.pdf
20.03.2024;626P;40139/2021;;Ordin-nr.626-din-20.03.2024-art.10.pdf
20.03.2024;626P;13722/2022;;Ordin-nr.626-din-20.03.2024-art.10.pdf
20.03.2024;626P;8372/2022;;Ordin-nr.626-din-20.03.2024-art.10.pdf
20.03.2024;626P;8391/2022;;Ordin-nr.626-din-20.03.2024-art.10.pdf
20.03.2024;626P;6227/2022;Copii minori: 2;Ordin-nr.626-din-20.03.2024-art.10.pdf
20.03.2024;626P;13734/2022;;Ordin-nr.626-din-20.03.2024-art.10.pdf
20.03.2024;626P;6225/2022;;Ordin-nr.626-din-20.03.2024-art.10.pdf
20.03.2024;626P;6158/2022;;Ordin-nr.626-din-20.03.2024-art.10.pdf
20.03.2024;626P;45567/2021;;Ordin-nr.626-din-20.03.2024-art.10.pdf
20.03.2024;626P;13736/2022;;Ordin-nr.626-din-20.03.2024-art.10.pdf
20.03.2024;626P;6140/2022;;Ordin-nr.626-din-20.03.2024-art.10.pdf
20.03.2024;626P;6235/2022;Copii minori: 1;Ordin-nr.626-din-20.03.2024-art.10.pdf
20.03.2024;626P;6235/2022;;Ordin-nr.626-din-20.03.2024-art.10.pdf
20.03.2024;626P;4725/2022;;Ordin-nr.626-din-20.03.2024-art.10.pdf
20.03.2024;626P;13633/2022;;Ordin-nr.626-din-20.03.2024-art.10.pdf
20.03.2024;626P;11530/2022;;Ordin-nr.626-din-20.03.2024-art.10.pdf
20.03.2024;626P;13737/2022;;Ordin-nr.626-din-20.03.2024-art.10.pdf
20.03.2024;626P;21473/2022;;Ordin-nr.626-din-20.03.2024-art.10.pdf
20.03.2024;626P;6157/2022;Copii minori: 2;Ordin-nr.626-din-20.03.2024-art.10.pdf
20.03.2024;626P;13637/2022;;Ordin-nr.626-din-20.03.2024-art.10.pdf
20.03.2024;626P;6153/2022;;Ordin-nr.626-din-20.03.2024-art.10.pdf
20.03.2024;626P;45561/2021;Copii minori: 1;Ordin-nr.626-din-20.03.2024-art.10.pdf
20.03.2024;626P;6236/2022;;Ordin-nr.626-din-20.03.2024-art.10.pdf
20.03.2024;626P;13731/2022;;Ordin-nr.626-din-20.03.2024-art.10.pdf
20.03.2024;626P;4731/2022;;Ordin-nr.626-din-20.03.2024-art.10.pdf
20.03.2024;626P;4731/2022;;Ordin-nr.626-din-20.03.2024-art.10.pdf
20.03.2024;626P;8394/2022;;Ordin-nr.626-din-20.03.2024-art.10.pdf
20.03.2024;626P;8384/2022;;Ordin-nr.626-din-20.03.2024-art.10.pdf
20.03.2024;626P;45563/2021;;Ordin-nr.626-din-20.03.2024-art.10.pdf
20.03.2024;626P;6152/2022;;Ordin-nr.626-din-20.03.2024-art.10.pdf
20.03.2024;626P;6229/2022;;Ordin-nr.626-din-20.03.2024-art.10.pdf
20.03.2024;626P;19041/2020;;Ordin-nr.626-din-20.03.2024-art.10.pdf
20.03.2024;626P;17642/2020;;Ordin-nr.626-din-20.03.2024-art.10.pdf
20.03.2024;626P;43531/2021;;Ordin-nr.626-din-20.03.2024-art.10.pdf
20.03.2024;626P;43527/2021;Copii minori: 2;Ordin-nr.626-din-20.03.2024-art.10.pdf
20.03.2024;626P;6226/2022;;Ordin-nr.626-din-20.03.2024-art.10.pdf
20.03.2024;626P;1637/2020;;Ordin-nr.626-din-20.03.2024-art.10.pdf
20.03.2024;626P;13738/2022;;Ordin-nr.626-din-20.03.2024-art.10.pdf
20.03.2024;626P;22029/2022;Copii minori: 1;Ordin-nr.626-din-20.03.2024-art.10.pdf
20.03.2024;626P;22061/2022;;Ordin-nr.626-din-20.03.2024-art.10.pdf
20.03.2024;626P;21589/2022;Copii minori: 1;Ordin-nr.626-din-20.03.2024-art.10.pdf
20.03.2024;626P;4733/2022;;Ordin-nr.626-din-20.03.2024-art.10.pdf
20.03.2024;626P;6242/2022;;Ordin-nr.626-din-20.03.2024-art.10.pdf
20.03.2024;626P;4744/2022;;Ordin-nr.626-din-20.03.2024-art.10.pdf
20.03.2024;626P;4747/2022;;Ordin-nr.626-din-20.03.2024-art.10.pdf
20.03.2024;626P;14835/2022;;Ordin-nr.626-din-20.03.2024-art.10.pdf
20.03.2024;626P;6233/2022;;Ordin-nr.626-din-20.03.2024-art.10.pdf
20.03.2024;626P;14844/2022;Copii minori: 3;Ordin-nr.626-din-20.03.2024-art.10.pdf
20.03.2024;626P;14819/2022;Copii minori: 2;Ordin-nr.626-din-20.03.2024-art.10.pdf
08.03.2024;539P;15844/2021;;Ordin-nr.-539-din-08.03.2024-.pdf
08.03.2024;539P;15823/2021;;Ordin-nr.-539-din-08.03.2024-.pdf
08.03.2024;539P;461/2022;;Ordin-nr.-539-din-08.03.2024-.pdf
08.03.2024;539P;457/2022;;Ordin-nr.-539-din-08.03.2024-.pdf
08.03.2024;539P;45010/2021;Copii minori: 1;Ordin-nr.-539-din-08.03.2024-.pdf
08.03.2024;539P;15829/2021;;Ordin-nr.-539-din-08.03.2024-.pdf
08.03.2024;539P;1078/2022;Copii minori: 2;Ordin-nr.-539-din-08.03.2024-.pdf
08.03.2024;539P;45351/2021;;Ordin-nr.-539-din-08.03.2024-.pdf
08.03.2024;539P;17643/2021;;Ordin-nr.-539-din-08.03.2024-.pdf
08.03.2024;539P;17926/2021;;Ordin-nr.-539-din-08.03.2024-.pdf
08.03.2024;539P;15925/2021;;Ordin-nr.-539-din-08.03.2024-.pdf
08.03.2024;539P;15917/2021;;Ordin-nr.-539-din-08.03.2024-.pdf
08.03.2024;539P;15922/2021;Copii minori: 3;Ordin-nr.-539-din-08.03.2024-.pdf
08.03.2024;539P;45551/2021;;Ordin-nr.-539-din-08.03.2024-.pdf
08.03.2024;539P;1075/2022;;Ordin-nr.-539-din-08.03.2024-.pdf
08.03.2024;539P;15834/2021;;Ordin-nr.-539-din-08.03.2024-.pdf
08.03.2024;539P;1057/2022;;Ordin-nr.-539-din-08.03.2024-.pdf
08.03.2024;539P;299/2022;;Ordin-nr.-539-din-08.03.2024-.pdf
08.03.2024;539P;15830/2021;;Ordin-nr.-539-din-08.03.2024-.pdf
08.03.2024;539P;15843/2021;;Ordin-nr.-539-din-08.03.2024-.pdf
08.03.2024;539P;24243/2022;;Ordin-nr.-539-din-08.03.2024-.pdf
08.03.2024;539P;1052/2022;;Ordin-nr.-539-din-08.03.2024-.pdf
08.03.2024;539P;15824/2021;;Ordin-nr.-539-din-08.03.2024-.pdf
08.03.2024;539P;15590/2021;;Ordin-nr.-539-din-08.03.2024-.pdf
08.03.2024;539P;15587/2021;Copii minori: 2;Ordin-nr.-539-din-08.03.2024-.pdf
08.03.2024;539P;34701/2022;;Ordin-nr.-539-din-08.03.2024-.pdf
08.03.2024;539P;15587/2021;;Ordin-nr.-539-din-08.03.2024-.pdf
08.03.2024;539P;15821/2021;;Ordin-nr.-539-din-08.03.2024-.pdf
08.03.2024;539P;1086/2022;;Ordin-nr.-539-din-08.03.2024-.pdf
08.03.2024;539P;1084/2022;;Ordin-nr.-539-din-08.03.2024-.pdf
08.03.2024;539P;1073/2022;;Ordin-nr.-539-din-08.03.2024-.pdf
08.03.2024;539P;1051/2022;;Ordin-nr.-539-din-08.03.2024-.pdf
08.03.2024;539P;1077/2022;;Ordin-nr.-539-din-08.03.2024-.pdf
08.03.2024;539P;45549/2021;;Ordin-nr.-539-din-08.03.2024-.pdf
08.03.2024;539P;1055/2022;;Ordin-nr.-539-din-08.03.2024-.pdf
08.03.2024;539P;1062/2022;;Ordin-nr.-539-din-08.03.2024-.pdf
08.03.2024;539P;1079/2022;Copii minori: 2;Ordin-nr.-539-din-08.03.2024-.pdf
08.03.2024;539P;1056/2022;;Ordin-nr.-539-din-08.03.2024-.pdf
08.03.2024;539P;15918/2021;;Ordin-nr.-539-din-08.03.2024-.pdf
08.03.2024;539P;15837/2021;;Ordin-nr.-539-din-08.03.2024-.pdf
08.03.2024;539P;15842/2021;;Ordin-nr.-539-din-08.03.2024-.pdf
08.03.2024;539P;15837/2021;;Ordin-nr.-539-din-08.03.2024-.pdf
08.03.2024;539P;15837/2021;;Ordin-nr.-539-din-08.03.2024-.pdf
08.03.2024;539P;15841/2021;;Ordin-nr.-539-din-08.03.2024-.pdf
08.03.2024;539P;15832/2021;;Ordin-nr.-539-din-08.03.2024-.pdf
08.03.2024;539P;15822/2021;Copii minori: 1;Ordin-nr.-539-din-08.03.2024-.pdf
08.03.2024;539P;1047/2022;Copii minori: 2;Ordin-nr.-539-din-08.03.2024-.pdf
08.03.2024;539P;19427/2020;Copii minori: 1;Ordin-nr.-539-din-08.03.2024-.pdf
08.03.2024;539P;1065/2022;;Ordin-nr.-539-din-08.03.2024-.pdf
08.03.2024;539P;15846/2021;;Ordin-nr.-539-din-08.03.2024-.pdf
08.03.2024;539P;799/2022;;Ordin-nr.-539-din-08.03.2024-.pdf
08.03.2024;539P;15819/2021;Copii minori: 2;Ordin-nr.-539-din-08.03.2024-.pdf
08.03.2024;539P;15818/2021;;Ordin-nr.-539-din-08.03.2024-.pdf
08.03.2024;539P;16900/2021;;Ordin-nr.-539-din-08.03.2024-.pdf
08.03.2024;539P;15915/2021;;Ordin-nr.-539-din-08.03.2024-.pdf
08.03.2024;539P;1045/2022;;Ordin-nr.-539-din-08.03.2024-.pdf
08.03.2024;539P;17722/2021;Copii minori: 2;Ordin-nr.-539-din-08.03.2024-.pdf
08.03.2024;539P;17717/2021;;Ordin-nr.-539-din-08.03.2024-.pdf
08.03.2024;539P;1072/2022;;Ordin-nr.-539-din-08.03.2024-.pdf
08.03.2024;539P;45550/2021;;Ordin-nr.-539-din-08.03.2024-.pdf
08.03.2024;539P;1071/2022;;Ordin-nr.-539-din-08.03.2024-.pdf
08.03.2024;539P;1066/2022;;Ordin-nr.-539-din-08.03.2024-.pdf
08.03.2024;539P;1058/2022;;Ordin-nr.-539-din-08.03.2024-.pdf
08.03.2024;539P;24248/2022;;Ordin-nr.-539-din-08.03.2024-.pdf
08.03.2024;539P;803/2022;;Ordin-nr.-539-din-08.03.2024-.pdf
08.03.2024;539P;15839/2021;;Ordin-nr.-539-din-08.03.2024-.pdf
08.03.2024;539P;15912/2021;Copii minori: 1;Ordin-nr.-539-din-08.03.2024-.pdf
08.03.2024;539P;45250/2021;;Ordin-nr.-539-din-08.03.2024-.pdf
08.03.2024;539P;15835/2021;;Ordin-nr.-539-din-08.03.2024-.pdf
08.03.2024;539P;293/2022;;Ordin-nr.-539-din-08.03.2024-.pdf
08.03.2024;539P;15833/2021;;Ordin-nr.-539-din-08.03.2024-.pdf
08.03.2024;539P;16689/2021;;Ordin-nr.-539-din-08.03.2024-.pdf
08.03.2024;539P;1048/2022;;Ordin-nr.-539-din-08.03.2024-.pdf
08.03.2024;539P;1050/2022;Copii minori: 1;Ordin-nr.-539-din-08.03.2024-.pdf
08.03.2024;539P;1068/2022;;Ordin-nr.-539-din-08.03.2024-.pdf
08.03.2024;539P;1046/2022;;Ordin-nr.-539-din-08.03.2024-.pdf
08.03.2024;539P;1091/2022;;Ordin-nr.-539-din-08.03.2024-.pdf
08.03.2024;539P;1044/2022;;Ordin-nr.-539-din-08.03.2024-.pdf
08.03.2024;539P;17637/2021;Copii minori: 3;Ordin-nr.-539-din-08.03.2024-.pdf
08.03.2024;539P;45552/2021;;Ordin-nr.-539-din-08.03.2024-.pdf
08.03.2024;539P;17307/2021;Copii minori: 2;Ordin-nr.-539-din-08.03.2024-.pdf
08.03.2024;539P;17307/2021;;Ordin-nr.-539-din-08.03.2024-.pdf
08.03.2024;539P;35071/2022;;Ordin-nr.-539-din-08.03.2024-.pdf
08.03.2024;539P;1081/2022;;Ordin-nr.-539-din-08.03.2024-.pdf
08.03.2024;539P;1083/2022;;Ordin-nr.-539-din-08.03.2024-.pdf
08.03.2024;539P;16941/2021;;Ordin-nr.-539-din-08.03.2024-.pdf
08.03.2024;539P;1082/2022;;Ordin-nr.-539-din-08.03.2024-.pdf
08.03.2024;539P;1053/2022;;Ordin-nr.-539-din-08.03.2024-.pdf
08.03.2024;539P;1070/2022;Copii minori: 1;Ordin-nr.-539-din-08.03.2024-.pdf
08.03.2024;539P;16732/2021;;Ordin-nr.-539-din-08.03.2024-.pdf
08.03.2024;539P;1061/2022;;Ordin-nr.-539-din-08.03.2024-.pdf
08.03.2024;539P;1094/2022;;Ordin-nr.-539-din-08.03.2024-.pdf
08.03.2024;539P;15826/2021;;Ordin-nr.-539-din-08.03.2024-.pdf
08.03.2024;539P;15826/2021;;Ordin-nr.-539-din-08.03.2024-.pdf
08.03.2024;539P;1067/2022;;Ordin-nr.-539-din-08.03.2024-.pdf
08.03.2024;539P;15827/2021;;Ordin-nr.-539-din-08.03.2024-.pdf
08.03.2024;539P;15825/2021;;Ordin-nr.-539-din-08.03.2024-.pdf
08.03.2024;539P;1095/2022;;Ordin-nr.-539-din-08.03.2024-.pdf
08.03.2024;539P;1060/2022;;Ordin-nr.-539-din-08.03.2024-.pdf
08.03.2024;539P;1063/2022;;Ordin-nr.-539-din-08.03.2024-.pdf
08.03.2024;539P;1069/2022;Copii minori: 1;Ordin-nr.-539-din-08.03.2024-.pdf
08.03.2024;539P;1093/2022;;Ordin-nr.-539-din-08.03.2024-.pdf
08.03.2024;539P;1088/2022;;Ordin-nr.-539-din-08.03.2024-.pdf
08.03.2024;539P;1089/2022;;Ordin-nr.-539-din-08.03.2024-.pdf
08.03.2024;539P;1080/2022;;Ordin-nr.-539-din-08.03.2024-.pdf
08.03.2024;539P;1049/2022;;Ordin-nr.-539-din-08.03.2024-.pdf
08.03.2024;539P;45548/2021;;Ordin-nr.-539-din-08.03.2024-.pdf
08.03.2024;539P;45492/2021;Copii minori: 1;Ordin-nr.-539-din-08.03.2024-.pdf
08.03.2024;539P;45482/2021;;Ordin-nr.-539-din-08.03.2024-.pdf
08.03.2024;539P;1059/2022;;Ordin-nr.-539-din-08.03.2024-.pdf
08.03.2024;539P;147/2022;Copii minori: 2;Ordin-nr.-539-din-08.03.2024-.pdf
08.03.2024;539P;15914/2021;;Ordin-nr.-539-din-08.03.2024-.pdf
08.03.2024;539P;15831/2021;Copii minori: 3;Ordin-nr.-539-din-08.03.2024-.pdf
08.03.2024;539P;15916/2021;;Ordin-nr.-539-din-08.03.2024-.pdf
08.03.2024;539P;15838/2021;;Ordin-nr.-539-din-08.03.2024-.pdf
08.03.2024;539P;15828/2021;;Ordin-nr.-539-din-08.03.2024-.pdf
08.03.2024;539P;45246/2021;;Ordin-nr.-539-din-08.03.2024-.pdf
08.03.2024;539P;45241/2021;;Ordin-nr.-539-din-08.03.2024-.pdf
08.03.2024;539P;45246/2021;;Ordin-nr.-539-din-08.03.2024-.pdf
08.03.2024;539P;24276/2022;Copii minori: 2;Ordin-nr.-539-din-08.03.2024-.pdf
08.03.2024;539P;45490/2021;;Ordin-nr.-539-din-08.03.2024-.pdf
08.03.2024;539P;24246/2022;;Ordin-nr.-539-din-08.03.2024-.pdf
08.03.2024;539P;15820/2021;;Ordin-nr.-539-din-08.03.2024-.pdf
08.03.2024;539P;1064/2022;;Ordin-nr.-539-din-08.03.2024-.pdf
08.03.2024;539P;1054/2022;;Ordin-nr.-539-din-08.03.2024-.pdf
08.03.2024;539P;45477/2021;;Ordin-nr.-539-din-08.03.2024-.pdf
08.03.2024;539P;45477/2021;;Ordin-nr.-539-din-08.03.2024-.pdf
08.03.2024;539P;45495/2021;;Ordin-nr.-539-din-08.03.2024-.pdf
08.03.2024;539P;45495/2021;;Ordin-nr.-539-din-08.03.2024-.pdf
08.03.2024;539P;45498/2021;;Ordin-nr.-539-din-08.03.2024-.pdf
08.03.2024;539P;45498/2021;;Ordin-nr.-539-din-08.03.2024-.pdf
08.03.2024;539P;1076/2022;Copii minori: 2;Ordin-nr.-539-din-08.03.2024-.pdf
08.03.2024;539P;15924/2021;Copii minori: 2;Ordin-nr.-539-din-08.03.2024-.pdf
08.03.2024;539P;15845/2021;;Ordin-nr.-539-din-08.03.2024-.pdf
08.03.2024;539P;17300/2021;Copii minori: 1;Ordin-nr.-539-din-08.03.2024-.pdf
08.03.2024;539P;17300/2021;;Ordin-nr.-539-din-08.03.2024-.pdf
08.03.2024;539P;17300/2021;;Ordin-nr.-539-din-08.03.2024-.pdf
08.03.2024;539P;682/2022;;Ordin-nr.-539-din-08.03.2024-.pdf
13.02.2024;327P;3010/2023;;Ordin-327-P-din-13.02.2024-art-10.pdf
13.02.2024;327P;3013/2023;;Ordin-327-P-din-13.02.2024-art-10.pdf
13.02.2024;327P;3032/2023;;Ordin-327-P-din-13.02.2024-art-10.pdf
13.02.2024;327P;3046/2023;;Ordin-327-P-din-13.02.2024-art-10.pdf
13.02.2024;327P;3048/2023;Copii minori: 1;Ordin-327-P-din-13.02.2024-art-10.pdf
13.02.2024;327P;3023/2023;;Ordin-327-P-din-13.02.2024-art-10.pdf
13.02.2024;327P;3044/2023;;Ordin-327-P-din-13.02.2024-art-10.pdf
13.02.2024;327P;3045/2023;;Ordin-327-P-din-13.02.2024-art-10.pdf
13.02.2024;327P;3037/2023;;Ordin-327-P-din-13.02.2024-art-10.pdf
13.02.2024;327P;3038/2023;Copii minori: 3;Ordin-327-P-din-13.02.2024-art-10.pdf
13.02.2024;327P;3053/2023;;Ordin-327-P-din-13.02.2024-art-10.pdf
13.02.2024;327P;3022/2023;;Ordin-327-P-din-13.02.2024-art-10.pdf
13.02.2024;327P;3035/2023;Copii minori: 1;Ordin-327-P-din-13.02.2024-art-10.pdf
13.02.2024;327P;2992/2023;;Ordin-327-P-din-13.02.2024-art-10.pdf
13.02.2024;327P;3056/2023;Copii minori: 2;Ordin-327-P-din-13.02.2024-art-10.pdf
13.02.2024;327P;3051/2023;;Ordin-327-P-din-13.02.2024-art-10.pdf
13.02.2024;327P;3007/2023;Copii minori: 3;Ordin-327-P-din-13.02.2024-art-10.pdf
13.02.2024;327P;3016/2023;Copii minori: 1;Ordin-327-P-din-13.02.2024-art-10.pdf
13.02.2024;327P;2999/2023;;Ordin-327-P-din-13.02.2024-art-10.pdf
13.02.2024;327P;3043/2023;;Ordin-327-P-din-13.02.2024-art-10.pdf
13.02.2024;327P;3004/2023;;Ordin-327-P-din-13.02.2024-art-10.pdf
13.02.2024;327P;3017/2023;;Ordin-327-P-din-13.02.2024-art-10.pdf
13.02.2024;327P;3012/2023;Copii minori: 1;Ordin-327-P-din-13.02.2024-art-10.pdf
13.02.2024;327P;2990/2023;;Ordin-327-P-din-13.02.2024-art-10.pdf
13.02.2024;327P;3033/2023;;Ordin-327-P-din-13.02.2024-art-10.pdf
13.02.2024;327P;2991/2023;;Ordin-327-P-din-13.02.2024-art-10.pdf
13.02.2024;327P;3026/2023;;Ordin-327-P-din-13.02.2024-art-10.pdf
13.02.2024;327P;3024/2023;Copii minori: 1;Ordin-327-P-din-13.02.2024-art-10.pdf
13.02.2024;327P;3011/2023;;Ordin-327-P-din-13.02.2024-art-10.pdf
13.02.2024;327P;3011/2023;Copii minori: 1;Ordin-327-P-din-13.02.2024-art-10.pdf
13.02.2024;327P;2994/2023;;Ordin-327-P-din-13.02.2024-art-10.pdf
08.02.2024;286P;17845/2021;;O-286-P-din-08.02.2024-art-10.pdf
08.02.2024;286P;40763/2021;;O-286-P-din-08.02.2024-art-10.pdf
08.02.2024;286P;41712/2021;;O-286-P-din-08.02.2024-art-10.pdf
08.02.2024;286P;14213/2023;;O-286-P-din-08.02.2024-art-10.pdf
08.02.2024;286P;41077/2021;;O-286-P-din-08.02.2024-art-10.pdf
08.02.2024;286P;41905/2021;;O-286-P-din-08.02.2024-art-10.pdf
08.02.2024;286P;41900/2021;;O-286-P-din-08.02.2024-art-10.pdf
08.02.2024;286P;41708/2021;;O-286-P-din-08.02.2024-art-10.pdf
08.02.2024;286P;42195/2021;Copii minori: 3;O-286-P-din-08.02.2024-art-10.pdf
08.02.2024;286P;42195/2021;;O-286-P-din-08.02.2024-art-10.pdf
08.02.2024;286P;82568/2019;;O-286-P-din-08.02.2024-art-10.pdf
08.02.2024;286P;40821/2021;Copii minori: 2;O-286-P-din-08.02.2024-art-10.pdf
08.02.2024;286P;41077/2021;Copii minori: 1;O-286-P-din-08.02.2024-art-10.pdf
02.02.2024;251P;43887/2021;;Ordin-persoane-251-02.02.2024-art-10.pdf
02.02.2024;251P;7110/2022;;Ordin-persoane-251-02.02.2024-art-10.pdf
02.02.2024;251P;27730/2022;;Ordin-persoane-251-02.02.2024-art-10.pdf
02.02.2024;251P;27730/2022;;Ordin-persoane-251-02.02.2024-art-10.pdf
02.02.2024;251P;37795/2022;Copii minori: 1;Ordin-persoane-251-02.02.2024-art-10.pdf
02.02.2024;251P;37811/2022;;Ordin-persoane-251-02.02.2024-art-10.pdf
02.02.2024;251P;8340/2022;;Ordin-persoane-251-02.02.2024-art-10.pdf
02.02.2024;251P;6556/2021;;Ordin-persoane-251-02.02.2024-art-10.pdf
02.02.2024;251P;6544/2021;;Ordin-persoane-251-02.02.2024-art-10.pdf
02.02.2024;251P;37812/2022;;Ordin-persoane-251-02.02.2024-art-10.pdf
02.02.2024;251P;37800/2022;;Ordin-persoane-251-02.02.2024-art-10.pdf
02.02.2024;251P;27716/2022;Copii minori: 2;Ordin-persoane-251-02.02.2024-art-10.pdf
02.02.2024;251P;33359/2021;;Ordin-persoane-251-02.02.2024-art-10.pdf
02.02.2024;251P;6552/2021;;Ordin-persoane-251-02.02.2024-art-10.pdf
02.02.2024;251P;37813/2022;;Ordin-persoane-251-02.02.2024-art-10.pdf
02.02.2024;251P;27736/2022;;Ordin-persoane-251-02.02.2024-art-10.pdf
02.02.2024;251P;8339/2022;;Ordin-persoane-251-02.02.2024-art-10.pdf
02.02.2024;251P;5028/2022;;Ordin-persoane-251-02.02.2024-art-10.pdf
02.02.2024;251P;37810/2022;Copii minori: 2;Ordin-persoane-251-02.02.2024-art-10.pdf
02.02.2024;251P;37783/2022;;Ordin-persoane-251-02.02.2024-art-10.pdf
02.02.2024;251P;37783/2022;;Ordin-persoane-251-02.02.2024-art-10.pdf
02.02.2024;251P;37802/2022;;Ordin-persoane-251-02.02.2024-art-10.pdf
02.02.2024;251P;8675/2022;;Ordin-persoane-251-02.02.2024-art-10.pdf
02.02.2024;251P;6542/2021;Copii minori: 2;Ordin-persoane-251-02.02.2024-art-10.pdf
02.02.2024;251P;7110/2022;Copii minori: 2;Ordin-persoane-251-02.02.2024-art-10.pdf
02.02.2024;251P;37817/2022;Copii minori: 2;Ordin-persoane-251-02.02.2024-art-10.pdf
02.02.2024;251P;8347/2022;;Ordin-persoane-251-02.02.2024-art-10.pdf
02.02.2024;251P;8361/2022;;Ordin-persoane-251-02.02.2024-art-10.pdf
02.02.2024;251P;27703/2022;;Ordin-persoane-251-02.02.2024-art-10.pdf
02.02.2024;251P;27718/2022;;Ordin-persoane-251-02.02.2024-art-10.pdf
02.02.2024;251P;8348/2022;;Ordin-persoane-251-02.02.2024-art-10.pdf
02.02.2024;251P;27491/2022;;Ordin-persoane-251-02.02.2024-art-10.pdf
02.02.2024;251P;8345/2022;;Ordin-persoane-251-02.02.2024-art-10.pdf
02.02.2024;251P;27719/2022;;Ordin-persoane-251-02.02.2024-art-10.pdf
02.02.2024;251P;27727/2022;;Ordin-persoane-251-02.02.2024-art-10.pdf
02.02.2024;251P;6543/2021;;Ordin-persoane-251-02.02.2024-art-10.pdf
02.02.2024;251P;37807/2022;Copii minori: 1;Ordin-persoane-251-02.02.2024-art-10.pdf
02.02.2024;251P;37823/2022;Copii minori: 4;Ordin-persoane-251-02.02.2024-art-10.pdf
02.02.2024;251P;37818/2022;;Ordin-persoane-251-02.02.2024-art-10.pdf
02.02.2024;251P;37786/2022;;Ordin-persoane-251-02.02.2024-art-10.pdf
02.02.2024;251P;6547/2021;;Ordin-persoane-251-02.02.2024-art-10.pdf
02.02.2024;251P;9408/2022;;Ordin-persoane-251-02.02.2024-art-10.pdf
02.02.2024;251P;37824/2022;;Ordin-persoane-251-02.02.2024-art-10.pdf
02.02.2024;251P;8361/2022;Copii minori: 1;Ordin-persoane-251-02.02.2024-art-10.pdf
02.02.2024;251P;8351/2022;;Ordin-persoane-251-02.02.2024-art-10.pdf
02.02.2024;251P;8344/2022;;Ordin-persoane-251-02.02.2024-art-10.pdf
02.02.2024;251P;27781/2022;;Ordin-persoane-251-02.02.2024-art-10.pdf
02.02.2024;251P;8342/2022;;Ordin-persoane-251-02.02.2024-art-10.pdf
02.02.2024;251P;37804/2022;Copii minori: 3;Ordin-persoane-251-02.02.2024-art-10.pdf
02.02.2024;251P;8337/2022;;Ordin-persoane-251-02.02.2024-art-10.pdf
02.02.2024;251P;8350/2022;;Ordin-persoane-251-02.02.2024-art-10.pdf
02.02.2024;251P;27731/2022;;Ordin-persoane-251-02.02.2024-art-10.pdf
02.02.2024;251P;27739/2022;;Ordin-persoane-251-02.02.2024-art-10.pdf
02.02.2024;251P;37799/2022;;Ordin-persoane-251-02.02.2024-art-10.pdf
02.02.2024;251P;37809/2022;;Ordin-persoane-251-02.02.2024-art-10.pdf
02.02.2024;251P;27704/2022;;Ordin-persoane-251-02.02.2024-art-10.pdf
02.02.2024;251P;8352/2022;Copii minori: 1;Ordin-persoane-251-02.02.2024-art-10.pdf
02.02.2024;251P;8358/2022;;Ordin-persoane-251-02.02.2024-art-10.pdf
02.02.2024;251P;27067/2022;Copii minori: 2;Ordin-persoane-251-02.02.2024-art-10.pdf
02.02.2024;251P;6553/2021;;Ordin-persoane-251-02.02.2024-art-10.pdf
02.02.2024;251P;8338/2022;Copii minori: 3;Ordin-persoane-251-02.02.2024-art-10.pdf
02.02.2024;251P;6541/2021;;Ordin-persoane-251-02.02.2024-art-10.pdf
02.02.2024;251P;8364/2022;;Ordin-persoane-251-02.02.2024-art-10.pdf
02.02.2024;251P;6545/2021;;Ordin-persoane-251-02.02.2024-art-10.pdf
02.02.2024;251P;8357/2022;;Ordin-persoane-251-02.02.2024-art-10.pdf
02.02.2024;251P;37793/2022;;Ordin-persoane-251-02.02.2024-art-10.pdf
02.02.2024;251P;37793/2022;Copii minori: 1;Ordin-persoane-251-02.02.2024-art-10.pdf
02.02.2024;251P;27738/2022;;Ordin-persoane-251-02.02.2024-art-10.pdf
02.02.2024;251P;8354/2022;;Ordin-persoane-251-02.02.2024-art-10.pdf
02.02.2024;251P;27499/2022;;Ordin-persoane-251-02.02.2024-art-10.pdf
02.02.2024;251P;27516/2022;;Ordin-persoane-251-02.02.2024-art-10.pdf
02.02.2024;251P;8367/2022;;Ordin-persoane-251-02.02.2024-art-10.pdf
02.02.2024;251P;27734/2022;Copii minori: 2;Ordin-persoane-251-02.02.2024-art-10.pdf
02.02.2024;251P;27728/2022;;Ordin-persoane-251-02.02.2024-art-10.pdf
02.02.2024;251P;6540/2021;;Ordin-persoane-251-02.02.2024-art-10.pdf
02.02.2024;251P;37805/2022;Copii minori: 2;Ordin-persoane-251-02.02.2024-art-10.pdf
02.02.2024;251P;37825/2022;;Ordin-persoane-251-02.02.2024-art-10.pdf
02.02.2024;251P;37797/2022;Copii minori: 1;Ordin-persoane-251-02.02.2024-art-10.pdf
02.02.2024;251P;27723/2022;;Ordin-persoane-251-02.02.2024-art-10.pdf
02.02.2024;251P;6549/2021;;Ordin-persoane-251-02.02.2024-art-10.pdf
02.02.2024;251P;37789/2022;;Ordin-persoane-251-02.02.2024-art-10.pdf
02.02.2024;251P;27741/2022;Copii minori: 1;Ordin-persoane-251-02.02.2024-art-10.pdf
02.02.2024;251P;27714/2022;;Ordin-persoane-251-02.02.2024-art-10.pdf
02.02.2024;251P;8366/2022;;Ordin-persoane-251-02.02.2024-art-10.pdf
02.02.2024;251P;8346/2022;;Ordin-persoane-251-02.02.2024-art-10.pdf
02.02.2024;251P;27702/2022;;Ordin-persoane-251-02.02.2024-art-10.pdf
02.02.2024;251P;37821/2022;;Ordin-persoane-251-02.02.2024-art-10.pdf
02.02.2024;251P;6548/2021;;Ordin-persoane-251-02.02.2024-art-10.pdf
02.02.2024;251P;6557/2021;;Ordin-persoane-251-02.02.2024-art-10.pdf
02.02.2024;251P;6550/2021;Copii minori: 3;Ordin-persoane-251-02.02.2024-art-10.pdf
02.02.2024;251P;27061/2022;;Ordin-persoane-251-02.02.2024-art-10.pdf
02.02.2024;251P;37798/2022;;Ordin-persoane-251-02.02.2024-art-10.pdf
02.02.2024;251P;37798/2022;Copii minori: 1;Ordin-persoane-251-02.02.2024-art-10.pdf
02.02.2024;251P;8356/2022;;Ordin-persoane-251-02.02.2024-art-10.pdf
02.02.2024;251P;26855/2022;;Ordin-persoane-251-02.02.2024-art-10.pdf
02.02.2024;251P;26858/2022;;Ordin-persoane-251-02.02.2024-art-10.pdf
02.02.2024;251P;27732/2022;;Ordin-persoane-251-02.02.2024-art-10.pdf
02.02.2024;251P;27106/2022;;Ordin-persoane-251-02.02.2024-art-10.pdf
02.02.2024;251P;8362/2022;;Ordin-persoane-251-02.02.2024-art-10.pdf
02.02.2024;251P;8360/2022;;Ordin-persoane-251-02.02.2024-art-10.pdf
02.02.2024;251P;6559/2021;;Ordin-persoane-251-02.02.2024-art-10.pdf
02.02.2024;251P;27732/2022;Copii minori: 2;Ordin-persoane-251-02.02.2024-art-10.pdf
02.02.2024;251P;8343/2022;;Ordin-persoane-251-02.02.2024-art-10.pdf
02.02.2024;251P;27084/2022;;Ordin-persoane-251-02.02.2024-art-10.pdf
02.02.2024;251P;37794/2022;;Ordin-persoane-251-02.02.2024-art-10.pdf
02.02.2024;251P;37816/2022;;Ordin-persoane-251-02.02.2024-art-10.pdf
02.02.2024;251P;37815/2022;;Ordin-persoane-251-02.02.2024-art-10.pdf
02.02.2024;251P;37788/2022;;Ordin-persoane-251-02.02.2024-art-10.pdf
02.02.2024;251P;8365/2022;;Ordin-persoane-251-02.02.2024-art-10.pdf
02.02.2024;251P;8355/2022;;Ordin-persoane-251-02.02.2024-art-10.pdf
02.02.2024;251P;27735/2022;;Ordin-persoane-251-02.02.2024-art-10.pdf
02.02.2024;251P;27742/2022;Copii minori: 2;Ordin-persoane-251-02.02.2024-art-10.pdf
02.02.2024;251P;8341/2022;;Ordin-persoane-251-02.02.2024-art-10.pdf
02.02.2024;251P;37814/2022;;Ordin-persoane-251-02.02.2024-art-10.pdf
02.02.2024;251P;37796/2022;;Ordin-persoane-251-02.02.2024-art-10.pdf
02.02.2024;251P;8359/2022;;Ordin-persoane-251-02.02.2024-art-10.pdf
02.02.2024;251P;36024/2022;;Ordin-persoane-251-02.02.2024-art-10.pdf
25.01.2024;219P;3025/2022;Copii minori: 2;Ordin-219-din-25.01.2024-art-10.pdf
25.01.2024;219P;2973/2022;;Ordin-219-din-25.01.2024-art-10.pdf
25.01.2024;219P;2854/2022;Copii minori: 2;Ordin-219-din-25.01.2024-art-10.pdf
25.01.2024;219P;6555/2021;;Ordin-219-din-25.01.2024-art-10.pdf
25.01.2024;219P;8628/2018;;Ordin-219-din-25.01.2024-art-10.pdf
25.01.2024;219P;2533/2022;;Ordin-219-din-25.01.2024-art-10.pdf
25.01.2024;219P;2535/2022;;Ordin-219-din-25.01.2024-art-10.pdf
25.01.2024;219P;21935/2021;;Ordin-219-din-25.01.2024-art-10.pdf
25.01.2024;219P;2963/2022;;Ordin-219-din-25.01.2024-art-10.pdf
25.01.2024;219P;3024/2022;;Ordin-219-din-25.01.2024-art-10.pdf
25.01.2024;219P;3003/2022;Copii minori: 2;Ordin-219-din-25.01.2024-art-10.pdf
25.01.2024;219P;2652/2022;;Ordin-219-din-25.01.2024-art-10.pdf
22.01.2024;158P;15070/2022;Copii minori: 2;Ordin-nr.-158-din-22.01.2024.pdf
22.01.2024;158P;14886/2022;Copii minori: 2;Ordin-nr.-158-din-22.01.2024.pdf
22.01.2024;158P;38165/2022;;Ordin-nr.-158-din-22.01.2024.pdf
22.01.2024;158P;38028/2022;;Ordin-nr.-158-din-22.01.2024.pdf
22.01.2024;158P;29606/2022;Copii minori: 1;Ordin-nr.-158-din-22.01.2024.pdf
22.01.2024;158P;15189/2022;Copii minori: 1;Ordin-nr.-158-din-22.01.2024.pdf
22.01.2024;158P;29627/2022;;Ordin-nr.-158-din-22.01.2024.pdf
22.01.2024;158P;29599/2022;Copii minori: 3;Ordin-nr.-158-din-22.01.2024.pdf
22.01.2024;158P;37834/2022;;Ordin-nr.-158-din-22.01.2024.pdf
22.01.2024;158P;15052/2022;;Ordin-nr.-158-din-22.01.2024.pdf
22.01.2024;158P;29587/2022;;Ordin-nr.-158-din-22.01.2024.pdf
22.01.2024;158P;29611/2022;Copii minori: 2;Ordin-nr.-158-din-22.01.2024.pdf
22.01.2024;158P;37837/2022;;Ordin-nr.-158-din-22.01.2024.pdf
22.01.2024;158P;37901/2022;;Ordin-nr.-158-din-22.01.2024.pdf
22.01.2024;158P;29612/2022;;Ordin-nr.-158-din-22.01.2024.pdf
22.01.2024;158P;37832/2022;;Ordin-nr.-158-din-22.01.2024.pdf
22.01.2024;158P;37832/2022;;Ordin-nr.-158-din-22.01.2024.pdf
22.01.2024;158P;29590/2022;;Ordin-nr.-158-din-22.01.2024.pdf
22.01.2024;158P;37850/2022;;Ordin-nr.-158-din-22.01.2024.pdf
22.01.2024;158P;37828/2022;;Ordin-nr.-158-din-22.01.2024.pdf
22.01.2024;158P;29614/2022;Copii minori: 2;Ordin-nr.-158-din-22.01.2024.pdf
22.01.2024;158P;29614/2022;;Ordin-nr.-158-din-22.01.2024.pdf
22.01.2024;158P;37847/2022;;Ordin-nr.-158-din-22.01.2024.pdf
22.01.2024;158P;14881/2022;Copii minori: 1;Ordin-nr.-158-din-22.01.2024.pdf
22.01.2024;158P;14881/2022;;Ordin-nr.-158-din-22.01.2024.pdf
22.01.2024;158P;14883/2022;;Ordin-nr.-158-din-22.01.2024.pdf
22.01.2024;158P;14981/2022;;Ordin-nr.-158-din-22.01.2024.pdf
22.01.2024;158P;38179/2022;;Ordin-nr.-158-din-22.01.2024.pdf
22.01.2024;158P;38040/2022;;Ordin-nr.-158-din-22.01.2024.pdf
22.01.2024;158P;38036/2022;;Ordin-nr.-158-din-22.01.2024.pdf
22.01.2024;158P;38037/2022;;Ordin-nr.-158-din-22.01.2024.pdf
22.01.2024;158P;15050/2022;;Ordin-nr.-158-din-22.01.2024.pdf
22.01.2024;158P;29625/2022;;Ordin-nr.-158-din-22.01.2024.pdf
22.01.2024;158P;15044/2022;Copii minori: 2;Ordin-nr.-158-din-22.01.2024.pdf
22.01.2024;158P;29616/2022;Copii minori: 2;Ordin-nr.-158-din-22.01.2024.pdf
22.01.2024;158P;14884/2022;;Ordin-nr.-158-din-22.01.2024.pdf
22.01.2024;158P;14885/2022;Copii minori: 1;Ordin-nr.-158-din-22.01.2024.pdf
22.01.2024;158P;15033/2022;Copii minori: 2;Ordin-nr.-158-din-22.01.2024.pdf
22.01.2024;158P;15202/2022;Copii minori: 2;Ordin-nr.-158-din-22.01.2024.pdf
22.01.2024;158P;37846/2022;;Ordin-nr.-158-din-22.01.2024.pdf
22.01.2024;158P;29589/2022;Copii minori: 3;Ordin-nr.-158-din-22.01.2024.pdf
22.01.2024;158P;15039/2022;Copii minori: 2;Ordin-nr.-158-din-22.01.2024.pdf
22.01.2024;158P;37833/2022;;Ordin-nr.-158-din-22.01.2024.pdf
22.01.2024;158P;29582/2022;;Ordin-nr.-158-din-22.01.2024.pdf
22.01.2024;158P;29585/2022;;Ordin-nr.-158-din-22.01.2024.pdf
22.01.2024;158P;37902/2022;Copii minori: 1;Ordin-nr.-158-din-22.01.2024.pdf
22.01.2024;158P;37839/2022;;Ordin-nr.-158-din-22.01.2024.pdf
22.01.2024;158P;14879/2022;Copii minori: 3;Ordin-nr.-158-din-22.01.2024.pdf
22.01.2024;158P;37840/2022;Copii minori: 1;Ordin-nr.-158-din-22.01.2024.pdf
22.01.2024;158P;37836/2022;;Ordin-nr.-158-din-22.01.2024.pdf
22.01.2024;158P;29583/2022;Copii minori: 3;Ordin-nr.-158-din-22.01.2024.pdf
22.01.2024;158P;29583/2022;;Ordin-nr.-158-din-22.01.2024.pdf
22.01.2024;158P;14889/2022;;Ordin-nr.-158-din-22.01.2024.pdf
22.01.2024;158P;37843/2022;;Ordin-nr.-158-din-22.01.2024.pdf
22.01.2024;158P;14882/2022;;Ordin-nr.-158-din-22.01.2024.pdf
22.01.2024;158P;29586/2022;;Ordin-nr.-158-din-22.01.2024.pdf
22.01.2024;158P;29592/2022;;Ordin-nr.-158-din-22.01.2024.pdf
22.01.2024;158P;37835/2022;;Ordin-nr.-158-din-22.01.2024.pdf
22.01.2024;158P;29624/2022;;Ordin-nr.-158-din-22.01.2024.pdf
22.01.2024;158P;29620/2022;;Ordin-nr.-158-din-22.01.2024.pdf
22.01.2024;158P;37826/2022;;Ordin-nr.-158-din-22.01.2024.pdf
22.01.2024;158P;37841/2022;;Ordin-nr.-158-din-22.01.2024.pdf
22.01.2024;158P;29591/2022;;Ordin-nr.-158-din-22.01.2024.pdf
22.01.2024;158P;14975/2022;Copii minori: 4;Ordin-nr.-158-din-22.01.2024.pdf
22.01.2024;158P;14971/2022;;Ordin-nr.-158-din-22.01.2024.pdf
22.01.2024;158P;14888/2022;;Ordin-nr.-158-din-22.01.2024.pdf
22.01.2024;158P;29588/2022;;Ordin-nr.-158-din-22.01.2024.pdf
22.01.2024;158P;15020/2022;;Ordin-nr.-158-din-22.01.2024.pdf
22.01.2024;158P;29626/2022;;Ordin-nr.-158-din-22.01.2024.pdf
22.01.2024;158P;14887/2022;;Ordin-nr.-158-din-22.01.2024.pdf
22.01.2024;158P;38168/2022;Copii minori: 1;Ordin-nr.-158-din-22.01.2024.pdf
22.01.2024;158P;29619/2022;;Ordin-nr.-158-din-22.01.2024.pdf
22.01.2024;158P;38182/2022;;Ordin-nr.-158-din-22.01.2024.pdf
22.01.2024;158P;14967/2022;;Ordin-nr.-158-din-22.01.2024.pdf
22.01.2024;158P;37842/2022;;Ordin-nr.-158-din-22.01.2024.pdf
22.01.2024;158P;29600/2022;Copii minori: 1;Ordin-nr.-158-din-22.01.2024.pdf
22.01.2024;158P;29623/2022;;Ordin-nr.-158-din-22.01.2024.pdf
22.01.2024;158P;29608/2022;Copii minori: 2;Ordin-nr.-158-din-22.01.2024.pdf
22.01.2024;158P;29601/2022;;Ordin-nr.-158-din-22.01.2024.pdf
22.01.2024;158P;29604/2022;;Ordin-nr.-158-din-22.01.2024.pdf
22.01.2024;158P;14890/2022;;Ordin-nr.-158-din-22.01.2024.pdf
22.01.2024;158P;29596/2022;;Ordin-nr.-158-din-22.01.2024.pdf
22.01.2024;158P;14877/2022;;Ordin-nr.-158-din-22.01.2024.pdf
22.01.2024;158P;14891/2022;;Ordin-nr.-158-din-22.01.2024.pdf
22.01.2024;158P;14891/2022;Copii minori: 1;Ordin-nr.-158-din-22.01.2024.pdf
22.01.2024;158P;37849/2022;;Ordin-nr.-158-din-22.01.2024.pdf
22.01.2024;158P;29602/2022;Copii minori: 3;Ordin-nr.-158-din-22.01.2024.pdf
22.01.2024;158P;37830/2022;;Ordin-nr.-158-din-22.01.2024.pdf
22.01.2024;158P;29584/2022;;Ordin-nr.-158-din-22.01.2024.pdf
22.01.2024;158P;37838/2022;Copii minori: 3;Ordin-nr.-158-din-22.01.2024.pdf
22.01.2024;158P;38224/2022;;Ordin-nr.-158-din-22.01.2024.pdf
22.01.2024;157P;21428/2022;;Ordin-157.2024-art-10.pdf
22.01.2024;157P;8498/2022;;Ordin-157.2024-art-10.pdf
22.01.2024;157P;21440/2022;;Ordin-157.2024-art-10.pdf
22.01.2024;157P;37379/2022;;Ordin-157.2024-art-10.pdf
22.01.2024;157P;21438/2022;;Ordin-157.2024-art-10.pdf
22.01.2024;157P;12121/2022;;Ordin-157.2024-art-10.pdf
22.01.2024;157P;21421/2022;;Ordin-157.2024-art-10.pdf
22.01.2024;157P;21425/2022;;Ordin-157.2024-art-10.pdf
22.01.2024;157P;21435/2022;;Ordin-157.2024-art-10.pdf
22.01.2024;157P;44737/2021;;Ordin-157.2024-art-10.pdf
22.01.2024;157P;1764/2021;Copii minori: 1;Ordin-157.2024-art-10.pdf
22.01.2024;157P;36552/2022;;Ordin-157.2024-art-10.pdf
22.01.2024;157P;36559/2022;;Ordin-157.2024-art-10.pdf
22.01.2024;157P;12378/2022;;Ordin-157.2024-art-10.pdf
22.01.2024;157P;21419/2022;;Ordin-157.2024-art-10.pdf
22.01.2024;157P;21423/2022;;Ordin-157.2024-art-10.pdf
22.01.2024;157P;12432/2022;;Ordin-157.2024-art-10.pdf
22.01.2024;157P;12437/2022;;Ordin-157.2024-art-10.pdf
22.01.2024;157P;21420/2022;Copii minori: 1;Ordin-157.2024-art-10.pdf
22.01.2024;157P;37774/2022;;Ordin-157.2024-art-10.pdf
22.01.2024;157P;21439/2022;;Ordin-157.2024-art-10.pdf
22.01.2024;157P;21434/2022;;Ordin-157.2024-art-10.pdf
22.01.2024;157P;22502/2022;;Ordin-157.2024-art-10.pdf
22.01.2024;157P;68325/2019;;Ordin-157.2024-art-10.pdf
22.01.2024;157P;37385/2022;Copii minori: 3;Ordin-157.2024-art-10.pdf
22.01.2024;157P;21413/2022;;Ordin-157.2024-art-10.pdf
22.01.2024;157P;21436/2022;;Ordin-157.2024-art-10.pdf
22.01.2024;157P;7511/2022;;Ordin-157.2024-art-10.pdf
22.01.2024;157P;37383/2022;;Ordin-157.2024-art-10.pdf
22.01.2024;157P;12077/2022;;Ordin-157.2024-art-10.pdf
22.01.2024;157P;12074/2022;;Ordin-157.2024-art-10.pdf
22.01.2024;157P;12071/2022;Copii minori: 1;Ordin-157.2024-art-10.pdf
22.01.2024;157P;21446/2022;;Ordin-157.2024-art-10.pdf
22.01.2024;157P;21433/2022;Copii minori: 2;Ordin-157.2024-art-10.pdf
22.01.2024;157P;36549/2022;;Ordin-157.2024-art-10.pdf
22.01.2024;157P;9987/2022;;Ordin-157.2024-art-10.pdf
22.01.2024;157P;21414/2022;;Ordin-157.2024-art-10.pdf
22.01.2024;157P;12376/2022;;Ordin-157.2024-art-10.pdf
22.01.2024;157P;37781/2022;;Ordin-157.2024-art-10.pdf
22.01.2024;157P;34320/2021;;Ordin-157.2024-art-10.pdf
22.01.2024;157P;34320/2021;;Ordin-157.2024-art-10.pdf
22.01.2024;157P;37573/2022;Copii minori: 1;Ordin-157.2024-art-10.pdf
22.01.2024;157P;37777/2022;;Ordin-157.2024-art-10.pdf
22.01.2024;157P;36560/2022;;Ordin-157.2024-art-10.pdf
22.01.2024;157P;12390/2022;Copii minori: 2;Ordin-157.2024-art-10.pdf
22.01.2024;157P;36561/2022;;Ordin-157.2024-art-10.pdf
22.01.2024;157P;22893/2022;;Ordin-157.2024-art-10.pdf
22.01.2024;157P;37775/2022;Copii minori: 1;Ordin-157.2024-art-10.pdf
22.01.2024;157P;21445/2022;;Ordin-157.2024-art-10.pdf
22.01.2024;157P;21445/2022;;Ordin-157.2024-art-10.pdf
22.01.2024;157P;21444/2022;;Ordin-157.2024-art-10.pdf
22.01.2024;157P;21418/2022;;Ordin-157.2024-art-10.pdf
22.01.2024;157P;36557/2022;;Ordin-157.2024-art-10.pdf
22.01.2024;157P;21448/2022;;Ordin-157.2024-art-10.pdf
22.01.2024;157P;36555/2022;Copii minori: 2;Ordin-157.2024-art-10.pdf
22.01.2024;157P;36546/2022;;Ordin-157.2024-art-10.pdf
22.01.2024;157P;37389/2022;Copii minori: 2;Ordin-157.2024-art-10.pdf
22.01.2024;157P;12294/2022;;Ordin-157.2024-art-10.pdf
22.01.2024;157P;21441/2022;Copii minori: 1;Ordin-157.2024-art-10.pdf
22.01.2024;157P;21430/2022;;Ordin-157.2024-art-10.pdf
22.01.2024;157P;36550/2022;Copii minori: 2;Ordin-157.2024-art-10.pdf
22.01.2024;157P;21449/2022;;Ordin-157.2024-art-10.pdf
22.01.2024;157P;37402/2022;Copii minori: 2;Ordin-157.2024-art-10.pdf
22.01.2024;157P;21447/2022;;Ordin-157.2024-art-10.pdf
22.01.2024;157P;44297/2021;;Ordin-157.2024-art-10.pdf
22.01.2024;157P;44297/2021;;Ordin-157.2024-art-10.pdf
22.01.2024;157P;10548/2022;;Ordin-157.2024-art-10.pdf
22.01.2024;157P;21422/2022;;Ordin-157.2024-art-10.pdf
22.01.2024;157P;12447/2022;;Ordin-157.2024-art-10.pdf
22.01.2024;157P;21431/2022;;Ordin-157.2024-art-10.pdf
22.01.2024;157P;37778/2022;;Ordin-157.2024-art-10.pdf
22.01.2024;157P;37782/2022;;Ordin-157.2024-art-10.pdf
22.01.2024;157P;12216/2022;;Ordin-157.2024-art-10.pdf
22.01.2024;157P;10663/2022;;Ordin-157.2024-art-10.pdf
22.01.2024;157P;10659/2022;;Ordin-157.2024-art-10.pdf
22.01.2024;157P;31323/2021;;Ordin-157.2024-art-10.pdf
22.01.2024;157P;12391/2022;;Ordin-157.2024-art-10.pdf
22.01.2024;157P;36682/2022;;Ordin-157.2024-art-10.pdf
10.01.2024;63P;21471/2022;;Ordin-63-P-10.01.2024-art.-10.pdf
10.01.2024;63P;21472/2022;;Ordin-63-P-10.01.2024-art.-10.pdf
10.01.2024;63P;24998/2022;Copii minori: 2;Ordin-63-P-10.01.2024-art.-10.pdf
10.01.2024;63P;24997/2022;Copii minori: 1;Ordin-63-P-10.01.2024-art.-10.pdf
10.01.2024;63P;21828/2022;;Ordin-63-P-10.01.2024-art.-10.pdf
10.01.2024;63P;21831/2022;;Ordin-63-P-10.01.2024-art.-10.pdf
10.01.2024;63P;21465/2022;;Ordin-63-P-10.01.2024-art.-10.pdf
10.01.2024;63P;4715/2022;;Ordin-63-P-10.01.2024-art.-10.pdf
10.01.2024;63P;21450/2022;;Ordin-63-P-10.01.2024-art.-10.pdf
10.01.2024;63P;4698/2022;;Ordin-63-P-10.01.2024-art.-10.pdf
10.01.2024;63P;4696/2022;;Ordin-63-P-10.01.2024-art.-10.pdf
10.01.2024;63P;25038/2022;;Ordin-63-P-10.01.2024-art.-10.pdf
10.01.2024;63P;22381/2022;Copii minori: 1;Ordin-63-P-10.01.2024-art.-10.pdf
10.01.2024;63P;22386/2022;;Ordin-63-P-10.01.2024-art.-10.pdf
10.01.2024;63P;21470/2022;;Ordin-63-P-10.01.2024-art.-10.pdf
10.01.2024;63P;25023/2022;;Ordin-63-P-10.01.2024-art.-10.pdf
10.01.2024;63P;25016/2022;Copii minori: 1;Ordin-63-P-10.01.2024-art.-10.pdf
10.01.2024;63P;25018/2022;;Ordin-63-P-10.01.2024-art.-10.pdf
10.01.2024;63P;25024/2022;;Ordin-63-P-10.01.2024-art.-10.pdf
10.01.2024;63P;25021/2022;Copii minori: 2;Ordin-63-P-10.01.2024-art.-10.pdf
10.01.2024;63P;4697/2022;;Ordin-63-P-10.01.2024-art.-10.pdf
10.01.2024;63P;4695/2022;Copii minori: 1;Ordin-63-P-10.01.2024-art.-10.pdf
10.01.2024;63P;4709/2022;Copii minori: 2;Ordin-63-P-10.01.2024-art.-10.pdf
10.01.2024;63P;2044/2020;Copii minori: 2;Ordin-63-P-10.01.2024-art.-10.pdf
10.01.2024;63P;2033/2020;;Ordin-63-P-10.01.2024-art.-10.pdf
10.01.2024;63P;2040/2020;Copii minori: 2;Ordin-63-P-10.01.2024-art.-10.pdf
10.01.2024;63P;21416/2022;;Ordin-63-P-10.01.2024-art.-10.pdf
10.01.2024;63P;21468/2022;;Ordin-63-P-10.01.2024-art.-10.pdf
10.01.2024;63P;25007/2022;;Ordin-63-P-10.01.2024-art.-10.pdf
10.01.2024;63P;25003/2022;Copii minori: 1;Ordin-63-P-10.01.2024-art.-10.pdf
10.01.2024;63P;21460/2022;;Ordin-63-P-10.01.2024-art.-10.pdf
10.01.2024;63P;24996/2022;Copii minori: 2;Ordin-63-P-10.01.2024-art.-10.pdf
10.01.2024;63P;21477/2022;;Ordin-63-P-10.01.2024-art.-10.pdf
10.01.2024;63P;21457/2022;;Ordin-63-P-10.01.2024-art.-10.pdf
10.01.2024;63P;21457/2022;Copii minori: 2;Ordin-63-P-10.01.2024-art.-10.pdf
10.01.2024;63P;9363/2022;Copii minori: 4;Ordin-63-P-10.01.2024-art.-10.pdf
10.01.2024;63P;9363/2022;;Ordin-63-P-10.01.2024-art.-10.pdf
10.01.2024;63P;25011/2022;;Ordin-63-P-10.01.2024-art.-10.pdf
10.01.2024;63P;25006/2022;Copii minori: 2;Ordin-63-P-10.01.2024-art.-10.pdf
10.01.2024;63P;21454/2022;Copii minori: 2;Ordin-63-P-10.01.2024-art.-10.pdf
10.01.2024;63P;4701/2022;;Ordin-63-P-10.01.2024-art.-10.pdf
10.01.2024;63P;25001/2022;Copii minori: 1;Ordin-63-P-10.01.2024-art.-10.pdf
10.01.2024;63P;25019/2022;;Ordin-63-P-10.01.2024-art.-10.pdf
10.01.2024;63P;4692/2022;;Ordin-63-P-10.01.2024-art.-10.pdf
10.01.2024;63P;21466/2022;;Ordin-63-P-10.01.2024-art.-10.pdf
10.01.2024;63P;25004/2022;;Ordin-63-P-10.01.2024-art.-10.pdf
10.01.2024;63P;25029/2022;;Ordin-63-P-10.01.2024-art.-10.pdf
10.01.2024;63P;25011/2022;;Ordin-63-P-10.01.2024-art.-10.pdf
10.01.2024;63P;4704/2022;;Ordin-63-P-10.01.2024-art.-10.pdf
10.01.2024;63P;21451/2022;;Ordin-63-P-10.01.2024-art.-10.pdf
10.01.2024;63P;4705/2022;Copii minori: 1;Ordin-63-P-10.01.2024-art.-10.pdf
10.01.2024;63P;4700/2022;;Ordin-63-P-10.01.2024-art.-10.pdf
10.01.2024;63P;4690/2022;Copii minori: 3;Ordin-63-P-10.01.2024-art.-10.pdf
10.01.2024;63P;22052/2022;Copii minori: 3;Ordin-63-P-10.01.2024-art.-10.pdf
10.01.2024;63P;22044/2022;Copii minori: 1;Ordin-63-P-10.01.2024-art.-10.pdf
10.01.2024;63P;22034/2022;;Ordin-63-P-10.01.2024-art.-10.pdf
10.01.2024;63P;4714/2022;Copii minori: 1;Ordin-63-P-10.01.2024-art.-10.pdf
10.01.2024;63P;4712/2022;;Ordin-63-P-10.01.2024-art.-10.pdf
10.01.2024;63P;25005/2022;;Ordin-63-P-10.01.2024-art.-10.pdf
10.01.2024;63P;22039/2022;Copii minori: 2;Ordin-63-P-10.01.2024-art.-10.pdf
10.01.2024;63P;4694/2022;;Ordin-63-P-10.01.2024-art.-10.pdf
10.01.2024;63P;4717/2022;;Ordin-63-P-10.01.2024-art.-10.pdf
10.01.2024;63P;24999/2022;Copii minori: 1;Ordin-63-P-10.01.2024-art.-10.pdf
10.01.2024;63P;24999/2022;;Ordin-63-P-10.01.2024-art.-10.pdf
10.01.2024;63P;4693/2022;;Ordin-63-P-10.01.2024-art.-10.pdf
10.01.2024;63P;4710/2022;;Ordin-63-P-10.01.2024-art.-10.pdf
10.01.2024;63P;25002/2022;;Ordin-63-P-10.01.2024-art.-10.pdf
10.01.2024;63P;4708/2022;;Ordin-63-P-10.01.2024-art.-10.pdf
10.01.2024;63P;21464/2022;;Ordin-63-P-10.01.2024-art.-10.pdf
10.01.2024;63P;25106/2022;;Ordin-63-P-10.01.2024-art.-10.pdf
10.01.2024;63P;4691/2022;;Ordin-63-P-10.01.2024-art.-10.pdf
10.01.2024;63P;4702/2022;;Ordin-63-P-10.01.2024-art.-10.pdf
10.01.2024;63P;4689/2022;;Ordin-63-P-10.01.2024-art.-10.pdf
10.01.2024;63P;25027/2022;;Ordin-63-P-10.01.2024-art.-10.pdf
10.01.2024;63P;4713/2022;;Ordin-63-P-10.01.2024-art.-10.pdf
10.01.2024;63P;25009/2022;;Ordin-63-P-10.01.2024-art.-10.pdf
10.01.2024;63P;21507/2022;;Ordin-63-P-10.01.2024-art.-10.pdf
10.01.2024;63P;25000/2022;;Ordin-63-P-10.01.2024-art.-10.pdf
10.01.2024;63P;21461/2022;Copii minori: 2;Ordin-63-P-10.01.2024-art.-10.pdf
10.01.2024;63P;4707/2022;;Ordin-63-P-10.01.2024-art.-10.pdf
10.01.2024;63P;4707/2022;;Ordin-63-P-10.01.2024-art.-10.pdf
10.01.2024;63P;4711/2022;;Ordin-63-P-10.01.2024-art.-10.pdf
10.01.2024;63P;4706/2022;;Ordin-63-P-10.01.2024-art.-10.pdf
10.01.2024;63P;25012/2022;Copii minori: 1;Ordin-63-P-10.01.2024-art.-10.pdf
10.01.2024;63P;21452/2022;;Ordin-63-P-10.01.2024-art.-10.pdf
10.01.2024;63P;21452/2022;;Ordin-63-P-10.01.2024-art.-10.pdf
10.01.2024;63P;21997/2022;;Ordin-63-P-10.01.2024-art.-10.pdf
10.01.2024;63P;4699/2022;;Ordin-63-P-10.01.2024-art.-10.pdf
10.01.2024;63P;25013/2022;;Ordin-63-P-10.01.2024-art.-10.pdf
10.01.2024;63P;21486/2022;;Ordin-63-P-10.01.2024-art.-10.pdf
10.01.2024;63P;21467/2022;;Ordin-63-P-10.01.2024-art.-10.pdf
10.01.2024;63P;21456/2022;;Ordin-63-P-10.01.2024-art.-10.pdf
10.01.2024;63P;4718/2022;;Ordin-63-P-10.01.2024-art.-10.pdf
10.01.2024;63P;4716/2022;;Ordin-63-P-10.01.2024-art.-10.pdf
10.01.2024;63P;25017/2022;;Ordin-63-P-10.01.2024-art.-10.pdf
10.01.2024;63P;25376/2022;;Ordin-63-P-10.01.2024-art.-10.pdf
10.01.2024;63P;25378/2022;;Ordin-63-P-10.01.2024-art.-10.pdf
10.01.2024;63P;25373/2022;;Ordin-63-P-10.01.2024-art.-10.pdf
10.01.2024;63P;4703/2022;;Ordin-63-P-10.01.2024-art.-10.pdf
10.01.2024;63P;22302/2022;;Ordin-63-P-10.01.2024-art.-10.pdf
20.12.2023;2177P;11520/2022;;ORDIN-2177-P-din-20.12.2023-art-10.pdf
20.12.2023;2177P;34465/2019;;ORDIN-2177-P-din-20.12.2023-art-10.pdf
20.12.2023;2177P;11519/2022;;ORDIN-2177-P-din-20.12.2023-art-10.pdf
20.12.2023;2177P;19103/2022;;ORDIN-2177-P-din-20.12.2023-art-10.pdf
20.12.2023;2177P;29631/2022;;ORDIN-2177-P-din-20.12.2023-art-10.pdf
20.12.2023;2177P;19100/2022;;ORDIN-2177-P-din-20.12.2023-art-10.pdf
20.12.2023;2177P;31503/2022;;ORDIN-2177-P-din-20.12.2023-art-10.pdf
20.12.2023;2177P;31510/2022;;ORDIN-2177-P-din-20.12.2023-art-10.pdf
20.12.2023;2177P;19105/2022;;ORDIN-2177-P-din-20.12.2023-art-10.pdf
20.12.2023;2177P;31484/2022;;ORDIN-2177-P-din-20.12.2023-art-10.pdf
20.12.2023;2177P;6330/2021;;ORDIN-2177-P-din-20.12.2023-art-10.pdf
20.12.2023;2177P;12288/2019;Copii minori: 2;ORDIN-2177-P-din-20.12.2023-art-10.pdf
20.12.2023;2177P;31511/2022;Copii minori: 1;ORDIN-2177-P-din-20.12.2023-art-10.pdf
20.12.2023;2177P;29674/2022;Copii minori: 2;ORDIN-2177-P-din-20.12.2023-art-10.pdf
20.12.2023;2177P;11528/2022;;ORDIN-2177-P-din-20.12.2023-art-10.pdf
20.12.2023;2177P;19226/2022;;ORDIN-2177-P-din-20.12.2023-art-10.pdf
20.12.2023;2177P;19101/2022;;ORDIN-2177-P-din-20.12.2023-art-10.pdf
20.12.2023;2177P;23446/2022;;ORDIN-2177-P-din-20.12.2023-art-10.pdf
20.12.2023;2177P;23457/2022;Copii minori: 1;ORDIN-2177-P-din-20.12.2023-art-10.pdf
20.12.2023;2177P;11522/2022;Copii minori: 3;ORDIN-2177-P-din-20.12.2023-art-10.pdf
20.12.2023;2177P;11522/2022;;ORDIN-2177-P-din-20.12.2023-art-10.pdf
20.12.2023;2177P;23425/2022;Copii minori: 3;ORDIN-2177-P-din-20.12.2023-art-10.pdf
20.12.2023;2177P;23481/2022;;ORDIN-2177-P-din-20.12.2023-art-10.pdf
20.12.2023;2177P;11532/2022;;ORDIN-2177-P-din-20.12.2023-art-10.pdf
20.12.2023;2177P;23445/2022;Copii minori: 3;ORDIN-2177-P-din-20.12.2023-art-10.pdf
20.12.2023;2177P;31493/2022;;ORDIN-2177-P-din-20.12.2023-art-10.pdf
20.12.2023;2177P;19386/2019;;ORDIN-2177-P-din-20.12.2023-art-10.pdf
20.12.2023;2177P;11529/2022;;ORDIN-2177-P-din-20.12.2023-art-10.pdf
20.12.2023;2177P;29572/2022;;ORDIN-2177-P-din-20.12.2023-art-10.pdf
20.12.2023;2177P;11542/2022;;ORDIN-2177-P-din-20.12.2023-art-10.pdf
20.12.2023;2177P;19102/2022;;ORDIN-2177-P-din-20.12.2023-art-10.pdf
20.12.2023;2177P;23444/2022;Copii minori: 2;ORDIN-2177-P-din-20.12.2023-art-10.pdf
20.12.2023;2177P;31515/2022;;ORDIN-2177-P-din-20.12.2023-art-10.pdf
20.12.2023;2177P;31491/2022;;ORDIN-2177-P-din-20.12.2023-art-10.pdf
20.12.2023;2177P;23506/2022;;ORDIN-2177-P-din-20.12.2023-art-10.pdf
20.12.2023;2177P;12280/2019;;ORDIN-2177-P-din-20.12.2023-art-10.pdf
20.12.2023;2177P;21459/2022;Copii minori: 1;ORDIN-2177-P-din-20.12.2023-art-10.pdf
20.12.2023;2177P;31486/2022;;ORDIN-2177-P-din-20.12.2023-art-10.pdf
20.12.2023;2177P;31492/2022;;ORDIN-2177-P-din-20.12.2023-art-10.pdf
20.12.2023;2177P;29574/2022;Copii minori: 1;ORDIN-2177-P-din-20.12.2023-art-10.pdf
20.12.2023;2177P;29831/2022;;ORDIN-2177-P-din-20.12.2023-art-10.pdf
20.12.2023;2177P;29802/2022;;ORDIN-2177-P-din-20.12.2023-art-10.pdf
20.12.2023;2177P;29088/2022;;ORDIN-2177-P-din-20.12.2023-art-10.pdf
20.12.2023;2177P;29607/2022;;ORDIN-2177-P-din-20.12.2023-art-10.pdf
20.12.2023;2177P;29632/2022;Copii minori: 1;ORDIN-2177-P-din-20.12.2023-art-10.pdf
20.12.2023;2177P;29594/2022;;ORDIN-2177-P-din-20.12.2023-art-10.pdf
20.12.2023;2177P;11526/2022;Copii minori: 2;ORDIN-2177-P-din-20.12.2023-art-10.pdf
20.12.2023;2177P;8680/2022;;ORDIN-2177-P-din-20.12.2023-art-10.pdf
20.12.2023;2177P;8680/2022;;ORDIN-2177-P-din-20.12.2023-art-10.pdf
20.12.2023;2177P;29573/2022;;ORDIN-2177-P-din-20.12.2023-art-10.pdf
20.12.2023;2177P;31485/2022;;ORDIN-2177-P-din-20.12.2023-art-10.pdf
20.12.2023;2177P;10929/2019;;ORDIN-2177-P-din-20.12.2023-art-10.pdf
20.12.2023;2177P;26450/2022;;ORDIN-2177-P-din-20.12.2023-art-10.pdf
20.12.2023;2177P;19107/2022;Copii minori: 3;ORDIN-2177-P-din-20.12.2023-art-10.pdf
20.12.2023;2177P;31482/2022;;ORDIN-2177-P-din-20.12.2023-art-10.pdf
20.12.2023;2177P;19106/2022;Copii minori: 2;ORDIN-2177-P-din-20.12.2023-art-10.pdf
20.12.2023;2177P;19222/2022;Copii minori: 2;ORDIN-2177-P-din-20.12.2023-art-10.pdf
20.12.2023;2177P;19233/2022;;ORDIN-2177-P-din-20.12.2023-art-10.pdf
20.12.2023;2177P;23493/2022;;ORDIN-2177-P-din-20.12.2023-art-10.pdf
20.12.2023;2177P;4885/2022;Copii minori: 1;ORDIN-2177-P-din-20.12.2023-art-10.pdf
20.12.2023;2177P;31480/2022;;ORDIN-2177-P-din-20.12.2023-art-10.pdf
20.12.2023;2177P;23429/2022;;ORDIN-2177-P-din-20.12.2023-art-10.pdf
20.12.2023;2177P;31490/2022;;ORDIN-2177-P-din-20.12.2023-art-10.pdf
20.12.2023;2177P;31522/2022;;ORDIN-2177-P-din-20.12.2023-art-10.pdf
20.12.2023;2177P;23492/2022;;ORDIN-2177-P-din-20.12.2023-art-10.pdf
20.12.2023;2177P;29730/2022;;ORDIN-2177-P-din-20.12.2023-art-10.pdf
20.12.2023;2177P;23462/2022;;ORDIN-2177-P-din-20.12.2023-art-10.pdf
20.12.2023;2177P;19109/2022;;ORDIN-2177-P-din-20.12.2023-art-10.pdf
20.12.2023;2177P;19475/2022;;ORDIN-2177-P-din-20.12.2023-art-10.pdf
20.12.2023;2177P;29631/2022;;ORDIN-2177-P-din-20.12.2023-art-10.pdf
20.12.2023;2177P;19099/2022;;ORDIN-2177-P-din-20.12.2023-art-10.pdf
20.12.2023;2177P;494/2021;Copii minori: 1;ORDIN-2177-P-din-20.12.2023-art-10.pdf
20.12.2023;2177P;19096/2022;;ORDIN-2177-P-din-20.12.2023-art-10.pdf
20.12.2023;2177P;31487/2022;;ORDIN-2177-P-din-20.12.2023-art-10.pdf
20.12.2023;2177P;31507/2022;;ORDIN-2177-P-din-20.12.2023-art-10.pdf
20.12.2023;2177P;11518/2022;;ORDIN-2177-P-din-20.12.2023-art-10.pdf
20.12.2023;2177P;11536/2022;;ORDIN-2177-P-din-20.12.2023-art-10.pdf
20.12.2023;2177P;31517/2022;;ORDIN-2177-P-din-20.12.2023-art-10.pdf
20.12.2023;2177P;31494/2022;;ORDIN-2177-P-din-20.12.2023-art-10.pdf
20.12.2023;2177P;11524/2022;;ORDIN-2177-P-din-20.12.2023-art-10.pdf
20.12.2023;2177P;31506/2022;;ORDIN-2177-P-din-20.12.2023-art-10.pdf
20.12.2023;2177P;11533/2022;;ORDIN-2177-P-din-20.12.2023-art-10.pdf
20.12.2023;2177P;23517/2022;;ORDIN-2177-P-din-20.12.2023-art-10.pdf
20.12.2023;2177P;23487/2022;;ORDIN-2177-P-din-20.12.2023-art-10.pdf
20.12.2023;2177P;11537/2022;;ORDIN-2177-P-din-20.12.2023-art-10.pdf
20.12.2023;2177P;11517/2022;;ORDIN-2177-P-din-20.12.2023-art-10.pdf
20.12.2023;2177P;19135/2022;;ORDIN-2177-P-din-20.12.2023-art-10.pdf
20.12.2023;2177P;19094/2022;;ORDIN-2177-P-din-20.12.2023-art-10.pdf
20.12.2023;2177P;19095/2022;;ORDIN-2177-P-din-20.12.2023-art-10.pdf
20.12.2023;2177P;31516/2022;Copii minori: 3;ORDIN-2177-P-din-20.12.2023-art-10.pdf
20.12.2023;2177P;494/2021;;ORDIN-2177-P-din-20.12.2023-art-10.pdf
20.12.2023;2177P;21458/2022;;ORDIN-2177-P-din-20.12.2023-art-10.pdf
20.12.2023;2177P;11545/2022;Copii minori: 2;ORDIN-2177-P-din-20.12.2023-art-10.pdf
20.12.2023;2177P;23475/2022;Copii minori: 3;ORDIN-2177-P-din-20.12.2023-art-10.pdf
20.12.2023;2177P;11531/2022;;ORDIN-2177-P-din-20.12.2023-art-10.pdf
20.12.2023;2177P;31520/2022;;ORDIN-2177-P-din-20.12.2023-art-10.pdf
20.12.2023;2177P;29798/2022;;ORDIN-2177-P-din-20.12.2023-art-10.pdf
20.12.2023;2177P;23518/2022;Copii minori: 2;ORDIN-2177-P-din-20.12.2023-art-10.pdf
20.12.2023;2177P;3150/2022;;ORDIN-2177-P-din-20.12.2023-art-10.pdf
20.12.2023;2177P;29088/2022;;ORDIN-2177-P-din-20.12.2023-art-10.pdf
20.12.2023;2177P;11523/2022;;ORDIN-2177-P-din-20.12.2023-art-10.pdf
20.12.2023;2177P;19108/2022;;ORDIN-2177-P-din-20.12.2023-art-10.pdf
20.12.2023;2177P;11538/2022;Copii minori: 1;ORDIN-2177-P-din-20.12.2023-art-10.pdf
20.12.2023;2177P;11538/2022;;ORDIN-2177-P-din-20.12.2023-art-10.pdf
20.12.2023;2177P;23479/2022;;ORDIN-2177-P-din-20.12.2023-art-10.pdf
20.12.2023;2177P;23478/2022;;ORDIN-2177-P-din-20.12.2023-art-10.pdf
20.12.2023;2177P;11521/2022;;ORDIN-2177-P-din-20.12.2023-art-10.pdf
20.12.2023;2177P;11535/2022;Copii minori: 1;ORDIN-2177-P-din-20.12.2023-art-10.pdf
20.12.2023;2177P;31519/2022;;ORDIN-2177-P-din-20.12.2023-art-10.pdf
20.12.2023;2177P;31519/2022;Copii minori: 1;ORDIN-2177-P-din-20.12.2023-art-10.pdf
20.12.2023;2177P;4766/2022;Copii minori: 1;ORDIN-2177-P-din-20.12.2023-art-10.pdf
20.12.2023;2177P;21455/2022;Copii minori: 2;ORDIN-2177-P-din-20.12.2023-art-10.pdf
20.12.2023;2177P;30088/2022;;ORDIN-2177-P-din-20.12.2023-art-10.pdf
20.12.2023;2177P;21475/2022;;ORDIN-2177-P-din-20.12.2023-art-10.pdf
20.12.2023;2177P;74912/2019;;ORDIN-2177-P-din-20.12.2023-art-10.pdf
20.12.2023;2177P;23488/2022;;ORDIN-2177-P-din-20.12.2023-art-10.pdf
20.12.2023;2177P;8841/2022;;ORDIN-2177-P-din-20.12.2023-art-10.pdf
20.12.2023;2177P;23505/2022;;ORDIN-2177-P-din-20.12.2023-art-10.pdf
20.12.2023;2177P;23459/2022;;ORDIN-2177-P-din-20.12.2023-art-10.pdf
20.12.2023;2177P;11525/2022;;ORDIN-2177-P-din-20.12.2023-art-10.pdf
20.12.2023;2177P;11540/2022;;ORDIN-2177-P-din-20.12.2023-art-10.pdf
20.12.2023;2177P;31518/2022;;ORDIN-2177-P-din-20.12.2023-art-10.pdf
20.12.2023;2177P;21469/2022;;ORDIN-2177-P-din-20.12.2023-art-10.pdf
20.12.2023;2177P;11527/2022;;ORDIN-2177-P-din-20.12.2023-art-10.pdf
20.12.2023;2177P;21462/2022;Copii minori: 4;ORDIN-2177-P-din-20.12.2023-art-10.pdf
20.12.2023;2177P;19104/2022;;ORDIN-2177-P-din-20.12.2023-art-10.pdf
20.12.2023;2177P;31495/2022;;ORDIN-2177-P-din-20.12.2023-art-10.pdf
20.12.2023;2177P;31512/2022;Copii minori: 2;ORDIN-2177-P-din-20.12.2023-art-10.pdf
20.12.2023;2177P;23477/2022;;ORDIN-2177-P-din-20.12.2023-art-10.pdf
20.12.2023;2177P;11541/2022;Copii minori: 1;ORDIN-2177-P-din-20.12.2023-art-10.pdf
20.12.2023;2177P;11534/2022;;ORDIN-2177-P-din-20.12.2023-art-10.pdf
20.12.2023;2177P;11516/2022;;ORDIN-2177-P-din-20.12.2023-art-10.pdf
20.12.2023;2177P;23476/2022;;ORDIN-2177-P-din-20.12.2023-art-10.pdf
20.12.2023;2177P;12282/2019;;ORDIN-2177-P-din-20.12.2023-art-10.pdf
20.12.2023;2177P;12282/2019;;ORDIN-2177-P-din-20.12.2023-art-10.pdf
20.12.2023;2177P;12282/2019;;ORDIN-2177-P-din-20.12.2023-art-10.pdf
20.12.2023;2177P;12296/2019;Copii minori: 1;ORDIN-2177-P-din-20.12.2023-art-10.pdf
20.12.2023;2177P;30093/2022;Copii minori: 2;ORDIN-2177-P-din-20.12.2023-art-10.pdf
20.12.2023;2177P;23501/2022;;ORDIN-2177-P-din-20.12.2023-art-10.pdf
20.12.2023;2177P;6331/2021;Copii minori: 1;ORDIN-2177-P-din-20.12.2023-art-10.pdf
20.12.2023;2177P;74915/2019;Copii minori: 2;ORDIN-2177-P-din-20.12.2023-art-10.pdf
20.12.2023;2177P;74918/2019;Copii minori: 1;ORDIN-2177-P-din-20.12.2023-art-10.pdf
20.12.2023;2177P;29615/2022;;ORDIN-2177-P-din-20.12.2023-art-10.pdf
20.12.2023;2177P;11543/2022;;ORDIN-2177-P-din-20.12.2023-art-10.pdf
20.12.2023;2177P;19176/2022;Copii minori: 2;ORDIN-2177-P-din-20.12.2023-art-10.pdf
20.12.2023;2177P;11544/2022;;ORDIN-2177-P-din-20.12.2023-art-10.pdf
20.12.2023;2177P;31489/2022;Copii minori: 3;ORDIN-2177-P-din-20.12.2023-art-10.pdf
20.12.2023;2177P;29557/2022;;ORDIN-2177-P-din-20.12.2023-art-10.pdf
20.12.2023;2177P;29557/2022;;ORDIN-2177-P-din-20.12.2023-art-10.pdf
20.12.2023;2177P;31483/2022;;ORDIN-2177-P-din-20.12.2023-art-10.pdf
20.12.2023;2177P;19446/2022;;ORDIN-2177-P-din-20.12.2023-art-10.pdf
08.12.2023;2096P;8054/2022;;Ordin-2096-P-08.12.2023-art-10.pdf
08.12.2023;2096P;19086/2022;;Ordin-2096-P-08.12.2023-art-10.pdf
08.12.2023;2096P;7169/2022;;Ordin-2096-P-08.12.2023-art-10.pdf
08.12.2023;2096P;7167/2022;;Ordin-2096-P-08.12.2023-art-10.pdf
08.12.2023;2096P;8192/2022;;Ordin-2096-P-08.12.2023-art-10.pdf
08.12.2023;2096P;8185/2022;;Ordin-2096-P-08.12.2023-art-10.pdf
08.12.2023;2096P;8150/2022;;Ordin-2096-P-08.12.2023-art-10.pdf
08.12.2023;2096P;8144/2022;;Ordin-2096-P-08.12.2023-art-10.pdf
08.12.2023;2096P;8149/2022;;Ordin-2096-P-08.12.2023-art-10.pdf
08.12.2023;2096P;7601/2022;Copii minori: 1;Ordin-2096-P-08.12.2023-art-10.pdf
08.12.2023;2096P;7606/2022;;Ordin-2096-P-08.12.2023-art-10.pdf
08.12.2023;2096P;8107/2022;;Ordin-2096-P-08.12.2023-art-10.pdf
08.12.2023;2096P;8107/2022;;Ordin-2096-P-08.12.2023-art-10.pdf
08.12.2023;2096P;19067/2022;Copii minori: 2;Ordin-2096-P-08.12.2023-art-10.pdf
08.12.2023;2096P;19088/2022;;Ordin-2096-P-08.12.2023-art-10.pdf
08.12.2023;2096P;19061/2022;;Ordin-2096-P-08.12.2023-art-10.pdf
08.12.2023;2096P;19090/2022;;Ordin-2096-P-08.12.2023-art-10.pdf
08.12.2023;2096P;19089/2022;;Ordin-2096-P-08.12.2023-art-10.pdf
08.12.2023;2096P;7920/2022;;Ordin-2096-P-08.12.2023-art-10.pdf
08.12.2023;2096P;19081/2022;;Ordin-2096-P-08.12.2023-art-10.pdf
08.12.2023;2096P;7160/2022;;Ordin-2096-P-08.12.2023-art-10.pdf
08.12.2023;2096P;7164/2022;;Ordin-2096-P-08.12.2023-art-10.pdf
08.12.2023;2096P;7166/2022;;Ordin-2096-P-08.12.2023-art-10.pdf
08.12.2023;2096P;20056/2022;;Ordin-2096-P-08.12.2023-art-10.pdf
08.12.2023;2096P;19065/2022;;Ordin-2096-P-08.12.2023-art-10.pdf
08.12.2023;2096P;19073/2022;Copii minori: 1;Ordin-2096-P-08.12.2023-art-10.pdf
08.12.2023;2096P;19076/2022;;Ordin-2096-P-08.12.2023-art-10.pdf
08.12.2023;2096P;6809/2022;;Ordin-2096-P-08.12.2023-art-10.pdf
08.12.2023;2096P;8190/2022;;Ordin-2096-P-08.12.2023-art-10.pdf
08.12.2023;2096P;6675/2022;Copii minori: 1;Ordin-2096-P-08.12.2023-art-10.pdf
08.12.2023;2096P;6679/2022;;Ordin-2096-P-08.12.2023-art-10.pdf
08.12.2023;2096P;6676/2022;;Ordin-2096-P-08.12.2023-art-10.pdf
08.12.2023;2096P;7925/2022;;Ordin-2096-P-08.12.2023-art-10.pdf
08.12.2023;2096P;19071/2022;;Ordin-2096-P-08.12.2023-art-10.pdf
08.12.2023;2096P;8154/2022;;Ordin-2096-P-08.12.2023-art-10.pdf
08.12.2023;2096P;8188/2022;;Ordin-2096-P-08.12.2023-art-10.pdf
08.12.2023;2096P;8188/2022;;Ordin-2096-P-08.12.2023-art-10.pdf
08.12.2023;2096P;46473/2019;;Ordin-2096-P-08.12.2023-art-10.pdf
08.12.2023;2096P;7709/2022;;Ordin-2096-P-08.12.2023-art-10.pdf
08.12.2023;2096P;7172/2022;Copii minori: 1;Ordin-2096-P-08.12.2023-art-10.pdf
08.12.2023;2096P;7676/2022;;Ordin-2096-P-08.12.2023-art-10.pdf
08.12.2023;2096P;7978/2022;Copii minori: 1;Ordin-2096-P-08.12.2023-art-10.pdf
08.12.2023;2096P;8178/2022;;Ordin-2096-P-08.12.2023-art-10.pdf
08.12.2023;2096P;8176/2022;;Ordin-2096-P-08.12.2023-art-10.pdf
08.12.2023;2096P;19078/2022;Copii minori: 3;Ordin-2096-P-08.12.2023-art-10.pdf
08.12.2023;2096P;19083/2022;;Ordin-2096-P-08.12.2023-art-10.pdf
08.12.2023;2096P;19066/2022;Copii minori: 2;Ordin-2096-P-08.12.2023-art-10.pdf
08.12.2023;2096P;8080/2022;Copii minori: 1;Ordin-2096-P-08.12.2023-art-10.pdf
08.12.2023;2096P;6252/2022;;Ordin-2096-P-08.12.2023-art-10.pdf
08.12.2023;2096P;6252/2022;Copii minori: 1;Ordin-2096-P-08.12.2023-art-10.pdf
08.12.2023;2096P;19085/2022;;Ordin-2096-P-08.12.2023-art-10.pdf
08.12.2023;2096P;7983/2022;;Ordin-2096-P-08.12.2023-art-10.pdf
08.12.2023;2096P;19074/2022;;Ordin-2096-P-08.12.2023-art-10.pdf
08.12.2023;2096P;19068/2022;;Ordin-2096-P-08.12.2023-art-10.pdf
08.12.2023;2096P;7119/2022;Copii minori: 3;Ordin-2096-P-08.12.2023-art-10.pdf
08.12.2023;2096P;7119/2022;;Ordin-2096-P-08.12.2023-art-10.pdf
08.12.2023;2096P;19064/2022;Copii minori: 2;Ordin-2096-P-08.12.2023-art-10.pdf
08.12.2023;2096P;8187/2022;;Ordin-2096-P-08.12.2023-art-10.pdf
08.12.2023;2096P;19069/2022;Copii minori: 2;Ordin-2096-P-08.12.2023-art-10.pdf
08.12.2023;2096P;19091/2022;;Ordin-2096-P-08.12.2023-art-10.pdf
08.12.2023;2096P;8183/2022;;Ordin-2096-P-08.12.2023-art-10.pdf
08.12.2023;2096P;8181/2022;Copii minori: 1;Ordin-2096-P-08.12.2023-art-10.pdf
08.12.2023;2096P;8182/2022;;Ordin-2096-P-08.12.2023-art-10.pdf
08.12.2023;2096P;19070/2022;;Ordin-2096-P-08.12.2023-art-10.pdf
08.12.2023;2096P;19084/2022;;Ordin-2096-P-08.12.2023-art-10.pdf
08.12.2023;2096P;19077/2022;;Ordin-2096-P-08.12.2023-art-10.pdf
08.12.2023;2096P;7925/2022;;Ordin-2096-P-08.12.2023-art-10.pdf
08.12.2023;2096P;7924/2022;;Ordin-2096-P-08.12.2023-art-10.pdf
08.12.2023;2096P;19075/2022;;Ordin-2096-P-08.12.2023-art-10.pdf
08.12.2023;2096P;19092/2022;;Ordin-2096-P-08.12.2023-art-10.pdf
08.12.2023;2096P;7176/2022;Copii minori: 1;Ordin-2096-P-08.12.2023-art-10.pdf
08.12.2023;2096P;7109/2022;;Ordin-2096-P-08.12.2023-art-10.pdf
08.12.2023;2096P;7109/2022;;Ordin-2096-P-08.12.2023-art-10.pdf
08.12.2023;2096P;7113/2022;;Ordin-2096-P-08.12.2023-art-10.pdf
08.12.2023;2096P;8127/2022;;Ordin-2096-P-08.12.2023-art-10.pdf
08.12.2023;2096P;7854/2022;;Ordin-2096-P-08.12.2023-art-10.pdf
08.12.2023;2096P;19087/2022;;Ordin-2096-P-08.12.2023-art-10.pdf
08.12.2023;2096P;6251/2022;;Ordin-2096-P-08.12.2023-art-10.pdf
08.12.2023;2096P;19062/2022;;Ordin-2096-P-08.12.2023-art-10.pdf
08.12.2023;2096P;7173/2022;Copii minori: 1;Ordin-2096-P-08.12.2023-art-10.pdf
08.12.2023;2096P;19093/2022;;Ordin-2096-P-08.12.2023-art-10.pdf
08.12.2023;2096P;7809/2022;Copii minori: 1;Ordin-2096-P-08.12.2023-art-10.pdf
08.12.2023;2096P;7672/2022;;Ordin-2096-P-08.12.2023-art-10.pdf
08.12.2023;2096P;7121/2022;Copii minori: 1;Ordin-2096-P-08.12.2023-art-10.pdf
08.12.2023;2096P;7121/2022;;Ordin-2096-P-08.12.2023-art-10.pdf
27.11.2023;2040P;18708/2022;;Ordin-2040-P-din-27.11.2023-Art.-10.pdf
27.11.2023;2040P;11485/2022;Copii minori: 2;Ordin-2040-P-din-27.11.2023-Art.-10.pdf
27.11.2023;2040P;11457/2022;;Ordin-2040-P-din-27.11.2023-Art.-10.pdf
27.11.2023;2040P;14852/2022;;Ordin-2040-P-din-27.11.2023-Art.-10.pdf
27.11.2023;2040P;10833/2022;;Ordin-2040-P-din-27.11.2023-Art.-10.pdf
27.11.2023;2040P;14851/2022;;Ordin-2040-P-din-27.11.2023-Art.-10.pdf
27.11.2023;2040P;11342/2022;;Ordin-2040-P-din-27.11.2023-Art.-10.pdf
27.11.2023;2040P;11335/2022;;Ordin-2040-P-din-27.11.2023-Art.-10.pdf
27.11.2023;2040P;11339/2022;;Ordin-2040-P-din-27.11.2023-Art.-10.pdf
27.11.2023;2040P;17647/2020;Copii minori: 2;Ordin-2040-P-din-27.11.2023-Art.-10.pdf
27.11.2023;2040P;17644/2020;;Ordin-2040-P-din-27.11.2023-Art.-10.pdf
27.11.2023;2040P;11122/2022;;Ordin-2040-P-din-27.11.2023-Art.-10.pdf
27.11.2023;2040P;14855/2022;Copii minori: 3;Ordin-2040-P-din-27.11.2023-Art.-10.pdf
27.11.2023;2040P;11382/2022;;Ordin-2040-P-din-27.11.2023-Art.-10.pdf
27.11.2023;2040P;11350/2022;;Ordin-2040-P-din-27.11.2023-Art.-10.pdf
27.11.2023;2040P;12196/2020;;Ordin-2040-P-din-27.11.2023-Art.-10.pdf
27.11.2023;2040P;55599/2019;;Ordin-2040-P-din-27.11.2023-Art.-10.pdf
27.11.2023;2040P;7697/2021;;Ordin-2040-P-din-27.11.2023-Art.-10.pdf
27.11.2023;2040P;10936/2022;;Ordin-2040-P-din-27.11.2023-Art.-10.pdf
27.11.2023;2040P;10947/2022;Copii minori: 2;Ordin-2040-P-din-27.11.2023-Art.-10.pdf
27.11.2023;2040P;10944/2022;Copii minori: 2;Ordin-2040-P-din-27.11.2023-Art.-10.pdf
27.11.2023;2040P;91524/2019;;Ordin-2040-P-din-27.11.2023-Art.-10.pdf
27.11.2023;2040P;18932/2022;;Ordin-2040-P-din-27.11.2023-Art.-10.pdf
27.11.2023;2040P;11054/2022;;Ordin-2040-P-din-27.11.2023-Art.-10.pdf
27.11.2023;2040P;43787/2019;;Ordin-2040-P-din-27.11.2023-Art.-10.pdf
27.11.2023;2040P;14857/2022;;Ordin-2040-P-din-27.11.2023-Art.-10.pdf
27.11.2023;2040P;86351/2019;;Ordin-2040-P-din-27.11.2023-Art.-10.pdf
27.11.2023;2040P;11484/2022;;Ordin-2040-P-din-27.11.2023-Art.-10.pdf
27.11.2023;2040P;12220/2020;Copii minori: 1;Ordin-2040-P-din-27.11.2023-Art.-10.pdf
27.11.2023;2040P;10932/2022;;Ordin-2040-P-din-27.11.2023-Art.-10.pdf
27.11.2023;2040P;11129/2022;Copii minori: 2;Ordin-2040-P-din-27.11.2023-Art.-10.pdf
27.11.2023;2040P;10951/2022;;Ordin-2040-P-din-27.11.2023-Art.-10.pdf
27.11.2023;2040P;10951/2022;;Ordin-2040-P-din-27.11.2023-Art.-10.pdf
27.11.2023;2040P;11405/2022;;Ordin-2040-P-din-27.11.2023-Art.-10.pdf
27.11.2023;2040P;18936/2022;;Ordin-2040-P-din-27.11.2023-Art.-10.pdf
27.11.2023;2040P;11425/2022;;Ordin-2040-P-din-27.11.2023-Art.-10.pdf
27.11.2023;2040P;11425/2022;;Ordin-2040-P-din-27.11.2023-Art.-10.pdf
27.11.2023;2040P;11133/2022;;Ordin-2040-P-din-27.11.2023-Art.-10.pdf
27.11.2023;2040P;11400/2022;;Ordin-2040-P-din-27.11.2023-Art.-10.pdf
27.11.2023;2040P;11099/2022;;Ordin-2040-P-din-27.11.2023-Art.-10.pdf
27.11.2023;2040P;11483/2022;;Ordin-2040-P-din-27.11.2023-Art.-10.pdf
27.11.2023;2040P;11125/2022;Copii minori: 2;Ordin-2040-P-din-27.11.2023-Art.-10.pdf
27.11.2023;2040P;11302/2022;Copii minori: 2;Ordin-2040-P-din-27.11.2023-Art.-10.pdf
27.11.2023;2040P;11425/2022;;Ordin-2040-P-din-27.11.2023-Art.-10.pdf
27.11.2023;2040P;14872/2022;;Ordin-2040-P-din-27.11.2023-Art.-10.pdf
27.11.2023;2040P;14861/2022;;Ordin-2040-P-din-27.11.2023-Art.-10.pdf
27.11.2023;2040P;10872/2022;;Ordin-2040-P-din-27.11.2023-Art.-10.pdf
27.11.2023;2040P;14862/2022;;Ordin-2040-P-din-27.11.2023-Art.-10.pdf
27.11.2023;2040P;14866/2022;;Ordin-2040-P-din-27.11.2023-Art.-10.pdf
27.11.2023;2040P;14856/2022;;Ordin-2040-P-din-27.11.2023-Art.-10.pdf
27.11.2023;2040P;14878/2022;;Ordin-2040-P-din-27.11.2023-Art.-10.pdf
27.11.2023;2040P;14854/2022;Copii minori: 3;Ordin-2040-P-din-27.11.2023-Art.-10.pdf
27.11.2023;2040P;14863/2022;;Ordin-2040-P-din-27.11.2023-Art.-10.pdf
27.11.2023;2040P;14865/2022;;Ordin-2040-P-din-27.11.2023-Art.-10.pdf
27.11.2023;2040P;18754/2022;Copii minori: 1;Ordin-2040-P-din-27.11.2023-Art.-10.pdf
27.11.2023;2040P;18756/2022;;Ordin-2040-P-din-27.11.2023-Art.-10.pdf
27.11.2023;2040P;18743/2022;;Ordin-2040-P-din-27.11.2023-Art.-10.pdf
27.11.2023;2040P;18745/2022;Copii minori: 1;Ordin-2040-P-din-27.11.2023-Art.-10.pdf
27.11.2023;2040P;18752/2022;;Ordin-2040-P-din-27.11.2023-Art.-10.pdf
27.11.2023;2040P;18700/2022;;Ordin-2040-P-din-27.11.2023-Art.-10.pdf
27.11.2023;2040P;18706/2022;;Ordin-2040-P-din-27.11.2023-Art.-10.pdf
27.11.2023;2040P;18703/2022;;Ordin-2040-P-din-27.11.2023-Art.-10.pdf
27.11.2023;2040P;11435/2022;;Ordin-2040-P-din-27.11.2023-Art.-10.pdf
27.11.2023;2040P;11315/2022;;Ordin-2040-P-din-27.11.2023-Art.-10.pdf
27.11.2023;2040P;8435/2022;;Ordin-2040-P-din-27.11.2023-Art.-10.pdf
27.11.2023;2040P;9015/2019;;Ordin-2040-P-din-27.11.2023-Art.-10.pdf
27.11.2023;2040P;11419/2022;;Ordin-2040-P-din-27.11.2023-Art.-10.pdf
27.11.2023;2040P;18716/2022;;Ordin-2040-P-din-27.11.2023-Art.-10.pdf
27.11.2023;2040P;18720/2022;;Ordin-2040-P-din-27.11.2023-Art.-10.pdf
27.11.2023;2040P;18718/2022;;Ordin-2040-P-din-27.11.2023-Art.-10.pdf
27.11.2023;2040P;14871/2022;;Ordin-2040-P-din-27.11.2023-Art.-10.pdf
27.11.2023;2040P;50856/2019;;Ordin-2040-P-din-27.11.2023-Art.-10.pdf
27.11.2023;2040P;11468/2022;;Ordin-2040-P-din-27.11.2023-Art.-10.pdf
27.11.2023;2040P;11462/2022;;Ordin-2040-P-din-27.11.2023-Art.-10.pdf
27.11.2023;2040P;14846/2022;;Ordin-2040-P-din-27.11.2023-Art.-10.pdf
27.11.2023;2040P;14860/2022;;Ordin-2040-P-din-27.11.2023-Art.-10.pdf
27.11.2023;2040P;14853/2022;;Ordin-2040-P-din-27.11.2023-Art.-10.pdf
27.11.2023;2040P;14859/2022;;Ordin-2040-P-din-27.11.2023-Art.-10.pdf
27.11.2023;2040P;14876/2022;;Ordin-2040-P-din-27.11.2023-Art.-10.pdf
27.11.2023;2040P;19135/2020;;Ordin-2040-P-din-27.11.2023-Art.-10.pdf
27.11.2023;2040P;11148/2022;Copii minori: 2;Ordin-2040-P-din-27.11.2023-Art.-10.pdf
27.11.2023;2040P;14864/2022;Copii minori: 3;Ordin-2040-P-din-27.11.2023-Art.-10.pdf
27.11.2023;2040P;18935/2022;;Ordin-2040-P-din-27.11.2023-Art.-10.pdf
27.11.2023;2040P;11470/2022;;Ordin-2040-P-din-27.11.2023-Art.-10.pdf
27.11.2023;2040P;11429/2022;;Ordin-2040-P-din-27.11.2023-Art.-10.pdf
27.11.2023;2040P;14874/2022;;Ordin-2040-P-din-27.11.2023-Art.-10.pdf
27.11.2023;2040P;18738/2022;;Ordin-2040-P-din-27.11.2023-Art.-10.pdf
27.11.2023;2040P;14858/2022;;Ordin-2040-P-din-27.11.2023-Art.-10.pdf
27.11.2023;2040P;14875/2022;;Ordin-2040-P-din-27.11.2023-Art.-10.pdf
27.11.2023;2040P;14850/2022;;Ordin-2040-P-din-27.11.2023-Art.-10.pdf
27.11.2023;2040P;11138/2022;Copii minori: 3;Ordin-2040-P-din-27.11.2023-Art.-10.pdf
27.11.2023;2040P;11232/2022;Copii minori: 2;Ordin-2040-P-din-27.11.2023-Art.-10.pdf
27.11.2023;2040P;18735/2022;Copii minori: 1;Ordin-2040-P-din-27.11.2023-Art.-10.pdf
27.11.2023;2040P;14869/2022;;Ordin-2040-P-din-27.11.2023-Art.-10.pdf
27.11.2023;2040P;14873/2022;;Ordin-2040-P-din-27.11.2023-Art.-10.pdf
27.11.2023;2040P;14870/2022;Copii minori: 3;Ordin-2040-P-din-27.11.2023-Art.-10.pdf
27.11.2023;2040P;18749/2022;;Ordin-2040-P-din-27.11.2023-Art.-10.pdf
27.11.2023;2040P;11394/2022;Copii minori: 2;Ordin-2040-P-din-27.11.2023-Art.-10.pdf
27.11.2023;2040P;18761/2022;;Ordin-2040-P-din-27.11.2023-Art.-10.pdf
27.11.2023;2040P;18772/2022;Copii minori: 1;Ordin-2040-P-din-27.11.2023-Art.-10.pdf
27.11.2023;2040P;11380/2022;;Ordin-2040-P-din-27.11.2023-Art.-10.pdf
27.11.2023;2040P;11379/2022;;Ordin-2040-P-din-27.11.2023-Art.-10.pdf
27.11.2023;2040P;11373/2022;;Ordin-2040-P-din-27.11.2023-Art.-10.pdf
27.11.2023;2040P;11375/2022;;Ordin-2040-P-din-27.11.2023-Art.-10.pdf
27.11.2023;2040P;11376/2022;;Ordin-2040-P-din-27.11.2023-Art.-10.pdf
27.11.2023;2040P;11277/2022;;Ordin-2040-P-din-27.11.2023-Art.-10.pdf
27.11.2023;2040P;14868/2022;;Ordin-2040-P-din-27.11.2023-Art.-10.pdf
27.11.2023;2040P;18937/2022;;Ordin-2040-P-din-27.11.2023-Art.-10.pdf
27.11.2023;2040P;11482/2022;Copii minori: 1;Ordin-2040-P-din-27.11.2023-Art.-10.pdf
27.11.2023;2040P;11482/2022;;Ordin-2040-P-din-27.11.2023-Art.-10.pdf
27.11.2023;2040P;11383/2022;;Ordin-2040-P-din-27.11.2023-Art.-10.pdf
27.11.2023;2040P;11396/2022;;Ordin-2040-P-din-27.11.2023-Art.-10.pdf
27.11.2023;2040P;11398/2022;;Ordin-2040-P-din-27.11.2023-Art.-10.pdf
27.11.2023;2040P;11345/2022;;Ordin-2040-P-din-27.11.2023-Art.-10.pdf
27.11.2023;2040P;11118/2022;;Ordin-2040-P-din-27.11.2023-Art.-10.pdf
21.11.2023;2022P;16294/2022;;Ordin-2022-P-21.11.2023-art-10.pdf
21.11.2023;2022P;7343/2022;Copii minori: 2;Ordin-2022-P-21.11.2023-art-10.pdf
21.11.2023;2022P;7517/2022;;Ordin-2022-P-21.11.2023-art-10.pdf
21.11.2023;2022P;7516/2022;;Ordin-2022-P-21.11.2023-art-10.pdf
21.11.2023;2022P;13559/2022;;Ordin-2022-P-21.11.2023-art-10.pdf
21.11.2023;2022P;7519/2022;;Ordin-2022-P-21.11.2023-art-10.pdf
21.11.2023;2022P;7518/2022;;Ordin-2022-P-21.11.2023-art-10.pdf
21.11.2023;2022P;16291/2022;;Ordin-2022-P-21.11.2023-art-10.pdf
21.11.2023;2022P;16262/2022;;Ordin-2022-P-21.11.2023-art-10.pdf
21.11.2023;2022P;13620/2022;Copii minori: 1;Ordin-2022-P-21.11.2023-art-10.pdf
21.11.2023;2022P;16265/2022;;Ordin-2022-P-21.11.2023-art-10.pdf
21.11.2023;2022P;16285/2022;Copii minori: 3;Ordin-2022-P-21.11.2023-art-10.pdf
21.11.2023;2022P;13484/2022;;Ordin-2022-P-21.11.2023-art-10.pdf
21.11.2023;2022P;13491/2022;Copii minori: 1;Ordin-2022-P-21.11.2023-art-10.pdf
21.11.2023;2022P;7521/2022;;Ordin-2022-P-21.11.2023-art-10.pdf
21.11.2023;2022P;13249/2022;;Ordin-2022-P-21.11.2023-art-10.pdf
21.11.2023;2022P;13253/2022;;Ordin-2022-P-21.11.2023-art-10.pdf
21.11.2023;2022P;16282/2022;Copii minori: 1;Ordin-2022-P-21.11.2023-art-10.pdf
21.11.2023;2022P;13153/2022;Copii minori: 1;Ordin-2022-P-21.11.2023-art-10.pdf
21.11.2023;2022P;16274/2022;;Ordin-2022-P-21.11.2023-art-10.pdf
21.11.2023;2022P;7542/2022;;Ordin-2022-P-21.11.2023-art-10.pdf
21.11.2023;2022P;7520/2022;;Ordin-2022-P-21.11.2023-art-10.pdf
21.11.2023;2022P;7250/2022;;Ordin-2022-P-21.11.2023-art-10.pdf
21.11.2023;2022P;13166/2022;;Ordin-2022-P-21.11.2023-art-10.pdf
21.11.2023;2022P;13170/2022;;Ordin-2022-P-21.11.2023-art-10.pdf
21.11.2023;2022P;13610/2022;;Ordin-2022-P-21.11.2023-art-10.pdf
21.11.2023;2022P;13564/2022;Copii minori: 2;Ordin-2022-P-21.11.2023-art-10.pdf
21.11.2023;2022P;7557/2022;;Ordin-2022-P-21.11.2023-art-10.pdf
21.11.2023;2022P;7547/2022;;Ordin-2022-P-21.11.2023-art-10.pdf
21.11.2023;2022P;16293/2022;;Ordin-2022-P-21.11.2023-art-10.pdf
21.11.2023;2022P;16293/2022;;Ordin-2022-P-21.11.2023-art-10.pdf
21.11.2023;2022P;16297/2022;Copii minori: 2;Ordin-2022-P-21.11.2023-art-10.pdf
21.11.2023;2022P;7529/2022;;Ordin-2022-P-21.11.2023-art-10.pdf
21.11.2023;2022P;7529/2022;;Ordin-2022-P-21.11.2023-art-10.pdf
21.11.2023;2022P;13615/2022;Copii minori: 3;Ordin-2022-P-21.11.2023-art-10.pdf
21.11.2023;2022P;16259/2022;;Ordin-2022-P-21.11.2023-art-10.pdf
21.11.2023;2022P;16264/2022;Copii minori: 2;Ordin-2022-P-21.11.2023-art-10.pdf
21.11.2023;2022P;7460/2022;Copii minori: 2;Ordin-2022-P-21.11.2023-art-10.pdf
21.11.2023;2022P;16266/2022;;Ordin-2022-P-21.11.2023-art-10.pdf
21.11.2023;2022P;16275/2022;;Ordin-2022-P-21.11.2023-art-10.pdf
21.11.2023;2022P;16277/2022;;Ordin-2022-P-21.11.2023-art-10.pdf
21.11.2023;2022P;16267/2022;;Ordin-2022-P-21.11.2023-art-10.pdf
21.11.2023;2022P;7180/2022;;Ordin-2022-P-21.11.2023-art-10.pdf
21.11.2023;2022P;7512/2022;;Ordin-2022-P-21.11.2023-art-10.pdf
21.11.2023;2022P;7526/2022;Copii minori: 1;Ordin-2022-P-21.11.2023-art-10.pdf
21.11.2023;2022P;7513/2022;;Ordin-2022-P-21.11.2023-art-10.pdf
21.11.2023;2022P;13342/2022;Copii minori: 2;Ordin-2022-P-21.11.2023-art-10.pdf
21.11.2023;2022P;16261/2022;;Ordin-2022-P-21.11.2023-art-10.pdf
21.11.2023;2022P;7535/2022;Copii minori: 1;Ordin-2022-P-21.11.2023-art-10.pdf
21.11.2023;2022P;7536/2022;;Ordin-2022-P-21.11.2023-art-10.pdf
21.11.2023;2022P;7531/2022;;Ordin-2022-P-21.11.2023-art-10.pdf
21.11.2023;2022P;13256/2022;Copii minori: 1;Ordin-2022-P-21.11.2023-art-10.pdf
21.11.2023;2022P;13553/2022;;Ordin-2022-P-21.11.2023-art-10.pdf
21.11.2023;2022P;13244/2022;Copii minori: 1;Ordin-2022-P-21.11.2023-art-10.pdf
21.11.2023;2022P;16272/2022;;Ordin-2022-P-21.11.2023-art-10.pdf
21.11.2023;2022P;16279/2022;;Ordin-2022-P-21.11.2023-art-10.pdf
21.11.2023;2022P;16265/2022;;Ordin-2022-P-21.11.2023-art-10.pdf
21.11.2023;2022P;7539/2022;;Ordin-2022-P-21.11.2023-art-10.pdf
21.11.2023;2022P;13170/2022;;Ordin-2022-P-21.11.2023-art-10.pdf
21.11.2023;2022P;16273/2022;;Ordin-2022-P-21.11.2023-art-10.pdf
21.11.2023;2022P;16269/2022;;Ordin-2022-P-21.11.2023-art-10.pdf
21.11.2023;2022P;16281/2022;;Ordin-2022-P-21.11.2023-art-10.pdf
21.11.2023;2022P;16276/2022;;Ordin-2022-P-21.11.2023-art-10.pdf
21.11.2023;2022P;16276/2022;Copii minori: 3;Ordin-2022-P-21.11.2023-art-10.pdf
21.11.2023;2022P;16287/2022;;Ordin-2022-P-21.11.2023-art-10.pdf
21.11.2023;2022P;16288/2022;Copii minori: 3;Ordin-2022-P-21.11.2023-art-10.pdf
21.11.2023;2022P;16271/2022;;Ordin-2022-P-21.11.2023-art-10.pdf
21.11.2023;2022P;16268/2022;;Ordin-2022-P-21.11.2023-art-10.pdf
21.11.2023;2022P;13457/2022;;Ordin-2022-P-21.11.2023-art-10.pdf
21.11.2023;2022P;7468/2022;;Ordin-2022-P-21.11.2023-art-10.pdf
21.11.2023;2022P;16296/2022;Copii minori: 3;Ordin-2022-P-21.11.2023-art-10.pdf
21.11.2023;2022P;16283/2022;;Ordin-2022-P-21.11.2023-art-10.pdf
21.11.2023;2022P;7526/2022;;Ordin-2022-P-21.11.2023-art-10.pdf
21.11.2023;2022P;16295/2022;;Ordin-2022-P-21.11.2023-art-10.pdf
21.11.2023;2022P;13544/2022;Copii minori: 1;Ordin-2022-P-21.11.2023-art-10.pdf
21.11.2023;2022P;13240/2022;;Ordin-2022-P-21.11.2023-art-10.pdf
21.11.2023;2022P;13227/2022;;Ordin-2022-P-21.11.2023-art-10.pdf
21.11.2023;2022P;7545/2022;;Ordin-2022-P-21.11.2023-art-10.pdf
21.11.2023;2022P;6250/2022;;Ordin-2022-P-21.11.2023-art-10.pdf
21.11.2023;2022P;7184/2022;Copii minori: 1;Ordin-2022-P-21.11.2023-art-10.pdf
21.11.2023;2022P;16278/2022;;Ordin-2022-P-21.11.2023-art-10.pdf
21.11.2023;2022P;13528/2022;;Ordin-2022-P-21.11.2023-art-10.pdf
26.10.2023;1804P;19428/2020;;ORDIN-1804-26.10.2023-art-10.pdf
26.10.2023;1804P;92098/2019;;ORDIN-1804-26.10.2023-art-10.pdf
26.10.2023;1804P;4804/2021;Copii minori: 3;ORDIN-1804-26.10.2023-art-10.pdf
26.10.2023;1804P;96781/2019;;ORDIN-1804-26.10.2023-art-10.pdf
26.10.2023;1804P;1751/2021;;ORDIN-1804-26.10.2023-art-10.pdf
26.10.2023;1804P;1742/2021;;ORDIN-1804-26.10.2023-art-10.pdf
26.10.2023;1804P;1744/2021;;ORDIN-1804-26.10.2023-art-10.pdf
26.10.2023;1804P;19414/2020;;ORDIN-1804-26.10.2023-art-10.pdf
26.10.2023;1804P;31107/2021;;ORDIN-1804-26.10.2023-art-10.pdf
26.10.2023;1804P;90919/2018;;ORDIN-1804-26.10.2023-art-10.pdf
26.10.2023;1804P;13483/2020;;ORDIN-1804-26.10.2023-art-10.pdf
26.10.2023;1804P;8434/2022;;ORDIN-1804-26.10.2023-art-10.pdf
26.10.2023;1804P;90915/2018;;ORDIN-1804-26.10.2023-art-10.pdf
26.10.2023;1804P;96773/2019;Copii minori: 1;ORDIN-1804-26.10.2023-art-10.pdf
26.10.2023;1804P;96757/2019;;ORDIN-1804-26.10.2023-art-10.pdf
26.10.2023;1804P;11513/2022;;ORDIN-1804-26.10.2023-art-10.pdf
26.10.2023;1804P;19423/2020;;ORDIN-1804-26.10.2023-art-10.pdf
26.10.2023;1804P;7727/2021;Copii minori: 1;ORDIN-1804-26.10.2023-art-10.pdf
13.10.2023;1725P;9466/2022;;ORDIN-1725-13.10.2023-art-10.pdf
13.10.2023;1725P;63480/2019;;ORDIN-1725-13.10.2023-art-10.pdf
13.10.2023;1725P;9686/2022;Copii minori: 1;ORDIN-1725-13.10.2023-art-10.pdf
13.10.2023;1725P;19180/2020;;ORDIN-1725-13.10.2023-art-10.pdf
13.10.2023;1725P;19178/2020;;ORDIN-1725-13.10.2023-art-10.pdf
13.10.2023;1725P;3875/2022;;ORDIN-1725-13.10.2023-art-10.pdf
13.10.2023;1725P;19315/2020;;ORDIN-1725-13.10.2023-art-10.pdf
13.10.2023;1725P;9464/2022;;ORDIN-1725-13.10.2023-art-10.pdf
13.10.2023;1725P;4768/2022;;ORDIN-1725-13.10.2023-art-10.pdf
13.10.2023;1725P;4773/2022;;ORDIN-1725-13.10.2023-art-10.pdf
13.10.2023;1725P;4763/2022;;ORDIN-1725-13.10.2023-art-10.pdf
13.10.2023;1725P;4749/2022;;ORDIN-1725-13.10.2023-art-10.pdf
13.10.2023;1725P;4749/2022;Copii minori: 1;ORDIN-1725-13.10.2023-art-10.pdf
13.10.2023;1725P;4760/2022;;ORDIN-1725-13.10.2023-art-10.pdf
13.10.2023;1725P;8927/2022;;ORDIN-1725-13.10.2023-art-10.pdf
13.10.2023;1725P;4764/2022;Copii minori: 1;ORDIN-1725-13.10.2023-art-10.pdf
13.10.2023;1725P;63480/2019;;ORDIN-1725-13.10.2023-art-10.pdf
13.10.2023;1725P;4754/2022;Copii minori: 1;ORDIN-1725-13.10.2023-art-10.pdf
13.10.2023;1725P;19286/2020;;ORDIN-1725-13.10.2023-art-10.pdf
13.10.2023;1725P;4778/2022;;ORDIN-1725-13.10.2023-art-10.pdf
13.10.2023;1725P;4761/2022;Copii minori: 2;ORDIN-1725-13.10.2023-art-10.pdf
13.10.2023;1725P;4750/2022;Copii minori: 3;ORDIN-1725-13.10.2023-art-10.pdf
13.10.2023;1725P;45594/2021;;ORDIN-1725-13.10.2023-art-10.pdf
13.10.2023;1725P;4759/2022;;ORDIN-1725-13.10.2023-art-10.pdf
13.10.2023;1725P;19313/2020;;ORDIN-1725-13.10.2023-art-10.pdf
13.10.2023;1725P;4755/2022;;ORDIN-1725-13.10.2023-art-10.pdf
13.10.2023;1725P;4751/2022;;ORDIN-1725-13.10.2023-art-10.pdf
13.10.2023;1725P;4753/2022;;ORDIN-1725-13.10.2023-art-10.pdf
13.10.2023;1725P;4774/2022;;ORDIN-1725-13.10.2023-art-10.pdf
13.10.2023;1725P;3875/2022;Copii minori: 1;ORDIN-1725-13.10.2023-art-10.pdf
13.10.2023;1725P;9549/2022;;ORDIN-1725-13.10.2023-art-10.pdf
13.10.2023;1725P;4771/2022;;ORDIN-1725-13.10.2023-art-10.pdf
13.10.2023;1725P;4752/2022;;ORDIN-1725-13.10.2023-art-10.pdf
13.10.2023;1725P;4770/2022;Copii minori: 1;ORDIN-1725-13.10.2023-art-10.pdf
13.10.2023;1725P;19283/2020;;ORDIN-1725-13.10.2023-art-10.pdf
13.10.2023;1725P;19284/2020;Copii minori: 2;ORDIN-1725-13.10.2023-art-10.pdf
13.10.2023;1725P;4765/2022;;ORDIN-1725-13.10.2023-art-10.pdf
13.10.2023;1725P;4769/2022;;ORDIN-1725-13.10.2023-art-10.pdf
13.10.2023;1725P;9723/2022;;ORDIN-1725-13.10.2023-art-10.pdf
13.10.2023;1725P;9713/2022;;ORDIN-1725-13.10.2023-art-10.pdf
13.10.2023;1725P;9723/2022;;ORDIN-1725-13.10.2023-art-10.pdf
13.10.2023;1725P;9386/2022;;ORDIN-1725-13.10.2023-art-10.pdf
13.10.2023;1725P;4775/2022;;ORDIN-1725-13.10.2023-art-10.pdf
13.10.2023;1725P;9682/2022;;ORDIN-1725-13.10.2023-art-10.pdf
13.10.2023;1725P;4776/2022;;ORDIN-1725-13.10.2023-art-10.pdf
13.10.2023;1725P;19288/2020;;ORDIN-1725-13.10.2023-art-10.pdf
13.10.2023;1725P;8395/2022;;ORDIN-1725-13.10.2023-art-10.pdf
13.10.2023;1725P;9467/2022;;ORDIN-1725-13.10.2023-art-10.pdf
13.10.2023;1725P;4772/2022;;ORDIN-1725-13.10.2023-art-10.pdf
13.10.2023;1725P;4758/2022;;ORDIN-1725-13.10.2023-art-10.pdf
13.10.2023;1725P;9356/2022;;ORDIN-1725-13.10.2023-art-10.pdf
13.10.2023;1725P;9358/2022;;ORDIN-1725-13.10.2023-art-10.pdf
13.10.2023;1725P;9354/2022;;ORDIN-1725-13.10.2023-art-10.pdf
13.10.2023;1725P;4757/2022;;ORDIN-1725-13.10.2023-art-10.pdf
13.10.2023;1725P;4762/2022;;ORDIN-1725-13.10.2023-art-10.pdf
13.10.2023;1725P;4767/2022;;ORDIN-1725-13.10.2023-art-10.pdf
13.10.2023;1725P;4756/2022;;ORDIN-1725-13.10.2023-art-10.pdf
13.10.2023;1725P;9366/2022;;ORDIN-1725-13.10.2023-art-10.pdf
29.09.2023;1620P;8746/2021;;Ordin-1620-P-din-29.09.2023-Art.-10.pdf
29.09.2023;1620P;8736/2021;;Ordin-1620-P-din-29.09.2023-Art.-10.pdf
29.09.2023;1620P;96848/2019;Copii minori: 1;Ordin-1620-P-din-29.09.2023-Art.-10.pdf
29.09.2023;1620P;96846/2019;;Ordin-1620-P-din-29.09.2023-Art.-10.pdf
29.09.2023;1620P;10542/2022;;Ordin-1620-P-din-29.09.2023-Art.-10.pdf
29.09.2023;1620P;10641/2022;;Ordin-1620-P-din-29.09.2023-Art.-10.pdf
29.09.2023;1620P;9937/2022;;Ordin-1620-P-din-29.09.2023-Art.-10.pdf
29.09.2023;1620P;8437/2022;;Ordin-1620-P-din-29.09.2023-Art.-10.pdf
29.09.2023;1620P;5037/2022;Copii minori: 1;Ordin-1620-P-din-29.09.2023-Art.-10.pdf
29.09.2023;1620P;12331/2020;;Ordin-1620-P-din-29.09.2023-Art.-10.pdf
29.09.2023;1620P;9935/2022;;Ordin-1620-P-din-29.09.2023-Art.-10.pdf
29.09.2023;1620P;5542/2022;;Ordin-1620-P-din-29.09.2023-Art.-10.pdf
29.09.2023;1620P;5541/2022;;Ordin-1620-P-din-29.09.2023-Art.-10.pdf
29.09.2023;1620P;8668/2022;;Ordin-1620-P-din-29.09.2023-Art.-10.pdf
29.09.2023;1620P;8672/2022;;Ordin-1620-P-din-29.09.2023-Art.-10.pdf
29.09.2023;1620P;8666/2022;;Ordin-1620-P-din-29.09.2023-Art.-10.pdf
29.09.2023;1620P;19738/2020;;Ordin-1620-P-din-29.09.2023-Art.-10.pdf
29.09.2023;1620P;9936/2022;Copii minori: 1;Ordin-1620-P-din-29.09.2023-Art.-10.pdf
29.09.2023;1620P;9931/2022;;Ordin-1620-P-din-29.09.2023-Art.-10.pdf
29.09.2023;1620P;9911/2022;;Ordin-1620-P-din-29.09.2023-Art.-10.pdf
29.09.2023;1620P;9938/2022;;Ordin-1620-P-din-29.09.2023-Art.-10.pdf
29.09.2023;1620P;5358/2022;;Ordin-1620-P-din-29.09.2023-Art.-10.pdf
29.09.2023;1620P;8831/2022;Copii minori: 1;Ordin-1620-P-din-29.09.2023-Art.-10.pdf
29.09.2023;1620P;10664/2022;;Ordin-1620-P-din-29.09.2023-Art.-10.pdf
29.09.2023;1620P;9913/2022;Copii minori: 3;Ordin-1620-P-din-29.09.2023-Art.-10.pdf
29.09.2023;1620P;9933/2022;;Ordin-1620-P-din-29.09.2023-Art.-10.pdf
29.09.2023;1620P;9922/2022;Copii minori: 2;Ordin-1620-P-din-29.09.2023-Art.-10.pdf
29.09.2023;1620P;10562/2022;;Ordin-1620-P-din-29.09.2023-Art.-10.pdf
29.09.2023;1620P;10559/2022;;Ordin-1620-P-din-29.09.2023-Art.-10.pdf
29.09.2023;1620P;10707/2022;;Ordin-1620-P-din-29.09.2023-Art.-10.pdf
29.09.2023;1620P;10708/2022;;Ordin-1620-P-din-29.09.2023-Art.-10.pdf
29.09.2023;1620P;9929/2022;;Ordin-1620-P-din-29.09.2023-Art.-10.pdf
29.09.2023;1620P;5289/2022;;Ordin-1620-P-din-29.09.2023-Art.-10.pdf
29.09.2023;1620P;5167/2022;;Ordin-1620-P-din-29.09.2023-Art.-10.pdf
29.09.2023;1620P;9925/2022;Copii minori: 3;Ordin-1620-P-din-29.09.2023-Art.-10.pdf
29.09.2023;1620P;9923/2022;;Ordin-1620-P-din-29.09.2023-Art.-10.pdf
29.09.2023;1620P;8443/2022;;Ordin-1620-P-din-29.09.2023-Art.-10.pdf
29.09.2023;1620P;9921/2022;;Ordin-1620-P-din-29.09.2023-Art.-10.pdf
29.09.2023;1620P;10567/2022;;Ordin-1620-P-din-29.09.2023-Art.-10.pdf
29.09.2023;1620P;9916/2022;;Ordin-1620-P-din-29.09.2023-Art.-10.pdf
29.09.2023;1620P;5046/2022;;Ordin-1620-P-din-29.09.2023-Art.-10.pdf
29.09.2023;1620P;5046/2022;Copii minori: 1;Ordin-1620-P-din-29.09.2023-Art.-10.pdf
29.09.2023;1620P;4841/2022;Copii minori: 1;Ordin-1620-P-din-29.09.2023-Art.-10.pdf
29.09.2023;1620P;4842/2022;Copii minori: 2;Ordin-1620-P-din-29.09.2023-Art.-10.pdf
29.09.2023;1620P;9917/2022;;Ordin-1620-P-din-29.09.2023-Art.-10.pdf
29.09.2023;1620P;8436/2022;;Ordin-1620-P-din-29.09.2023-Art.-10.pdf
29.09.2023;1620P;9939/2022;;Ordin-1620-P-din-29.09.2023-Art.-10.pdf
29.09.2023;1620P;9915/2022;;Ordin-1620-P-din-29.09.2023-Art.-10.pdf
29.09.2023;1620P;9926/2022;Copii minori: 1;Ordin-1620-P-din-29.09.2023-Art.-10.pdf
29.09.2023;1620P;9932/2022;;Ordin-1620-P-din-29.09.2023-Art.-10.pdf
29.09.2023;1620P;9919/2022;;Ordin-1620-P-din-29.09.2023-Art.-10.pdf
29.09.2023;1620P;1738/2021;Copii minori: 2;Ordin-1620-P-din-29.09.2023-Art.-10.pdf
29.09.2023;1620P;8835/2022;Copii minori: 3;Ordin-1620-P-din-29.09.2023-Art.-10.pdf
29.09.2023;1620P;8439/2022;;Ordin-1620-P-din-29.09.2023-Art.-10.pdf
29.09.2023;1620P;4880/2022;;Ordin-1620-P-din-29.09.2023-Art.-10.pdf
29.09.2023;1620P;4880/2022;;Ordin-1620-P-din-29.09.2023-Art.-10.pdf
29.09.2023;1620P;8817/2022;Copii minori: 1;Ordin-1620-P-din-29.09.2023-Art.-10.pdf
29.09.2023;1620P;5164/2022;Copii minori: 2;Ordin-1620-P-din-29.09.2023-Art.-10.pdf
29.09.2023;1620P;9785/2021;;Ordin-1620-P-din-29.09.2023-Art.-10.pdf
29.09.2023;1620P;8431/2022;;Ordin-1620-P-din-29.09.2023-Art.-10.pdf
29.09.2023;1620P;9920/2022;Copii minori: 1;Ordin-1620-P-din-29.09.2023-Art.-10.pdf
29.09.2023;1620P;5555/2022;;Ordin-1620-P-din-29.09.2023-Art.-10.pdf
29.09.2023;1620P;5554/2022;;Ordin-1620-P-din-29.09.2023-Art.-10.pdf
29.09.2023;1620P;5557/2022;;Ordin-1620-P-din-29.09.2023-Art.-10.pdf
29.09.2023;1620P;10587/2022;;Ordin-1620-P-din-29.09.2023-Art.-10.pdf
29.09.2023;1620P;10553/2022;;Ordin-1620-P-din-29.09.2023-Art.-10.pdf
29.09.2023;1620P;3959/2022;Copii minori: 1;Ordin-1620-P-din-29.09.2023-Art.-10.pdf
29.09.2023;1620P;8442/2022;Copii minori: 2;Ordin-1620-P-din-29.09.2023-Art.-10.pdf
29.09.2023;1620P;9928/2022;;Ordin-1620-P-din-29.09.2023-Art.-10.pdf
29.09.2023;1620P;9914/2022;;Ordin-1620-P-din-29.09.2023-Art.-10.pdf
29.09.2023;1620P;10571/2022;;Ordin-1620-P-din-29.09.2023-Art.-10.pdf
29.09.2023;1620P;8438/2022;;Ordin-1620-P-din-29.09.2023-Art.-10.pdf
29.09.2023;1620P;8438/2022;;Ordin-1620-P-din-29.09.2023-Art.-10.pdf
29.09.2023;1620P;4922/2022;;Ordin-1620-P-din-29.09.2023-Art.-10.pdf
29.09.2023;1620P;9930/2022;;Ordin-1620-P-din-29.09.2023-Art.-10.pdf
29.09.2023;1620P;5410/2022;;Ordin-1620-P-din-29.09.2023-Art.-10.pdf
29.09.2023;1620P;5414/2022;;Ordin-1620-P-din-29.09.2023-Art.-10.pdf
29.09.2023;1620P;10704/2022;;Ordin-1620-P-din-29.09.2023-Art.-10.pdf
29.09.2023;1620P;8440/2022;;Ordin-1620-P-din-29.09.2023-Art.-10.pdf
29.09.2023;1620P;5224/2022;;Ordin-1620-P-din-29.09.2023-Art.-10.pdf
29.09.2023;1620P;5408/2022;Copii minori: 1;Ordin-1620-P-din-29.09.2023-Art.-10.pdf
29.09.2023;1620P;5216/2022;;Ordin-1620-P-din-29.09.2023-Art.-10.pdf
29.09.2023;1620P;5210/2022;;Ordin-1620-P-din-29.09.2023-Art.-10.pdf
29.09.2023;1620P;10528/2022;Copii minori: 1;Ordin-1620-P-din-29.09.2023-Art.-10.pdf
29.09.2023;1620P;5035/2022;;Ordin-1620-P-din-29.09.2023-Art.-10.pdf
29.09.2023;1620P;9924/2022;;Ordin-1620-P-din-29.09.2023-Art.-10.pdf
29.09.2023;1620P;9918/2022;;Ordin-1620-P-din-29.09.2023-Art.-10.pdf
29.09.2023;1620P;5261/2022;;Ordin-1620-P-din-29.09.2023-Art.-10.pdf
29.09.2023;1620P;8433/2022;;Ordin-1620-P-din-29.09.2023-Art.-10.pdf
29.09.2023;1620P;8849/2022;;Ordin-1620-P-din-29.09.2023-Art.-10.pdf
29.09.2023;1620P;9927/2022;;Ordin-1620-P-din-29.09.2023-Art.-10.pdf
29.09.2023;1620P;8430/2022;;Ordin-1620-P-din-29.09.2023-Art.-10.pdf
29.09.2023;1620P;11421/2022;;Ordin-1620-P-din-29.09.2023-Art.-10.pdf
29.09.2023;1620P;9934/2022;Copii minori: 1;Ordin-1620-P-din-29.09.2023-Art.-10.pdf
29.09.2023;1620P;9910/2022;;Ordin-1620-P-din-29.09.2023-Art.-10.pdf
29.09.2023;1620P;8441/2022;;Ordin-1620-P-din-29.09.2023-Art.-10.pdf
19.07.2023;1245P;7968/2021;;Ordin-nr.-1245-din-19.07.2023.pdf
19.07.2023;1245P;7726/2021;;Ordin-nr.-1245-din-19.07.2023.pdf
19.07.2023;1245P;43933/2021;Copii minori: 2;Ordin-nr.-1245-din-19.07.2023.pdf
19.07.2023;1245P;44242/2021;;Ordin-nr.-1245-din-19.07.2023.pdf
19.07.2023;1245P;44313/2021;;Ordin-nr.-1245-din-19.07.2023.pdf
19.07.2023;1245P;43929/2021;;Ordin-nr.-1245-din-19.07.2023.pdf
19.07.2023;1245P;7866/2021;;Ordin-nr.-1245-din-19.07.2023.pdf
19.07.2023;1245P;7669/2021;;Ordin-nr.-1245-din-19.07.2023.pdf
19.07.2023;1245P;6567/2021;Copii minori: 1;Ordin-nr.-1245-din-19.07.2023.pdf
19.07.2023;1245P;20044/2022;;Ordin-nr.-1245-din-19.07.2023.pdf
19.07.2023;1245P;6566/2021;;Ordin-nr.-1245-din-19.07.2023.pdf
19.07.2023;1245P;7664/2021;;Ordin-nr.-1245-din-19.07.2023.pdf
19.07.2023;1245P;44228/2021;;Ordin-nr.-1245-din-19.07.2023.pdf
19.07.2023;1245P;6564/2021;;Ordin-nr.-1245-din-19.07.2023.pdf
19.07.2023;1245P;7923/2021;;Ordin-nr.-1245-din-19.07.2023.pdf
19.07.2023;1245P;7386/2021;;Ordin-nr.-1245-din-19.07.2023.pdf
19.07.2023;1245P;7384/2021;Copii minori: 1;Ordin-nr.-1245-din-19.07.2023.pdf
19.07.2023;1245P;44279/2021;;Ordin-nr.-1245-din-19.07.2023.pdf
19.07.2023;1245P;6563/2021;;Ordin-nr.-1245-din-19.07.2023.pdf
19.07.2023;1245P;43934/2021;Copii minori: 2;Ordin-nr.-1245-din-19.07.2023.pdf
19.07.2023;1245P;3131/2021;Copii minori: 2;Ordin-nr.-1245-din-19.07.2023.pdf
19.07.2023;1245P;7942/2021;;Ordin-nr.-1245-din-19.07.2023.pdf
19.07.2023;1245P;7894/2021;;Ordin-nr.-1245-din-19.07.2023.pdf
19.07.2023;1245P;7662/2021;;Ordin-nr.-1245-din-19.07.2023.pdf
19.07.2023;1245P;7661/2021;;Ordin-nr.-1245-din-19.07.2023.pdf
19.07.2023;1245P;6561/2021;Copii minori: 2;Ordin-nr.-1245-din-19.07.2023.pdf
19.07.2023;1245P;44281/2021;Copii minori: 2;Ordin-nr.-1245-din-19.07.2023.pdf
19.07.2023;1245P;44243/2021;;Ordin-nr.-1245-din-19.07.2023.pdf
19.07.2023;1245P;7898/2021;;Ordin-nr.-1245-din-19.07.2023.pdf
19.07.2023;1245P;43930/2021;;Ordin-nr.-1245-din-19.07.2023.pdf
19.07.2023;1245P;43948/2021;Copii minori: 1;Ordin-nr.-1245-din-19.07.2023.pdf
19.07.2023;1245P;7659/2021;;Ordin-nr.-1245-din-19.07.2023.pdf
19.07.2023;1245P;7667/2021;;Ordin-nr.-1245-din-19.07.2023.pdf
19.07.2023;1245P;7974/2021;;Ordin-nr.-1245-din-19.07.2023.pdf
19.07.2023;1245P;43932/2021;;Ordin-nr.-1245-din-19.07.2023.pdf
19.07.2023;1245P;43935/2021;;Ordin-nr.-1245-din-19.07.2023.pdf
19.07.2023;1245P;7702/2021;;Ordin-nr.-1245-din-19.07.2023.pdf
19.07.2023;1245P;7670/2021;;Ordin-nr.-1245-din-19.07.2023.pdf
19.07.2023;1245P;7935/2021;;Ordin-nr.-1245-din-19.07.2023.pdf
19.07.2023;1245P;7939/2021;;Ordin-nr.-1245-din-19.07.2023.pdf
19.07.2023;1245P;7674/2021;Copii minori: 3;Ordin-nr.-1245-din-19.07.2023.pdf
19.07.2023;1245P;6560/2021;;Ordin-nr.-1245-din-19.07.2023.pdf
19.07.2023;1245P;7657/2021;Copii minori: 3;Ordin-nr.-1245-din-19.07.2023.pdf
19.07.2023;1245P;7821/2021;;Ordin-nr.-1245-din-19.07.2023.pdf
19.07.2023;1245P;44282/2021;;Ordin-nr.-1245-din-19.07.2023.pdf
19.07.2023;1245P;43931/2021;Copii minori: 2;Ordin-nr.-1245-din-19.07.2023.pdf
19.07.2023;1245P;1214/2022;;Ordin-nr.-1245-din-19.07.2023.pdf
05.07.2023;1193P;15867/2021;;ordin-1193-din-05.07.2023-art.10-.pdf
05.07.2023;1193P;35281/2021;Copii minori: 1;ordin-1193-din-05.07.2023-art.10-.pdf
05.07.2023;1193P;35217/2021;;ordin-1193-din-05.07.2023-art.10-.pdf
05.07.2023;1193P;15853/2021;;ordin-1193-din-05.07.2023-art.10-.pdf
05.07.2023;1193P;15860/2021;;ordin-1193-din-05.07.2023-art.10-.pdf
05.07.2023;1193P;15866/2021;Copii minori: 2;ordin-1193-din-05.07.2023-art.10-.pdf
05.07.2023;1193P;15859/2021;Copii minori: 1;ordin-1193-din-05.07.2023-art.10-.pdf
05.07.2023;1193P;15856/2021;;ordin-1193-din-05.07.2023-art.10-.pdf
05.07.2023;1193P;35181/2021;Copii minori: 2;ordin-1193-din-05.07.2023-art.10-.pdf
05.07.2023;1193P;15871/2021;;ordin-1193-din-05.07.2023-art.10-.pdf
05.07.2023;1193P;43661/2021;;ordin-1193-din-05.07.2023-art.10-.pdf
05.07.2023;1193P;43662/2021;;ordin-1193-din-05.07.2023-art.10-.pdf
05.07.2023;1193P;35182/2021;;ordin-1193-din-05.07.2023-art.10-.pdf
05.07.2023;1193P;35236/2021;;ordin-1193-din-05.07.2023-art.10-.pdf
05.07.2023;1193P;35233/2021;Copii minori: 2;ordin-1193-din-05.07.2023-art.10-.pdf
05.07.2023;1193P;35693/2021;Copii minori: 3;ordin-1193-din-05.07.2023-art.10-.pdf
05.07.2023;1193P;91304/2019;;ordin-1193-din-05.07.2023-art.10-.pdf
05.07.2023;1193P;91304/2019;Copii minori: 2;ordin-1193-din-05.07.2023-art.10-.pdf
05.07.2023;1193P;35488/2021;;ordin-1193-din-05.07.2023-art.10-.pdf
05.07.2023;1193P;35488/2021;Copii minori: 1;ordin-1193-din-05.07.2023-art.10-.pdf
05.07.2023;1193P;15880/2021;;ordin-1193-din-05.07.2023-art.10-.pdf
05.07.2023;1193P;35184/2021;Copii minori: 1;ordin-1193-din-05.07.2023-art.10-.pdf
05.07.2023;1193P;35185/2021;;ordin-1193-din-05.07.2023-art.10-.pdf
05.07.2023;1193P;35299/2021;Copii minori: 2;ordin-1193-din-05.07.2023-art.10-.pdf
05.07.2023;1193P;14820/2022;;ordin-1193-din-05.07.2023-art.10-.pdf
05.07.2023;1193P;15869/2021;Copii minori: 3;ordin-1193-din-05.07.2023-art.10-.pdf
05.07.2023;1193P;15873/2021;;ordin-1193-din-05.07.2023-art.10-.pdf
05.07.2023;1193P;15857/2021;;ordin-1193-din-05.07.2023-art.10-.pdf
05.07.2023;1193P;15862/2021;;ordin-1193-din-05.07.2023-art.10-.pdf
05.07.2023;1193P;15850/2021;;ordin-1193-din-05.07.2023-art.10-.pdf
05.07.2023;1193P;21424/2022;;ordin-1193-din-05.07.2023-art.10-.pdf
05.07.2023;1193P;15872/2021;;ordin-1193-din-05.07.2023-art.10-.pdf
05.07.2023;1193P;15854/2021;Copii minori: 3;ordin-1193-din-05.07.2023-art.10-.pdf
05.07.2023;1193P;35652/2021;;ordin-1193-din-05.07.2023-art.10-.pdf
05.07.2023;1193P;15852/2021;Copii minori: 2;ordin-1193-din-05.07.2023-art.10-.pdf
05.07.2023;1193P;15852/2021;;ordin-1193-din-05.07.2023-art.10-.pdf
05.07.2023;1193P;35492/2021;;ordin-1193-din-05.07.2023-art.10-.pdf
05.07.2023;1193P;35479/2021;;ordin-1193-din-05.07.2023-art.10-.pdf
05.07.2023;1193P;15868/2021;;ordin-1193-din-05.07.2023-art.10-.pdf
05.07.2023;1193P;35243/2021;Copii minori: 3;ordin-1193-din-05.07.2023-art.10-.pdf
05.07.2023;1193P;15876/2021;Copii minori: 1;ordin-1193-din-05.07.2023-art.10-.pdf
05.07.2023;1193P;15851/2021;Copii minori: 3;ordin-1193-din-05.07.2023-art.10-.pdf
05.07.2023;1193P;35723/2021;;ordin-1193-din-05.07.2023-art.10-.pdf
05.07.2023;1193P;35186/2021;;ordin-1193-din-05.07.2023-art.10-.pdf
05.07.2023;1193P;35276/2021;;ordin-1193-din-05.07.2023-art.10-.pdf
05.07.2023;1193P;35388/2021;;ordin-1193-din-05.07.2023-art.10-.pdf
05.07.2023;1193P;35218/2021;Copii minori: 2;ordin-1193-din-05.07.2023-art.10-.pdf
05.07.2023;1193P;15847/2021;;ordin-1193-din-05.07.2023-art.10-.pdf
05.07.2023;1193P;15849/2021;;ordin-1193-din-05.07.2023-art.10-.pdf
05.07.2023;1193P;35377/2021;;ordin-1193-din-05.07.2023-art.10-.pdf
05.07.2023;1193P;35297/2021;;ordin-1193-din-05.07.2023-art.10-.pdf
05.07.2023;1193P;15858/2021;;ordin-1193-din-05.07.2023-art.10-.pdf
05.07.2023;1193P;15878/2021;;ordin-1193-din-05.07.2023-art.10-.pdf
05.07.2023;1193P;15864/2021;;ordin-1193-din-05.07.2023-art.10-.pdf
05.07.2023;1193P;30314/2022;;ordin-1193-din-05.07.2023-art.10-.pdf
03.07.2023;1170P;9977/2022;;ordin-1170-P-din-03.07.2023-art-10.pdf
03.07.2023;1170P;9994/2022;;ordin-1170-P-din-03.07.2023-art-10.pdf
03.07.2023;1170P;10064/2022;Copii minori: 2;ordin-1170-P-din-03.07.2023-art-10.pdf
03.07.2023;1170P;9972/2022;;ordin-1170-P-din-03.07.2023-art-10.pdf
03.07.2023;1170P;9975/2022;;ordin-1170-P-din-03.07.2023-art-10.pdf
03.07.2023;1170P;9978/2022;;ordin-1170-P-din-03.07.2023-art-10.pdf
03.07.2023;1170P;9997/2022;;ordin-1170-P-din-03.07.2023-art-10.pdf
03.07.2023;1170P;9993/2022;;ordin-1170-P-din-03.07.2023-art-10.pdf
03.07.2023;1170P;9976/2022;;ordin-1170-P-din-03.07.2023-art-10.pdf
03.07.2023;1170P;9912/2022;Copii minori: 1;ordin-1170-P-din-03.07.2023-art-10.pdf
03.07.2023;1170P;9979/2022;;ordin-1170-P-din-03.07.2023-art-10.pdf
03.07.2023;1170P;9996/2022;Copii minori: 3;ordin-1170-P-din-03.07.2023-art-10.pdf
03.07.2023;1170P;9980/2022;;ordin-1170-P-din-03.07.2023-art-10.pdf
03.07.2023;1170P;9982/2022;;ordin-1170-P-din-03.07.2023-art-10.pdf
03.07.2023;1170P;10051/2022;;ordin-1170-P-din-03.07.2023-art-10.pdf
03.07.2023;1170P;9973/2022;;ordin-1170-P-din-03.07.2023-art-10.pdf
03.07.2023;1170P;9995/2022;;ordin-1170-P-din-03.07.2023-art-10.pdf
03.07.2023;1170P;9984/2022;Copii minori: 3;ordin-1170-P-din-03.07.2023-art-10.pdf
03.07.2023;1170P;9981/2022;;ordin-1170-P-din-03.07.2023-art-10.pdf
03.07.2023;1170P;9992/2022;;ordin-1170-P-din-03.07.2023-art-10.pdf
03.07.2023;1170P;10048/2022;Copii minori: 1;ordin-1170-P-din-03.07.2023-art-10.pdf
03.07.2023;1170P;10048/2022;;ordin-1170-P-din-03.07.2023-art-10.pdf
03.07.2023;1170P;9971/2022;Copii minori: 2;ordin-1170-P-din-03.07.2023-art-10.pdf
03.07.2023;1170P;9991/2022;;ordin-1170-P-din-03.07.2023-art-10.pdf
03.07.2023;1170P;9974/2022;;ordin-1170-P-din-03.07.2023-art-10.pdf
03.07.2023;1170P;9986/2022;;ordin-1170-P-din-03.07.2023-art-10.pdf
29.06.2023;1169P;15902/2021;;ORDIN-1169-P-din-29.06.2023-art-10.pdf
29.06.2023;1169P;15934/2021;Copii minori: 1;ORDIN-1169-P-din-29.06.2023-art-10.pdf
29.06.2023;1169P;2755/2021;Copii minori: 1;ORDIN-1169-P-din-29.06.2023-art-10.pdf
29.06.2023;1169P;25718/2021;;ORDIN-1169-P-din-29.06.2023-art-10.pdf
29.06.2023;1169P;82751/2019;Copii minori: 1;ORDIN-1169-P-din-29.06.2023-art-10.pdf
29.06.2023;1169P;15881/2021;Copii minori: 3;ORDIN-1169-P-din-29.06.2023-art-10.pdf
29.06.2023;1169P;15903/2021;;ORDIN-1169-P-din-29.06.2023-art-10.pdf
29.06.2023;1169P;2329/2021;Copii minori: 2;ORDIN-1169-P-din-29.06.2023-art-10.pdf
29.06.2023;1169P;23168/2020;;ORDIN-1169-P-din-29.06.2023-art-10.pdf
29.06.2023;1169P;1234/2022;;ORDIN-1169-P-din-29.06.2023-art-10.pdf
29.06.2023;1169P;15906/2021;;ORDIN-1169-P-din-29.06.2023-art-10.pdf
29.06.2023;1169P;1455/2022;;ORDIN-1169-P-din-29.06.2023-art-10.pdf
29.06.2023;1169P;1455/2022;Copii minori: 1;ORDIN-1169-P-din-29.06.2023-art-10.pdf
29.06.2023;1169P;1408/2022;;ORDIN-1169-P-din-29.06.2023-art-10.pdf
29.06.2023;1169P;2717/2021;;ORDIN-1169-P-din-29.06.2023-art-10.pdf
29.06.2023;1169P;1261/2022;;ORDIN-1169-P-din-29.06.2023-art-10.pdf
29.06.2023;1169P;3110/2022;;ORDIN-1169-P-din-29.06.2023-art-10.pdf
29.06.2023;1169P;3110/2022;;ORDIN-1169-P-din-29.06.2023-art-10.pdf
29.06.2023;1169P;45590/2021;;ORDIN-1169-P-din-29.06.2023-art-10.pdf
29.06.2023;1169P;82795/2019;;ORDIN-1169-P-din-29.06.2023-art-10.pdf
29.06.2023;1169P;82765/2019;;ORDIN-1169-P-din-29.06.2023-art-10.pdf
29.06.2023;1169P;45575/2021;;ORDIN-1169-P-din-29.06.2023-art-10.pdf
29.06.2023;1169P;15909/2021;Copii minori: 2;ORDIN-1169-P-din-29.06.2023-art-10.pdf
29.06.2023;1169P;45578/2021;;ORDIN-1169-P-din-29.06.2023-art-10.pdf
29.06.2023;1169P;20407/2021;;ORDIN-1169-P-din-29.06.2023-art-10.pdf
29.06.2023;1169P;1217/2022;;ORDIN-1169-P-din-29.06.2023-art-10.pdf
29.06.2023;1169P;1222/2022;;ORDIN-1169-P-din-29.06.2023-art-10.pdf
29.06.2023;1169P;45585/2021;;ORDIN-1169-P-din-29.06.2023-art-10.pdf
29.06.2023;1169P;15882/2021;Copii minori: 1;ORDIN-1169-P-din-29.06.2023-art-10.pdf
29.06.2023;1169P;16539/2021;;ORDIN-1169-P-din-29.06.2023-art-10.pdf
29.06.2023;1169P;16373/2021;Copii minori: 1;ORDIN-1169-P-din-29.06.2023-art-10.pdf
29.06.2023;1169P;15883/2021;;ORDIN-1169-P-din-29.06.2023-art-10.pdf
29.06.2023;1169P;15885/2021;;ORDIN-1169-P-din-29.06.2023-art-10.pdf
29.06.2023;1169P;25725/2021;;ORDIN-1169-P-din-29.06.2023-art-10.pdf
29.06.2023;1169P;25721/2021;;ORDIN-1169-P-din-29.06.2023-art-10.pdf
29.06.2023;1169P;25722/2021;;ORDIN-1169-P-din-29.06.2023-art-10.pdf
29.06.2023;1169P;15892/2021;;ORDIN-1169-P-din-29.06.2023-art-10.pdf
29.06.2023;1169P;15887/2021;;ORDIN-1169-P-din-29.06.2023-art-10.pdf
29.06.2023;1169P;2036/2021;;ORDIN-1169-P-din-29.06.2023-art-10.pdf
29.06.2023;1169P;1803/2021;;ORDIN-1169-P-din-29.06.2023-art-10.pdf
29.06.2023;1169P;15898/2021;;ORDIN-1169-P-din-29.06.2023-art-10.pdf
29.06.2023;1169P;1268/2022;;ORDIN-1169-P-din-29.06.2023-art-10.pdf
29.06.2023;1169P;1805/2021;Copii minori: 1;ORDIN-1169-P-din-29.06.2023-art-10.pdf
29.06.2023;1169P;45577/2021;;ORDIN-1169-P-din-29.06.2023-art-10.pdf
29.06.2023;1169P;21020/2021;;ORDIN-1169-P-din-29.06.2023-art-10.pdf
29.06.2023;1169P;15927/2021;;ORDIN-1169-P-din-29.06.2023-art-10.pdf
29.06.2023;1169P;15932/2021;;ORDIN-1169-P-din-29.06.2023-art-10.pdf
29.06.2023;1169P;1449/2022;;ORDIN-1169-P-din-29.06.2023-art-10.pdf
29.06.2023;1169P;1443/2022;Copii minori: 2;ORDIN-1169-P-din-29.06.2023-art-10.pdf
29.06.2023;1169P;1447/2022;;ORDIN-1169-P-din-29.06.2023-art-10.pdf
29.06.2023;1169P;15933/2021;;ORDIN-1169-P-din-29.06.2023-art-10.pdf
29.06.2023;1169P;20594/2021;;ORDIN-1169-P-din-29.06.2023-art-10.pdf
29.06.2023;1169P;15895/2021;;ORDIN-1169-P-din-29.06.2023-art-10.pdf
29.06.2023;1169P;25716/2021;Copii minori: 2;ORDIN-1169-P-din-29.06.2023-art-10.pdf
29.06.2023;1169P;25716/2021;;ORDIN-1169-P-din-29.06.2023-art-10.pdf
29.06.2023;1169P;15890/2021;Copii minori: 1;ORDIN-1169-P-din-29.06.2023-art-10.pdf
29.06.2023;1169P;15907/2021;;ORDIN-1169-P-din-29.06.2023-art-10.pdf
29.06.2023;1169P;2332/2021;Copii minori: 1;ORDIN-1169-P-din-29.06.2023-art-10.pdf
29.06.2023;1169P;25724/2021;;ORDIN-1169-P-din-29.06.2023-art-10.pdf
29.06.2023;1169P;25724/2021;Copii minori: 1;ORDIN-1169-P-din-29.06.2023-art-10.pdf
29.06.2023;1169P;1293/2022;;ORDIN-1169-P-din-29.06.2023-art-10.pdf
29.06.2023;1169P;1098/2022;Copii minori: 1;ORDIN-1169-P-din-29.06.2023-art-10.pdf
29.06.2023;1169P;1100/2022;;ORDIN-1169-P-din-29.06.2023-art-10.pdf
29.06.2023;1169P;1773/2021;Copii minori: 2;ORDIN-1169-P-din-29.06.2023-art-10.pdf
29.06.2023;1169P;1240/2022;;ORDIN-1169-P-din-29.06.2023-art-10.pdf
29.06.2023;1169P;1249/2022;;ORDIN-1169-P-din-29.06.2023-art-10.pdf
29.06.2023;1169P;1245/2022;;ORDIN-1169-P-din-29.06.2023-art-10.pdf
29.06.2023;1169P;16527/2021;Copii minori: 2;ORDIN-1169-P-din-29.06.2023-art-10.pdf
29.06.2023;1169P;16532/2021;;ORDIN-1169-P-din-29.06.2023-art-10.pdf
29.06.2023;1169P;22715/2021;;ORDIN-1169-P-din-29.06.2023-art-10.pdf
29.06.2023;1169P;20275/2021;Copii minori: 1;ORDIN-1169-P-din-29.06.2023-art-10.pdf
29.06.2023;1169P;20347/2021;;ORDIN-1169-P-din-29.06.2023-art-10.pdf
29.06.2023;1169P;15886/2021;;ORDIN-1169-P-din-29.06.2023-art-10.pdf
29.06.2023;1169P;700/2021;;ORDIN-1169-P-din-29.06.2023-art-10.pdf
29.06.2023;1169P;20491/2021;;ORDIN-1169-P-din-29.06.2023-art-10.pdf
29.06.2023;1169P;45589/2021;;ORDIN-1169-P-din-29.06.2023-art-10.pdf
29.06.2023;1169P;15930/2021;;ORDIN-1169-P-din-29.06.2023-art-10.pdf
29.06.2023;1169P;45586/2021;;ORDIN-1169-P-din-29.06.2023-art-10.pdf
29.06.2023;1169P;15911/2021;;ORDIN-1169-P-din-29.06.2023-art-10.pdf
29.06.2023;1169P;45583/2021;;ORDIN-1169-P-din-29.06.2023-art-10.pdf
29.06.2023;1169P;25717/2021;;ORDIN-1169-P-din-29.06.2023-art-10.pdf
29.06.2023;1169P;45581/2021;Copii minori: 1;ORDIN-1169-P-din-29.06.2023-art-10.pdf
29.06.2023;1169P;2990/2021;Copii minori: 2;ORDIN-1169-P-din-29.06.2023-art-10.pdf
29.06.2023;1169P;2990/2021;;ORDIN-1169-P-din-29.06.2023-art-10.pdf
29.06.2023;1169P;1099/2022;;ORDIN-1169-P-din-29.06.2023-art-10.pdf
29.06.2023;1169P;1097/2022;;ORDIN-1169-P-din-29.06.2023-art-10.pdf
29.06.2023;1169P;45593/2021;;ORDIN-1169-P-din-29.06.2023-art-10.pdf
29.06.2023;1169P;1203/2022;;ORDIN-1169-P-din-29.06.2023-art-10.pdf
29.06.2023;1169P;15893/2021;;ORDIN-1169-P-din-29.06.2023-art-10.pdf
29.06.2023;1169P;45595/2021;;ORDIN-1169-P-din-29.06.2023-art-10.pdf
29.06.2023;1169P;15910/2021;;ORDIN-1169-P-din-29.06.2023-art-10.pdf
29.06.2023;1169P;15897/2021;;ORDIN-1169-P-din-29.06.2023-art-10.pdf
29.06.2023;1169P;15904/2021;;ORDIN-1169-P-din-29.06.2023-art-10.pdf
29.06.2023;1169P;15929/2021;;ORDIN-1169-P-din-29.06.2023-art-10.pdf
29.06.2023;1169P;15928/2021;Copii minori: 1;ORDIN-1169-P-din-29.06.2023-art-10.pdf
29.06.2023;1169P;15928/2021;;ORDIN-1169-P-din-29.06.2023-art-10.pdf
29.06.2023;1169P;45584/2021;;ORDIN-1169-P-din-29.06.2023-art-10.pdf
29.06.2023;1169P;15908/2021;;ORDIN-1169-P-din-29.06.2023-art-10.pdf
29.06.2023;1169P;45591/2021;;ORDIN-1169-P-din-29.06.2023-art-10.pdf
29.06.2023;1169P;45588/2021;;ORDIN-1169-P-din-29.06.2023-art-10.pdf
29.06.2023;1169P;45588/2021;Copii minori: 4;ORDIN-1169-P-din-29.06.2023-art-10.pdf
29.06.2023;1169P;15877/2021;;ORDIN-1169-P-din-29.06.2023-art-10.pdf
29.06.2023;1169P;25723/2021;;ORDIN-1169-P-din-29.06.2023-art-10.pdf
29.06.2023;1169P;1096/2022;;ORDIN-1169-P-din-29.06.2023-art-10.pdf
29.06.2023;1169P;25715/2021;;ORDIN-1169-P-din-29.06.2023-art-10.pdf
29.06.2023;1169P;15896/2021;;ORDIN-1169-P-din-29.06.2023-art-10.pdf
29.06.2023;1169P;25720/2021;Copii minori: 1;ORDIN-1169-P-din-29.06.2023-art-10.pdf
29.06.2023;1169P;25719/2021;;ORDIN-1169-P-din-29.06.2023-art-10.pdf
29.06.2023;1169P;15905/2021;Copii minori: 2;ORDIN-1169-P-din-29.06.2023-art-10.pdf
29.06.2023;1169P;1230/2022;;ORDIN-1169-P-din-29.06.2023-art-10.pdf
29.06.2023;1169P;1229/2022;;ORDIN-1169-P-din-29.06.2023-art-10.pdf
29.06.2023;1169P;2889/2021;Copii minori: 1;ORDIN-1169-P-din-29.06.2023-art-10.pdf
29.06.2023;1169P;2346/2021;;ORDIN-1169-P-din-29.06.2023-art-10.pdf
29.06.2023;1169P;82797/2019;;ORDIN-1169-P-din-29.06.2023-art-10.pdf
29.06.2023;1169P;40096/2021;;ORDIN-1169-P-din-29.06.2023-art-10.pdf
29.06.2023;1169P;2270/2021;Copii minori: 2;ORDIN-1169-P-din-29.06.2023-art-10.pdf
29.06.2023;1169P;15931/2021;;ORDIN-1169-P-din-29.06.2023-art-10.pdf
29.06.2023;1169P;45596/2021;;ORDIN-1169-P-din-29.06.2023-art-10.pdf
29.06.2023;1169P;45582/2021;;ORDIN-1169-P-din-29.06.2023-art-10.pdf
29.06.2023;1169P;3102/2022;;ORDIN-1169-P-din-29.06.2023-art-10.pdf
29.06.2023;1169P;19501/2020;;ORDIN-1169-P-din-29.06.2023-art-10.pdf
29.06.2023;1169P;15879/2021;Copii minori: 2;ORDIN-1169-P-din-29.06.2023-art-10.pdf
29.06.2023;1169P;15901/2021;;ORDIN-1169-P-din-29.06.2023-art-10.pdf
29.06.2023;1169P;21015/2021;Copii minori: 1;ORDIN-1169-P-din-29.06.2023-art-10.pdf
29.06.2023;1169P;2911/2021;;ORDIN-1169-P-din-29.06.2023-art-10.pdf
29.06.2023;1169P;21015/2021;;ORDIN-1169-P-din-29.06.2023-art-10.pdf
29.06.2023;1169P;2948/2021;;ORDIN-1169-P-din-29.06.2023-art-10.pdf
29.06.2023;1169P;45576/2021;;ORDIN-1169-P-din-29.06.2023-art-10.pdf
29.06.2023;1169P;1308/2021;;ORDIN-1169-P-din-29.06.2023-art-10.pdf
29.06.2023;1169P;2181/2021;;ORDIN-1169-P-din-29.06.2023-art-10.pdf
29.06.2023;1169P;16461/2021;Copii minori: 2;ORDIN-1169-P-din-29.06.2023-art-10.pdf
29.06.2023;1169P;45587/2021;;ORDIN-1169-P-din-29.06.2023-art-10.pdf
29.06.2023;1169P;2945/2021;Copii minori: 2;ORDIN-1169-P-din-29.06.2023-art-10.pdf
29.06.2023;1169P;1307/2021;;ORDIN-1169-P-din-29.06.2023-art-10.pdf
23.06.2023;1129P;21253/2021;;Ordin-nr.-1129-din-23.06.2023.pdf
23.06.2023;1129P;22111/2019;;Ordin-nr.-1129-din-23.06.2023.pdf
23.06.2023;1129P;22111/2019;;Ordin-nr.-1129-din-23.06.2023.pdf
23.06.2023;1129P;21489/2021;Copii minori: 1;Ordin-nr.-1129-din-23.06.2023.pdf
23.06.2023;1129P;237/2021;;Ordin-nr.-1129-din-23.06.2023.pdf
23.06.2023;1129P;239/2021;;Ordin-nr.-1129-din-23.06.2023.pdf
23.06.2023;1129P;97106/2019;Copii minori: 1;Ordin-nr.-1129-din-23.06.2023.pdf
23.06.2023;1129P;31613/2021;;Ordin-nr.-1129-din-23.06.2023.pdf
23.06.2023;1129P;31584/2021;;Ordin-nr.-1129-din-23.06.2023.pdf
23.06.2023;1129P;378/2021;;Ordin-nr.-1129-din-23.06.2023.pdf
23.06.2023;1129P;96990/2019;Copii minori: 1;Ordin-nr.-1129-din-23.06.2023.pdf
23.06.2023;1129P;235/2021;;Ordin-nr.-1129-din-23.06.2023.pdf
23.06.2023;1129P;240/2021;;Ordin-nr.-1129-din-23.06.2023.pdf
23.06.2023;1129P;19014/2020;;Ordin-nr.-1129-din-23.06.2023.pdf
23.06.2023;1129P;28017/2021;Copii minori: 2;Ordin-nr.-1129-din-23.06.2023.pdf
23.06.2023;1129P;31143/2021;Copii minori: 1;Ordin-nr.-1129-din-23.06.2023.pdf
23.06.2023;1129P;357/2021;;Ordin-nr.-1129-din-23.06.2023.pdf
23.06.2023;1129P;45579/2021;;Ordin-nr.-1129-din-23.06.2023.pdf
23.06.2023;1129P;469/2021;;Ordin-nr.-1129-din-23.06.2023.pdf
23.06.2023;1129P;31214/2021;;Ordin-nr.-1129-din-23.06.2023.pdf
23.06.2023;1129P;43885/2021;Copii minori: 2;Ordin-nr.-1129-din-23.06.2023.pdf
23.06.2023;1129P;6521/2021;;Ordin-nr.-1129-din-23.06.2023.pdf
23.06.2023;1129P;5400/2022;Copii minori: 1;Ordin-nr.-1129-din-23.06.2023.pdf
23.06.2023;1129P;465/2021;Copii minori: 1;Ordin-nr.-1129-din-23.06.2023.pdf
23.06.2023;1129P;31601/2021;;Ordin-nr.-1129-din-23.06.2023.pdf
23.06.2023;1129P;21259/2021;;Ordin-nr.-1129-din-23.06.2023.pdf
23.06.2023;1129P;236/2021;;Ordin-nr.-1129-din-23.06.2023.pdf
23.06.2023;1129P;22279/2021;Copii minori: 3;Ordin-nr.-1129-din-23.06.2023.pdf
23.06.2023;1129P;492/2021;Copii minori: 2;Ordin-nr.-1129-din-23.06.2023.pdf
23.06.2023;1129P;22022/2021;;Ordin-nr.-1129-din-23.06.2023.pdf
23.06.2023;1129P;45556/2021;;Ordin-nr.-1129-din-23.06.2023.pdf
23.06.2023;1129P;34431/2021;Copii minori: 3;Ordin-nr.-1129-din-23.06.2023.pdf
23.06.2023;1129P;22527/2021;;Ordin-nr.-1129-din-23.06.2023.pdf
23.06.2023;1129P;22532/2021;;Ordin-nr.-1129-din-23.06.2023.pdf
23.06.2023;1129P;22521/2021;;Ordin-nr.-1129-din-23.06.2023.pdf
23.06.2023;1129P;44357/2021;;Ordin-nr.-1129-din-23.06.2023.pdf
23.06.2023;1129P;44358/2021;;Ordin-nr.-1129-din-23.06.2023.pdf
23.06.2023;1129P;44359/2021;;Ordin-nr.-1129-din-23.06.2023.pdf
23.06.2023;1129P;20680/2020;;Ordin-nr.-1129-din-23.06.2023.pdf
23.06.2023;1129P;20680/2020;;Ordin-nr.-1129-din-23.06.2023.pdf
23.06.2023;1129P;20680/2020;;Ordin-nr.-1129-din-23.06.2023.pdf
23.06.2023;1129P;92380/2019;;Ordin-nr.-1129-din-23.06.2023.pdf
23.06.2023;1129P;7/2021;;Ordin-nr.-1129-din-23.06.2023.pdf
23.06.2023;1129P;32078/2021;;Ordin-nr.-1129-din-23.06.2023.pdf
23.06.2023;1129P;34421/2021;Copii minori: 1;Ordin-nr.-1129-din-23.06.2023.pdf
23.06.2023;1129P;34421/2021;;Ordin-nr.-1129-din-23.06.2023.pdf
23.06.2023;1129P;22248/2021;Copii minori: 3;Ordin-nr.-1129-din-23.06.2023.pdf
23.06.2023;1129P;22248/2021;;Ordin-nr.-1129-din-23.06.2023.pdf
23.06.2023;1129P;22244/2021;Copii minori: 3;Ordin-nr.-1129-din-23.06.2023.pdf
23.06.2023;1129P;22259/2021;Copii minori: 2;Ordin-nr.-1129-din-23.06.2023.pdf
23.06.2023;1129P;22259/2021;;Ordin-nr.-1129-din-23.06.2023.pdf
23.06.2023;1129P;21469/2017;;Ordin-nr.-1129-din-23.06.2023.pdf
23.06.2023;1129P;9734/2021;Copii minori: 1;Ordin-nr.-1129-din-23.06.2023.pdf
23.06.2023;1129P;44355/2021;;Ordin-nr.-1129-din-23.06.2023.pdf
23.06.2023;1129P;44350/2021;;Ordin-nr.-1129-din-23.06.2023.pdf
23.06.2023;1129P;32019/2021;Copii minori: 1;Ordin-nr.-1129-din-23.06.2023.pdf
23.06.2023;1129P;32022/2021;;Ordin-nr.-1129-din-23.06.2023.pdf
23.06.2023;1129P;32010/2021;;Ordin-nr.-1129-din-23.06.2023.pdf
23.06.2023;1129P;480/2021;;Ordin-nr.-1129-din-23.06.2023.pdf
23.06.2023;1129P;21882/2021;;Ordin-nr.-1129-din-23.06.2023.pdf
23.06.2023;1129P;21884/2021;;Ordin-nr.-1129-din-23.06.2023.pdf
23.06.2023;1129P;21901/2021;;Ordin-nr.-1129-din-23.06.2023.pdf
23.06.2023;1129P;21892/2021;;Ordin-nr.-1129-din-23.06.2023.pdf
23.06.2023;1129P;31214/2021;Copii minori: 1;Ordin-nr.-1129-din-23.06.2023.pdf
23.06.2023;1129P;465/2021;;Ordin-nr.-1129-din-23.06.2023.pdf
23.06.2023;1129P;92397/2019;;Ordin-nr.-1129-din-23.06.2023.pdf
23.06.2023;1129P;92372/2019;;Ordin-nr.-1129-din-23.06.2023.pdf
23.06.2023;1129P;31705/2021;;Ordin-nr.-1129-din-23.06.2023.pdf
23.06.2023;1129P;44465/2021;;Ordin-nr.-1129-din-23.06.2023.pdf
23.06.2023;1129P;234/2021;Copii minori: 1;Ordin-nr.-1129-din-23.06.2023.pdf
23.06.2023;1129P;96983/2019;;Ordin-nr.-1129-din-23.06.2023.pdf
23.06.2023;1129P;31392/2021;;Ordin-nr.-1129-din-23.06.2023.pdf
23.06.2023;1129P;31248/2021;;Ordin-nr.-1129-din-23.06.2023.pdf
23.06.2023;1129P;358/2021;;Ordin-nr.-1129-din-23.06.2023.pdf
23.06.2023;1129P;44344/2021;;Ordin-nr.-1129-din-23.06.2023.pdf
23.06.2023;1129P;22566/2021;;Ordin-nr.-1129-din-23.06.2023.pdf
23.06.2023;1129P;44464/2021;;Ordin-nr.-1129-din-23.06.2023.pdf
23.06.2023;1129P;40145/2021;;Ordin-nr.-1129-din-23.06.2023.pdf
23.06.2023;1129P;40145/2021;;Ordin-nr.-1129-din-23.06.2023.pdf
23.06.2023;1129P;22022/2021;Copii minori: 2;Ordin-nr.-1129-din-23.06.2023.pdf
23.06.2023;1129P;40072/2021;;Ordin-nr.-1129-din-23.06.2023.pdf
23.06.2023;1129P;40075/2021;;Ordin-nr.-1129-din-23.06.2023.pdf
23.06.2023;1129P;40140/2021;;Ordin-nr.-1129-din-23.06.2023.pdf
23.06.2023;1129P;22215/2021;;Ordin-nr.-1129-din-23.06.2023.pdf
23.06.2023;1129P;96932/2019;;Ordin-nr.-1129-din-23.06.2023.pdf
23.06.2023;1129P;32041/2021;;Ordin-nr.-1129-din-23.06.2023.pdf
23.06.2023;1129P;32041/2021;;Ordin-nr.-1129-din-23.06.2023.pdf
23.06.2023;1129P;44351/2021;;Ordin-nr.-1129-din-23.06.2023.pdf
23.06.2023;1129P;22522/2021;;Ordin-nr.-1129-din-23.06.2023.pdf
23.06.2023;1129P;238/2021;;Ordin-nr.-1129-din-23.06.2023.pdf
23.06.2023;1129P;364/2021;;Ordin-nr.-1129-din-23.06.2023.pdf
23.06.2023;1129P;6525/2021;;Ordin-nr.-1129-din-23.06.2023.pdf
23.06.2023;1129P;96982/2019;;Ordin-nr.-1129-din-23.06.2023.pdf
23.06.2023;1129P;495/2021;;Ordin-nr.-1129-din-23.06.2023.pdf
23.06.2023;1129P;44432/2021;;Ordin-nr.-1129-din-23.06.2023.pdf
23.06.2023;1129P;44427/2021;;Ordin-nr.-1129-din-23.06.2023.pdf
23.06.2023;1129P;44423/2021;;Ordin-nr.-1129-din-23.06.2023.pdf
23.06.2023;1129P;50555/2018;;Ordin-nr.-1129-din-23.06.2023.pdf
23.06.2023;1129P;44463/2021;Copii minori: 2;Ordin-nr.-1129-din-23.06.2023.pdf
23.06.2023;1129P;44343/2021;;Ordin-nr.-1129-din-23.06.2023.pdf
23.06.2023;1129P;44404/2021;;Ordin-nr.-1129-din-23.06.2023.pdf
23.06.2023;1129P;44412/2021;;Ordin-nr.-1129-din-23.06.2023.pdf
23.06.2023;1129P;43894/2021;;Ordin-nr.-1129-din-23.06.2023.pdf
23.06.2023;1129P;97102/2019;;Ordin-nr.-1129-din-23.06.2023.pdf
23.06.2023;1129P;31321/2021;Copii minori: 1;Ordin-nr.-1129-din-23.06.2023.pdf
23.06.2023;1129P;32065/2021;Copii minori: 1;Ordin-nr.-1129-din-23.06.2023.pdf
23.06.2023;1129P;32065/2021;;Ordin-nr.-1129-din-23.06.2023.pdf
16.06.2023;1096P;9752/2021;;ORDIN-1096P16-06-2023-art-10.pdf
16.06.2023;1096P;43913/2021;;ORDIN-1096P16-06-2023-art-10.pdf
16.06.2023;1096P;9738/2021;;ORDIN-1096P16-06-2023-art-10.pdf
16.06.2023;1096P;9745/2021;;ORDIN-1096P16-06-2023-art-10.pdf
16.06.2023;1096P;9743/2021;;ORDIN-1096P16-06-2023-art-10.pdf
16.06.2023;1096P;43916/2021;;ORDIN-1096P16-06-2023-art-10.pdf
16.06.2023;1096P;4004/2022;;ORDIN-1096P16-06-2023-art-10.pdf
16.06.2023;1096P;4796/2021;;ORDIN-1096P16-06-2023-art-10.pdf
16.06.2023;1096P;4788/2021;;ORDIN-1096P16-06-2023-art-10.pdf
16.06.2023;1096P;9728/2021;;ORDIN-1096P16-06-2023-art-10.pdf
16.06.2023;1096P;9736/2021;Copii minori: 1;ORDIN-1096P16-06-2023-art-10.pdf
16.06.2023;1096P;9742/2021;Copii minori: 2;ORDIN-1096P16-06-2023-art-10.pdf
16.06.2023;1096P;82954/2019;;ORDIN-1096P16-06-2023-art-10.pdf
16.06.2023;1096P;4127/2022;Copii minori: 2;ORDIN-1096P16-06-2023-art-10.pdf
16.06.2023;1096P;4783/2021;;ORDIN-1096P16-06-2023-art-10.pdf
16.06.2023;1096P;9733/2021;;ORDIN-1096P16-06-2023-art-10.pdf
16.06.2023;1096P;9748/2021;Copii minori: 2;ORDIN-1096P16-06-2023-art-10.pdf
16.06.2023;1096P;43924/2021;;ORDIN-1096P16-06-2023-art-10.pdf
16.06.2023;1096P;4477/2022;Copii minori: 1;ORDIN-1096P16-06-2023-art-10.pdf
16.06.2023;1096P;4794/2021;Copii minori: 1;ORDIN-1096P16-06-2023-art-10.pdf
16.06.2023;1096P;9737/2021;;ORDIN-1096P16-06-2023-art-10.pdf
16.06.2023;1096P;43919/2021;;ORDIN-1096P16-06-2023-art-10.pdf
16.06.2023;1096P;9732/2021;;ORDIN-1096P16-06-2023-art-10.pdf
16.06.2023;1096P;43908/2021;;ORDIN-1096P16-06-2023-art-10.pdf
16.06.2023;1096P;3511/2022;;ORDIN-1096P16-06-2023-art-10.pdf
16.06.2023;1096P;43921/2021;;ORDIN-1096P16-06-2023-art-10.pdf
16.06.2023;1096P;43926/2021;Copii minori: 2;ORDIN-1096P16-06-2023-art-10.pdf
16.06.2023;1096P;9750/2021;;ORDIN-1096P16-06-2023-art-10.pdf
16.06.2023;1096P;9740/2021;Copii minori: 2;ORDIN-1096P16-06-2023-art-10.pdf
16.06.2023;1096P;43928/2021;Copii minori: 3;ORDIN-1096P16-06-2023-art-10.pdf
16.06.2023;1096P;9714/2021;;ORDIN-1096P16-06-2023-art-10.pdf
16.06.2023;1096P;4790/2021;;ORDIN-1096P16-06-2023-art-10.pdf
16.06.2023;1096P;43911/2021;;ORDIN-1096P16-06-2023-art-10.pdf
16.06.2023;1096P;24139/2019;;ORDIN-1096P16-06-2023-art-10.pdf
16.06.2023;1096P;4791/2021;Copii minori: 1;ORDIN-1096P16-06-2023-art-10.pdf
16.06.2023;1096P;4795/2021;;ORDIN-1096P16-06-2023-art-10.pdf
16.06.2023;1096P;43914/2021;;ORDIN-1096P16-06-2023-art-10.pdf
16.06.2023;1096P;3789/2022;;ORDIN-1096P16-06-2023-art-10.pdf
16.06.2023;1096P;43910/2021;;ORDIN-1096P16-06-2023-art-10.pdf
16.06.2023;1096P;4792/2021;;ORDIN-1096P16-06-2023-art-10.pdf
16.06.2023;1096P;3887/2022;;ORDIN-1096P16-06-2023-art-10.pdf
16.06.2023;1096P;9724/2021;;ORDIN-1096P16-06-2023-art-10.pdf
16.06.2023;1096P;43923/2021;;ORDIN-1096P16-06-2023-art-10.pdf
16.06.2023;1096P;4686/2022;;ORDIN-1096P16-06-2023-art-10.pdf
16.06.2023;1096P;9725/2021;;ORDIN-1096P16-06-2023-art-10.pdf
16.06.2023;1096P;9751/2021;;ORDIN-1096P16-06-2023-art-10.pdf
16.06.2023;1096P;9720/2021;Copii minori: 2;ORDIN-1096P16-06-2023-art-10.pdf
16.06.2023;1096P;43918/2021;;ORDIN-1096P16-06-2023-art-10.pdf
16.06.2023;1096P;43925/2021;;ORDIN-1096P16-06-2023-art-10.pdf
16.06.2023;1096P;43909/2021;;ORDIN-1096P16-06-2023-art-10.pdf
16.06.2023;1096P;4797/2021;Copii minori: 2;ORDIN-1096P16-06-2023-art-10.pdf
16.06.2023;1096P;4302/2022;;ORDIN-1096P16-06-2023-art-10.pdf
16.06.2023;1096P;43920/2021;;ORDIN-1096P16-06-2023-art-10.pdf
16.06.2023;1096P;4333/2022;;ORDIN-1096P16-06-2023-art-10.pdf
16.06.2023;1096P;4125/2022;;ORDIN-1096P16-06-2023-art-10.pdf
16.06.2023;1096P;43915/2021;;ORDIN-1096P16-06-2023-art-10.pdf
16.06.2023;1096P;4781/2021;;ORDIN-1096P16-06-2023-art-10.pdf
16.06.2023;1096P;3632/2022;;ORDIN-1096P16-06-2023-art-10.pdf
16.06.2023;1096P;4204/2022;;ORDIN-1096P16-06-2023-art-10.pdf
16.06.2023;1096P;43917/2021;;ORDIN-1096P16-06-2023-art-10.pdf
16.06.2023;1096P;4687/2022;;ORDIN-1096P16-06-2023-art-10.pdf
16.06.2023;1096P;9727/2021;;ORDIN-1096P16-06-2023-art-10.pdf
16.06.2023;1096P;9749/2021;;ORDIN-1096P16-06-2023-art-10.pdf
16.06.2023;1096P;3639/2022;;ORDIN-1096P16-06-2023-art-10.pdf
16.06.2023;1096P;9723/2021;;ORDIN-1096P16-06-2023-art-10.pdf
16.06.2023;1096P;9723/2021;;ORDIN-1096P16-06-2023-art-10.pdf
16.06.2023;1096P;9747/2021;;ORDIN-1096P16-06-2023-art-10.pdf
16.06.2023;1096P;4317/2022;Copii minori: 2;ORDIN-1096P16-06-2023-art-10.pdf
16.06.2023;1096P;43907/2021;Copii minori: 3;ORDIN-1096P16-06-2023-art-10.pdf
16.06.2023;1096P;9746/2021;;ORDIN-1096P16-06-2023-art-10.pdf
16.06.2023;1096P;9746/2021;Copii minori: 2;ORDIN-1096P16-06-2023-art-10.pdf
16.06.2023;1096P;4786/2021;;ORDIN-1096P16-06-2023-art-10.pdf
16.06.2023;1096P;4780/2021;;ORDIN-1096P16-06-2023-art-10.pdf
16.06.2023;1096P;43916/2021;;ORDIN-1096P16-06-2023-art-10.pdf
16.06.2023;1096P;4785/2021;;ORDIN-1096P16-06-2023-art-10.pdf
16.06.2023;1096P;3785/2022;;ORDIN-1096P16-06-2023-art-10.pdf
16.06.2023;1096P;3786/2022;;ORDIN-1096P16-06-2023-art-10.pdf
16.06.2023;1096P;4799/2021;;ORDIN-1096P16-06-2023-art-10.pdf
16.06.2023;1096P;4321/2022;;ORDIN-1096P16-06-2023-art-10.pdf
16.06.2023;1096P;4688/2022;;ORDIN-1096P16-06-2023-art-10.pdf
16.06.2023;1096P;4136/2022;;ORDIN-1096P16-06-2023-art-10.pdf
16.06.2023;1096P;4131/2022;;ORDIN-1096P16-06-2023-art-10.pdf
16.06.2023;1096P;9744/2021;;ORDIN-1096P16-06-2023-art-10.pdf
16.06.2023;1096P;9744/2021;;ORDIN-1096P16-06-2023-art-10.pdf
16.06.2023;1096P;4800/2021;Copii minori: 3;ORDIN-1096P16-06-2023-art-10.pdf
16.06.2023;1096P;4129/2022;Copii minori: 1;ORDIN-1096P16-06-2023-art-10.pdf
26.05.2023;957P;9709/2021;;ORDIN-957-P-26.05.2023.pdf
26.05.2023;957P;3098/2022;;ORDIN-957-P-26.05.2023.pdf
26.05.2023;957P;3098/2022;Copii minori: 2;ORDIN-957-P-26.05.2023.pdf
26.05.2023;957P;8735/2021;;ORDIN-957-P-26.05.2023.pdf
26.05.2023;957P;8751/2021;;ORDIN-957-P-26.05.2023.pdf
26.05.2023;957P;32027/2021;Copii minori: 1;ORDIN-957-P-26.05.2023.pdf
26.05.2023;957P;32029/2021;Copii minori: 1;ORDIN-957-P-26.05.2023.pdf
26.05.2023;957P;8459/2021;Copii minori: 2;ORDIN-957-P-26.05.2023.pdf
26.05.2023;957P;9710/2021;;ORDIN-957-P-26.05.2023.pdf
26.05.2023;957P;3091/2022;;ORDIN-957-P-26.05.2023.pdf
26.05.2023;957P;19805/2020;;ORDIN-957-P-26.05.2023.pdf
26.05.2023;957P;9719/2021;;ORDIN-957-P-26.05.2023.pdf
26.05.2023;957P;3097/2022;;ORDIN-957-P-26.05.2023.pdf
26.05.2023;957P;3093/2022;;ORDIN-957-P-26.05.2023.pdf
26.05.2023;957P;9243/2021;;ORDIN-957-P-26.05.2023.pdf
26.05.2023;957P;1736/2021;;ORDIN-957-P-26.05.2023.pdf
26.05.2023;957P;14677/2021;Copii minori: 1;ORDIN-957-P-26.05.2023.pdf
26.05.2023;957P;50854/2019;;ORDIN-957-P-26.05.2023.pdf
26.05.2023;957P;50865/2019;;ORDIN-957-P-26.05.2023.pdf
26.05.2023;957P;9722/2021;Copii minori: 3;ORDIN-957-P-26.05.2023.pdf
26.05.2023;957P;9715/2021;;ORDIN-957-P-26.05.2023.pdf
26.05.2023;957P;4054/2021;Copii minori: 2;ORDIN-957-P-26.05.2023.pdf
26.05.2023;957P;43876/2021;;ORDIN-957-P-26.05.2023.pdf
26.05.2023;957P;3101/2022;;ORDIN-957-P-26.05.2023.pdf
26.05.2023;957P;3115/2022;;ORDIN-957-P-26.05.2023.pdf
26.05.2023;957P;19004/2021;;ORDIN-957-P-26.05.2023.pdf
26.05.2023;957P;9767/2021;;ORDIN-957-P-26.05.2023.pdf
26.05.2023;957P;8181/2021;Copii minori: 1;ORDIN-957-P-26.05.2023.pdf
26.05.2023;957P;3088/2022;;ORDIN-957-P-26.05.2023.pdf
26.05.2023;957P;3114/2022;;ORDIN-957-P-26.05.2023.pdf
26.05.2023;957P;3095/2022;Copii minori: 2;ORDIN-957-P-26.05.2023.pdf
26.05.2023;957P;9716/2021;;ORDIN-957-P-26.05.2023.pdf
26.05.2023;957P;3096/2022;;ORDIN-957-P-26.05.2023.pdf
26.05.2023;957P;3100/2022;;ORDIN-957-P-26.05.2023.pdf
26.05.2023;957P;8066/2021;;ORDIN-957-P-26.05.2023.pdf
26.05.2023;957P;22455/2021;;ORDIN-957-P-26.05.2023.pdf
26.05.2023;957P;22455/2021;;ORDIN-957-P-26.05.2023.pdf
26.05.2023;957P;3113/2022;;ORDIN-957-P-26.05.2023.pdf
26.05.2023;957P;22237/2021;;ORDIN-957-P-26.05.2023.pdf
26.05.2023;957P;3087/2022;;ORDIN-957-P-26.05.2023.pdf
26.05.2023;957P;10871/2020;;ORDIN-957-P-26.05.2023.pdf
26.05.2023;957P;3116/2022;Copii minori: 3;ORDIN-957-P-26.05.2023.pdf
26.05.2023;957P;91298/2019;;ORDIN-957-P-26.05.2023.pdf
26.05.2023;957P;91298/2019;Copii minori: 1;ORDIN-957-P-26.05.2023.pdf
26.05.2023;957P;3105/2022;;ORDIN-957-P-26.05.2023.pdf
26.05.2023;957P;3106/2022;;ORDIN-957-P-26.05.2023.pdf
26.05.2023;957P;3111/2022;;ORDIN-957-P-26.05.2023.pdf
26.05.2023;957P;19711/2020;;ORDIN-957-P-26.05.2023.pdf
26.05.2023;957P;19711/2020;;ORDIN-957-P-26.05.2023.pdf
26.05.2023;957P;3099/2022;;ORDIN-957-P-26.05.2023.pdf
26.05.2023;957P;8177/2021;;ORDIN-957-P-26.05.2023.pdf
26.05.2023;957P;9718/2021;;ORDIN-957-P-26.05.2023.pdf
26.05.2023;957P;3104/2022;;ORDIN-957-P-26.05.2023.pdf
26.05.2023;957P;3090/2022;;ORDIN-957-P-26.05.2023.pdf
26.05.2023;957P;3109/2022;;ORDIN-957-P-26.05.2023.pdf
26.05.2023;957P;19682/2020;;ORDIN-957-P-26.05.2023.pdf
26.05.2023;957P;9712/2021;;ORDIN-957-P-26.05.2023.pdf
26.05.2023;957P;9717/2021;;ORDIN-957-P-26.05.2023.pdf
26.05.2023;957P;9712/2021;;ORDIN-957-P-26.05.2023.pdf
26.05.2023;957P;3112/2022;;ORDIN-957-P-26.05.2023.pdf
26.05.2023;957P;3089/2022;;ORDIN-957-P-26.05.2023.pdf
26.05.2023;957P;3092/2022;;ORDIN-957-P-26.05.2023.pdf
26.05.2023;957P;3108/2022;Copii minori: 3;ORDIN-957-P-26.05.2023.pdf
26.05.2023;957P;21942/2021;Copii minori: 2;ORDIN-957-P-26.05.2023.pdf
26.05.2023;957P;21326/2020;;ORDIN-957-P-26.05.2023.pdf
26.05.2023;957P;3103/2022;;ORDIN-957-P-26.05.2023.pdf
26.05.2023;957P;19098/2020;;ORDIN-957-P-26.05.2023.pdf
26.05.2023;957P;8744/2021;;ORDIN-957-P-26.05.2023.pdf
26.05.2023;957P;8044/2021;;ORDIN-957-P-26.05.2023.pdf
26.05.2023;957P;3094/2022;;ORDIN-957-P-26.05.2023.pdf
26.05.2023;957P;9777/2021;;ORDIN-957-P-26.05.2023.pdf
26.05.2023;957P;9777/2021;;ORDIN-957-P-26.05.2023.pdf
26.05.2023;957P;3107/2022;;ORDIN-957-P-26.05.2023.pdf
26.05.2023;957P;9781/2021;Copii minori: 1;ORDIN-957-P-26.05.2023.pdf
26.05.2023;957P;19511/2020;Copii minori: 2;ORDIN-957-P-26.05.2023.pdf
26.05.2023;957P;25362/2022;;ORDIN-957-P-26.05.2023.pdf
28.04.2023;771P;43856/2021;;Ordin-771-Art-10-108-pers-.pdf
28.04.2023;771P;12317/2021;;Ordin-771-Art-10-108-pers-.pdf
28.04.2023;771P;12324/2021;Copii minori: 1;Ordin-771-Art-10-108-pers-.pdf
28.04.2023;771P;2760/2020;;Ordin-771-Art-10-108-pers-.pdf
28.04.2023;771P;2660/2020;;Ordin-771-Art-10-108-pers-.pdf
28.04.2023;771P;17494/2020;;Ordin-771-Art-10-108-pers-.pdf
28.04.2023;771P;17487/2020;;Ordin-771-Art-10-108-pers-.pdf
28.04.2023;771P;3262/2020;;Ordin-771-Art-10-108-pers-.pdf
28.04.2023;771P;36611/2021;;Ordin-771-Art-10-108-pers-.pdf
28.04.2023;771P;36584/2021;;Ordin-771-Art-10-108-pers-.pdf
28.04.2023;771P;11290/2021;Copii minori: 1;Ordin-771-Art-10-108-pers-.pdf
28.04.2023;771P;18358/2020;Copii minori: 1;Ordin-771-Art-10-108-pers-.pdf
28.04.2023;771P;36944/2021;;Ordin-771-Art-10-108-pers-.pdf
28.04.2023;771P;3158/2022;;Ordin-771-Art-10-108-pers-.pdf
28.04.2023;771P;18847/2020;;Ordin-771-Art-10-108-pers-.pdf
28.04.2023;771P;36996/2021;;Ordin-771-Art-10-108-pers-.pdf
28.04.2023;771P;3147/2022;Copii minori: 2;Ordin-771-Art-10-108-pers-.pdf
28.04.2023;771P;13442/2021;Copii minori: 2;Ordin-771-Art-10-108-pers-.pdf
28.04.2023;771P;13436/2021;;Ordin-771-Art-10-108-pers-.pdf
28.04.2023;771P;11000/2021;;Ordin-771-Art-10-108-pers-.pdf
28.04.2023;771P;18244/2020;;Ordin-771-Art-10-108-pers-.pdf
28.04.2023;771P;18244/2020;Copii minori: 2;Ordin-771-Art-10-108-pers-.pdf
28.04.2023;771P;3294/2022;;Ordin-771-Art-10-108-pers-.pdf
28.04.2023;771P;3297/2022;;Ordin-771-Art-10-108-pers-.pdf
28.04.2023;771P;12943/2021;;Ordin-771-Art-10-108-pers-.pdf
28.04.2023;771P;12946/2021;;Ordin-771-Art-10-108-pers-.pdf
28.04.2023;771P;3261/2020;;Ordin-771-Art-10-108-pers-.pdf
28.04.2023;771P;12636/2021;;Ordin-771-Art-10-108-pers-.pdf
28.04.2023;771P;11363/2021;Copii minori: 2;Ordin-771-Art-10-108-pers-.pdf
28.04.2023;771P;10782/2021;;Ordin-771-Art-10-108-pers-.pdf
28.04.2023;771P;12046/2021;;Ordin-771-Art-10-108-pers-.pdf
28.04.2023;771P;3879/2020;;Ordin-771-Art-10-108-pers-.pdf
28.04.2023;771P;3875/2020;;Ordin-771-Art-10-108-pers-.pdf
28.04.2023;771P;3875/2020;;Ordin-771-Art-10-108-pers-.pdf
28.04.2023;771P;3885/2020;;Ordin-771-Art-10-108-pers-.pdf
28.04.2023;771P;18530/2020;;Ordin-771-Art-10-108-pers-.pdf
28.04.2023;771P;35933/2021;Copii minori: 3;Ordin-771-Art-10-108-pers-.pdf
28.04.2023;771P;43902/2021;Copii minori: 1;Ordin-771-Art-10-108-pers-.pdf
28.04.2023;771P;17674/2020;;Ordin-771-Art-10-108-pers-.pdf
28.04.2023;771P;17657/2020;;Ordin-771-Art-10-108-pers-.pdf
28.04.2023;771P;17732/2020;Copii minori: 2;Ordin-771-Art-10-108-pers-.pdf
28.04.2023;771P;3153/2022;;Ordin-771-Art-10-108-pers-.pdf
28.04.2023;771P;12646/2021;Copii minori: 2;Ordin-771-Art-10-108-pers-.pdf
28.04.2023;771P;11306/2021;;Ordin-771-Art-10-108-pers-.pdf
28.04.2023;771P;10782/2021;;Ordin-771-Art-10-108-pers-.pdf
28.04.2023;771P;12132/2021;;Ordin-771-Art-10-108-pers-.pdf
28.04.2023;771P;2569/2020;;Ordin-771-Art-10-108-pers-.pdf
28.04.2023;771P;17630/2020;Copii minori: 2;Ordin-771-Art-10-108-pers-.pdf
28.04.2023;771P;17636/2020;;Ordin-771-Art-10-108-pers-.pdf
28.04.2023;771P;17626/2020;;Ordin-771-Art-10-108-pers-.pdf
28.04.2023;771P;43904/2021;;Ordin-771-Art-10-108-pers-.pdf
28.04.2023;771P;37016/2021;;Ordin-771-Art-10-108-pers-.pdf
28.04.2023;771P;2638/2020;;Ordin-771-Art-10-108-pers-.pdf
28.04.2023;771P;2653/2020;;Ordin-771-Art-10-108-pers-.pdf
28.04.2023;771P;43863/2021;;Ordin-771-Art-10-108-pers-.pdf
28.04.2023;771P;43874/2021;;Ordin-771-Art-10-108-pers-.pdf
28.04.2023;771P;43906/2021;;Ordin-771-Art-10-108-pers-.pdf
28.04.2023;771P;43874/2021;;Ordin-771-Art-10-108-pers-.pdf
28.04.2023;771P;3151/2022;;Ordin-771-Art-10-108-pers-.pdf
28.04.2023;771P;17621/2020;;Ordin-771-Art-10-108-pers-.pdf
28.04.2023;771P;3162/2022;;Ordin-771-Art-10-108-pers-.pdf
28.04.2023;771P;3207/2022;;Ordin-771-Art-10-108-pers-.pdf
28.04.2023;771P;3236/2022;;Ordin-771-Art-10-108-pers-.pdf
28.04.2023;771P;3154/2022;;Ordin-771-Art-10-108-pers-.pdf
28.04.2023;771P;3044/2020;;Ordin-771-Art-10-108-pers-.pdf
28.04.2023;771P;12900/2021;;Ordin-771-Art-10-108-pers-.pdf
28.04.2023;771P;11236/2021;;Ordin-771-Art-10-108-pers-.pdf
28.04.2023;771P;10361/2021;;Ordin-771-Art-10-108-pers-.pdf
28.04.2023;771P;11363/2021;;Ordin-771-Art-10-108-pers-.pdf
28.04.2023;771P;3155/2022;;Ordin-771-Art-10-108-pers-.pdf
28.04.2023;771P;12975/2021;;Ordin-771-Art-10-108-pers-.pdf
28.04.2023;771P;12970/2021;;Ordin-771-Art-10-108-pers-.pdf
28.04.2023;771P;12962/2021;;Ordin-771-Art-10-108-pers-.pdf
28.04.2023;771P;43850/2021;;Ordin-771-Art-10-108-pers-.pdf
28.04.2023;771P;35928/2021;;Ordin-771-Art-10-108-pers-.pdf
28.04.2023;771P;2917/2020;;Ordin-771-Art-10-108-pers-.pdf
28.04.2023;771P;3149/2022;Copii minori: 1;Ordin-771-Art-10-108-pers-.pdf
28.04.2023;771P;43866/2021;;Ordin-771-Art-10-108-pers-.pdf
28.04.2023;771P;3288/2022;;Ordin-771-Art-10-108-pers-.pdf
28.04.2023;771P;3157/2022;Copii minori: 3;Ordin-771-Art-10-108-pers-.pdf
28.04.2023;771P;17583/2020;Copii minori: 1;Ordin-771-Art-10-108-pers-.pdf
28.04.2023;771P;43903/2021;;Ordin-771-Art-10-108-pers-.pdf
28.04.2023;771P;3240/2022;;Ordin-771-Art-10-108-pers-.pdf
28.04.2023;771P;10105/2021;;Ordin-771-Art-10-108-pers-.pdf
28.04.2023;771P;10105/2021;;Ordin-771-Art-10-108-pers-.pdf
28.04.2023;771P;10206/2021;Copii minori: 2;Ordin-771-Art-10-108-pers-.pdf
28.04.2023;771P;3156/2022;;Ordin-771-Art-10-108-pers-.pdf
28.04.2023;771P;3168/2022;Copii minori: 2;Ordin-771-Art-10-108-pers-.pdf
28.04.2023;771P;11371/2021;;Ordin-771-Art-10-108-pers-.pdf
28.04.2023;771P;13395/2021;Copii minori: 2;Ordin-771-Art-10-108-pers-.pdf
28.04.2023;771P;13393/2021;Copii minori: 2;Ordin-771-Art-10-108-pers-.pdf
28.04.2023;771P;13390/2021;;Ordin-771-Art-10-108-pers-.pdf
28.04.2023;771P;13433/2021;Copii minori: 3;Ordin-771-Art-10-108-pers-.pdf
28.04.2023;771P;11255/2021;;Ordin-771-Art-10-108-pers-.pdf
28.04.2023;771P;3910/2020;;Ordin-771-Art-10-108-pers-.pdf
28.04.2023;771P;12310/2021;;Ordin-771-Art-10-108-pers-.pdf
28.04.2023;771P;43854/2021;;Ordin-771-Art-10-108-pers-.pdf
28.04.2023;771P;43872/2021;;Ordin-771-Art-10-108-pers-.pdf
28.04.2023;771P;36549/2021;;Ordin-771-Art-10-108-pers-.pdf
28.04.2023;771P;36937/2021;;Ordin-771-Art-10-108-pers-.pdf
28.04.2023;771P;43878/2021;;Ordin-771-Art-10-108-pers-.pdf
28.04.2023;771P;43877/2021;;Ordin-771-Art-10-108-pers-.pdf
28.04.2023;771P;43898/2021;;Ordin-771-Art-10-108-pers-.pdf
28.04.2023;771P;43865/2021;Copii minori: 3;Ordin-771-Art-10-108-pers-.pdf
28.04.2023;771P;43895/2021;;Ordin-771-Art-10-108-pers-.pdf
28.04.2023;771P;43891/2021;;Ordin-771-Art-10-108-pers-.pdf
28.04.2023;771P;43870/2021;;Ordin-771-Art-10-108-pers-.pdf
28.04.2023;771P;43865/2021;;Ordin-771-Art-10-108-pers-.pdf
20.04.2023;721P;45600/2021;;Ordin-nr.-721-din-20.04.2023.pdf
20.04.2023;721P;45633/2021;Copii minori: 2;Ordin-nr.-721-din-20.04.2023.pdf
20.04.2023;721P;45603/2021;Copii minori: 1;Ordin-nr.-721-din-20.04.2023.pdf
20.04.2023;721P;45603/2021;;Ordin-nr.-721-din-20.04.2023.pdf
20.04.2023;721P;45604/2021;;Ordin-nr.-721-din-20.04.2023.pdf
20.04.2023;721P;45601/2021;;Ordin-nr.-721-din-20.04.2023.pdf
20.04.2023;721P;45599/2021;;Ordin-nr.-721-din-20.04.2023.pdf
20.04.2023;721P;40079/2021;Copii minori: 1;Ordin-nr.-721-din-20.04.2023.pdf
20.04.2023;721P;1741/2021;Copii minori: 1;Ordin-nr.-721-din-20.04.2023.pdf
20.04.2023;721P;45818/2021;;Ordin-nr.-721-din-20.04.2023.pdf
20.04.2023;721P;16894/2018;Copii minori: 2;Ordin-nr.-721-din-20.04.2023.pdf
20.04.2023;721P;45598/2021;Copii minori: 3;Ordin-nr.-721-din-20.04.2023.pdf
20.04.2023;721P;45597/2021;Copii minori: 1;Ordin-nr.-721-din-20.04.2023.pdf
20.04.2023;721P;9799/2021;;Ordin-nr.-721-din-20.04.2023.pdf
20.04.2023;721P;45602/2021;;Ordin-nr.-721-din-20.04.2023.pdf
20.04.2023;721P;45605/2021;;Ordin-nr.-721-din-20.04.2023.pdf
20.04.2023;721P;45569/2021;Copii minori: 1;Ordin-nr.-721-din-20.04.2023.pdf
20.04.2023;721P;45592/2021;;Ordin-nr.-721-din-20.04.2023.pdf
20.04.2023;721P;45676/2021;Copii minori: 2;Ordin-nr.-721-din-20.04.2023.pdf
20.04.2023;721P;45607/2021;Copii minori: 2;Ordin-nr.-721-din-20.04.2023.pdf
20.04.2023;721P;45638/2021;;Ordin-nr.-721-din-20.04.2023.pdf
20.04.2023;721P;45606/2021;Copii minori: 1;Ordin-nr.-721-din-20.04.2023.pdf
20.04.2023;721P;31620/2021;Copii minori: 2;Ordin-nr.-721-din-20.04.2023.pdf
20.04.2023;721P;24765/2020;;Ordin-nr.-721-din-20.04.2023.pdf
20.04.2023;721P;20084/2022;;Ordin-nr.-721-din-20.04.2023.pdf
11.04.2023;678P;22581/2020;;ORDIN-678P-ART-10-31-pers.pdf
11.04.2023;678P;22580/2020;;ORDIN-678P-ART-10-31-pers.pdf
11.04.2023;678P;22545/2020;;ORDIN-678P-ART-10-31-pers.pdf
11.04.2023;678P;23907/2019;;ORDIN-678P-ART-10-31-pers.pdf
11.04.2023;678P;23907/2019;;ORDIN-678P-ART-10-31-pers.pdf
11.04.2023;678P;11546/2020;;ORDIN-678P-ART-10-31-pers.pdf
11.04.2023;678P;22548/2020;;ORDIN-678P-ART-10-31-pers.pdf
11.04.2023;678P;4821/2021;;ORDIN-678P-ART-10-31-pers.pdf
11.04.2023;678P;22547/2020;;ORDIN-678P-ART-10-31-pers.pdf
11.04.2023;678P;22549/2020;;ORDIN-678P-ART-10-31-pers.pdf
11.04.2023;678P;102741/2019;;ORDIN-678P-ART-10-31-pers.pdf
11.04.2023;678P;22555/2020;Copii minori: 2;ORDIN-678P-ART-10-31-pers.pdf
11.04.2023;678P;12822/2020;;ORDIN-678P-ART-10-31-pers.pdf
11.04.2023;678P;12822/2020;Copii minori: 2;ORDIN-678P-ART-10-31-pers.pdf
11.04.2023;678P;22552/2020;;ORDIN-678P-ART-10-31-pers.pdf
11.04.2023;678P;11548/2020;Copii minori: 1;ORDIN-678P-ART-10-31-pers.pdf
11.04.2023;678P;19522/2020;Copii minori: 2;ORDIN-678P-ART-10-31-pers.pdf
11.04.2023;678P;22543/2020;Copii minori: 1;ORDIN-678P-ART-10-31-pers.pdf
11.04.2023;678P;22542/2020;;ORDIN-678P-ART-10-31-pers.pdf
11.04.2023;678P;22541/2020;;ORDIN-678P-ART-10-31-pers.pdf
11.04.2023;678P;22551/2020;Copii minori: 1;ORDIN-678P-ART-10-31-pers.pdf
11.04.2023;678P;22538/2020;;ORDIN-678P-ART-10-31-pers.pdf
11.04.2023;678P;22539/2020;;ORDIN-678P-ART-10-31-pers.pdf
11.04.2023;678P;22677/2020;;ORDIN-678P-ART-10-31-pers.pdf
11.04.2023;678P;22550/2020;;ORDIN-678P-ART-10-31-pers.pdf
11.04.2023;678P;31111/2021;;ORDIN-678P-ART-10-31-pers.pdf
11.04.2023;678P;22553/2020;Copii minori: 3;ORDIN-678P-ART-10-31-pers.pdf
11.04.2023;678P;22554/2020;;ORDIN-678P-ART-10-31-pers.pdf
11.04.2023;678P;22682/2020;;ORDIN-678P-ART-10-31-pers.pdf
11.04.2023;678P;22544/2020;Copii minori: 1;ORDIN-678P-ART-10-31-pers.pdf
11.04.2023;678P;13831/2020;;ORDIN-678P-ART-10-31-pers.pdf
06.04.2023;614P;9776/2021;;Ordin-614-Art-10-66-pers.pdf
06.04.2023;614P;38232/2019;Copii minori: 2;Ordin-614-Art-10-66-pers.pdf
06.04.2023;614P;9778/2021;;Ordin-614-Art-10-66-pers.pdf
06.04.2023;614P;9756/2021;;Ordin-614-Art-10-66-pers.pdf
06.04.2023;614P;1752/2021;Copii minori: 2;Ordin-614-Art-10-66-pers.pdf
06.04.2023;614P;31063/2021;;Ordin-614-Art-10-66-pers.pdf
06.04.2023;614P;31079/2021;;Ordin-614-Art-10-66-pers.pdf
06.04.2023;614P;9758/2021;;Ordin-614-Art-10-66-pers.pdf
06.04.2023;614P;9755/2021;;Ordin-614-Art-10-66-pers.pdf
06.04.2023;614P;9754/2021;Copii minori: 1;Ordin-614-Art-10-66-pers.pdf
06.04.2023;614P;9764/2021;;Ordin-614-Art-10-66-pers.pdf
06.04.2023;614P;31080/2021;;Ordin-614-Art-10-66-pers.pdf
06.04.2023;614P;31073/2021;;Ordin-614-Art-10-66-pers.pdf
06.04.2023;614P;31080/2021;;Ordin-614-Art-10-66-pers.pdf
06.04.2023;614P;9759/2021;;Ordin-614-Art-10-66-pers.pdf
06.04.2023;614P;31069/2021;Copii minori: 2;Ordin-614-Art-10-66-pers.pdf
06.04.2023;614P;31050/2021;Copii minori: 2;Ordin-614-Art-10-66-pers.pdf
06.04.2023;614P;1756/2021;;Ordin-614-Art-10-66-pers.pdf
06.04.2023;614P;31052/2021;;Ordin-614-Art-10-66-pers.pdf
06.04.2023;614P;9773/2021;;Ordin-614-Art-10-66-pers.pdf
06.04.2023;614P;9757/2021;;Ordin-614-Art-10-66-pers.pdf
06.04.2023;614P;9782/2021;;Ordin-614-Art-10-66-pers.pdf
06.04.2023;614P;9774/2021;;Ordin-614-Art-10-66-pers.pdf
06.04.2023;614P;9768/2021;Copii minori: 3;Ordin-614-Art-10-66-pers.pdf
06.04.2023;614P;31054/2021;Copii minori: 1;Ordin-614-Art-10-66-pers.pdf
06.04.2023;614P;31047/2021;;Ordin-614-Art-10-66-pers.pdf
06.04.2023;614P;9772/2021;;Ordin-614-Art-10-66-pers.pdf
06.04.2023;614P;9765/2021;;Ordin-614-Art-10-66-pers.pdf
06.04.2023;614P;9769/2021;;Ordin-614-Art-10-66-pers.pdf
06.04.2023;614P;1750/2021;;Ordin-614-Art-10-66-pers.pdf
06.04.2023;614P;31051/2021;;Ordin-614-Art-10-66-pers.pdf
06.04.2023;614P;31075/2021;;Ordin-614-Art-10-66-pers.pdf
06.04.2023;614P;31078/2021;;Ordin-614-Art-10-66-pers.pdf
06.04.2023;614P;40077/2021;Copii minori: 2;Ordin-614-Art-10-66-pers.pdf
06.04.2023;614P;1768/2021;Copii minori: 1;Ordin-614-Art-10-66-pers.pdf
06.04.2023;614P;31071/2021;;Ordin-614-Art-10-66-pers.pdf
06.04.2023;614P;9753/2021;;Ordin-614-Art-10-66-pers.pdf
06.04.2023;614P;31057/2021;Copii minori: 2;Ordin-614-Art-10-66-pers.pdf
06.04.2023;614P;9770/2021;;Ordin-614-Art-10-66-pers.pdf
06.04.2023;614P;9760/2021;;Ordin-614-Art-10-66-pers.pdf
06.04.2023;614P;31058/2021;;Ordin-614-Art-10-66-pers.pdf
06.04.2023;614P;31070/2021;;Ordin-614-Art-10-66-pers.pdf
06.04.2023;614P;31056/2021;;Ordin-614-Art-10-66-pers.pdf
06.04.2023;614P;31053/2021;;Ordin-614-Art-10-66-pers.pdf
06.04.2023;614P;31066/2021;;Ordin-614-Art-10-66-pers.pdf
06.04.2023;614P;31055/2021;;Ordin-614-Art-10-66-pers.pdf
06.04.2023;614P;9779/2021;;Ordin-614-Art-10-66-pers.pdf
06.04.2023;614P;31062/2021;;Ordin-614-Art-10-66-pers.pdf
06.04.2023;614P;31067/2021;;Ordin-614-Art-10-66-pers.pdf
06.04.2023;614P;31077/2021;Copii minori: 1;Ordin-614-Art-10-66-pers.pdf
06.04.2023;614P;9761/2021;;Ordin-614-Art-10-66-pers.pdf
06.04.2023;614P;40097/2021;;Ordin-614-Art-10-66-pers.pdf
06.04.2023;614P;31049/2021;;Ordin-614-Art-10-66-pers.pdf
06.04.2023;614P;91618/2019;;Ordin-614-Art-10-66-pers.pdf
06.04.2023;614P;100705/2019;;Ordin-614-Art-10-66-pers.pdf
06.04.2023;614P;31074/2021;;Ordin-614-Art-10-66-pers.pdf
06.04.2023;614P;31061/2021;;Ordin-614-Art-10-66-pers.pdf
06.04.2023;614P;96870/2019;;Ordin-614-Art-10-66-pers.pdf
06.04.2023;614P;1747/2021;Copii minori: 1;Ordin-614-Art-10-66-pers.pdf
06.04.2023;614P;31059/2021;;Ordin-614-Art-10-66-pers.pdf
06.04.2023;614P;17965/2019;;Ordin-614-Art-10-66-pers.pdf
06.04.2023;614P;17959/2019;;Ordin-614-Art-10-66-pers.pdf
06.04.2023;614P;1761/2021;Copii minori: 1;Ordin-614-Art-10-66-pers.pdf
06.04.2023;614P;40105/2021;;Ordin-614-Art-10-66-pers.pdf
06.04.2023;614P;1766/2021;;Ordin-614-Art-10-66-pers.pdf
06.04.2023;614P;1766/2021;;Ordin-614-Art-10-66-pers.pdf
20.03.2023;468P;18958/2021;;Ordin-468P-Art.-10-132-persoane.pdf
20.03.2023;468P;9813/2021;;Ordin-468P-Art.-10-132-persoane.pdf
20.03.2023;468P;951/2021;;Ordin-468P-Art.-10-132-persoane.pdf
20.03.2023;468P;950/2021;Copii minori: 2;Ordin-468P-Art.-10-132-persoane.pdf
20.03.2023;468P;11551/2020;Copii minori: 2;Ordin-468P-Art.-10-132-persoane.pdf
20.03.2023;468P;19456/2020;Copii minori: 1;Ordin-468P-Art.-10-132-persoane.pdf
20.03.2023;468P;3154/2021;;Ordin-468P-Art.-10-132-persoane.pdf
20.03.2023;468P;22029/2020;;Ordin-468P-Art.-10-132-persoane.pdf
20.03.2023;468P;3166/2021;;Ordin-468P-Art.-10-132-persoane.pdf
20.03.2023;468P;3170/2021;Copii minori: 1;Ordin-468P-Art.-10-132-persoane.pdf
20.03.2023;468P;3161/2021;;Ordin-468P-Art.-10-132-persoane.pdf
20.03.2023;468P;91483/2019;Copii minori: 1;Ordin-468P-Art.-10-132-persoane.pdf
20.03.2023;468P;3159/2021;Copii minori: 2;Ordin-468P-Art.-10-132-persoane.pdf
20.03.2023;468P;19464/2020;;Ordin-468P-Art.-10-132-persoane.pdf
20.03.2023;468P;19463/2020;Copii minori: 1;Ordin-468P-Art.-10-132-persoane.pdf
20.03.2023;468P;19463/2020;;Ordin-468P-Art.-10-132-persoane.pdf
20.03.2023;468P;19455/2020;;Ordin-468P-Art.-10-132-persoane.pdf
20.03.2023;468P;19469/2020;;Ordin-468P-Art.-10-132-persoane.pdf
20.03.2023;468P;3157/2021;;Ordin-468P-Art.-10-132-persoane.pdf
20.03.2023;468P;22024/2020;Copii minori: 1;Ordin-468P-Art.-10-132-persoane.pdf
20.03.2023;468P;9766/2021;;Ordin-468P-Art.-10-132-persoane.pdf
20.03.2023;468P;22028/2020;;Ordin-468P-Art.-10-132-persoane.pdf
20.03.2023;468P;22028/2020;;Ordin-468P-Art.-10-132-persoane.pdf
20.03.2023;468P;4489/2021;Copii minori: 1;Ordin-468P-Art.-10-132-persoane.pdf
20.03.2023;468P;3164/2021;Copii minori: 1;Ordin-468P-Art.-10-132-persoane.pdf
20.03.2023;468P;9788/2021;Copii minori: 2;Ordin-468P-Art.-10-132-persoane.pdf
20.03.2023;468P;22025/2020;;Ordin-468P-Art.-10-132-persoane.pdf
20.03.2023;468P;43927/2021;Copii minori: 2;Ordin-468P-Art.-10-132-persoane.pdf
20.03.2023;468P;9804/2021;;Ordin-468P-Art.-10-132-persoane.pdf
20.03.2023;468P;9789/2021;;Ordin-468P-Art.-10-132-persoane.pdf
20.03.2023;468P;19466/2020;Copii minori: 1;Ordin-468P-Art.-10-132-persoane.pdf
20.03.2023;468P;22017/2020;;Ordin-468P-Art.-10-132-persoane.pdf
20.03.2023;468P;22019/2020;;Ordin-468P-Art.-10-132-persoane.pdf
20.03.2023;468P;22020/2020;Copii minori: 1;Ordin-468P-Art.-10-132-persoane.pdf
20.03.2023;468P;91820/2019;;Ordin-468P-Art.-10-132-persoane.pdf
20.03.2023;468P;91820/2019;Copii minori: 1;Ordin-468P-Art.-10-132-persoane.pdf
20.03.2023;468P;3155/2021;;Ordin-468P-Art.-10-132-persoane.pdf
20.03.2023;468P;3172/2021;;Ordin-468P-Art.-10-132-persoane.pdf
20.03.2023;468P;878/2021;Copii minori: 1;Ordin-468P-Art.-10-132-persoane.pdf
20.03.2023;468P;879/2021;;Ordin-468P-Art.-10-132-persoane.pdf
20.03.2023;468P;19459/2020;;Ordin-468P-Art.-10-132-persoane.pdf
20.03.2023;468P;9808/2021;;Ordin-468P-Art.-10-132-persoane.pdf
20.03.2023;468P;9795/2021;Copii minori: 2;Ordin-468P-Art.-10-132-persoane.pdf
20.03.2023;468P;3158/2021;;Ordin-468P-Art.-10-132-persoane.pdf
20.03.2023;468P;9780/2021;;Ordin-468P-Art.-10-132-persoane.pdf
20.03.2023;468P;9780/2021;Copii minori: 3;Ordin-468P-Art.-10-132-persoane.pdf
20.03.2023;468P;888/2021;;Ordin-468P-Art.-10-132-persoane.pdf
20.03.2023;468P;9783/2021;;Ordin-468P-Art.-10-132-persoane.pdf
20.03.2023;468P;9783/2021;Copii minori: 2;Ordin-468P-Art.-10-132-persoane.pdf
20.03.2023;468P;9800/2021;;Ordin-468P-Art.-10-132-persoane.pdf
20.03.2023;468P;9801/2021;;Ordin-468P-Art.-10-132-persoane.pdf
20.03.2023;468P;1687/2021;Copii minori: 1;Ordin-468P-Art.-10-132-persoane.pdf
20.03.2023;468P;1049/2020;Copii minori: 2;Ordin-468P-Art.-10-132-persoane.pdf
20.03.2023;468P;22034/2020;Copii minori: 2;Ordin-468P-Art.-10-132-persoane.pdf
20.03.2023;468P;19462/2020;;Ordin-468P-Art.-10-132-persoane.pdf
20.03.2023;468P;9793/2021;;Ordin-468P-Art.-10-132-persoane.pdf
20.03.2023;468P;19461/2020;Copii minori: 2;Ordin-468P-Art.-10-132-persoane.pdf
20.03.2023;468P;9791/2021;;Ordin-468P-Art.-10-132-persoane.pdf
20.03.2023;468P;697/2021;;Ordin-468P-Art.-10-132-persoane.pdf
20.03.2023;468P;22035/2020;;Ordin-468P-Art.-10-132-persoane.pdf
20.03.2023;468P;23169/2020;;Ordin-468P-Art.-10-132-persoane.pdf
20.03.2023;468P;9814/2021;Copii minori: 2;Ordin-468P-Art.-10-132-persoane.pdf
20.03.2023;468P;9805/2021;Copii minori: 2;Ordin-468P-Art.-10-132-persoane.pdf
20.03.2023;468P;22027/2020;;Ordin-468P-Art.-10-132-persoane.pdf
20.03.2023;468P;11498/2020;;Ordin-468P-Art.-10-132-persoane.pdf
20.03.2023;468P;81364/2018;Copii minori: 2;Ordin-468P-Art.-10-132-persoane.pdf
20.03.2023;468P;19474/2020;;Ordin-468P-Art.-10-132-persoane.pdf
20.03.2023;468P;22030/2020;;Ordin-468P-Art.-10-132-persoane.pdf
20.03.2023;468P;22034/2020;;Ordin-468P-Art.-10-132-persoane.pdf
20.03.2023;468P;94977/2019;;Ordin-468P-Art.-10-132-persoane.pdf
20.03.2023;468P;9809/2021;Copii minori: 1;Ordin-468P-Art.-10-132-persoane.pdf
20.03.2023;468P;11461/2020;;Ordin-468P-Art.-10-132-persoane.pdf
20.03.2023;468P;887/2021;Copii minori: 2;Ordin-468P-Art.-10-132-persoane.pdf
20.03.2023;468P;9784/2021;;Ordin-468P-Art.-10-132-persoane.pdf
20.03.2023;468P;19475/2020;;Ordin-468P-Art.-10-132-persoane.pdf
20.03.2023;468P;19475/2020;;Ordin-468P-Art.-10-132-persoane.pdf
20.03.2023;468P;3165/2021;Copii minori: 3;Ordin-468P-Art.-10-132-persoane.pdf
20.03.2023;468P;19460/2020;;Ordin-468P-Art.-10-132-persoane.pdf
20.03.2023;468P;3168/2021;;Ordin-468P-Art.-10-132-persoane.pdf
20.03.2023;468P;22018/2020;Copii minori: 1;Ordin-468P-Art.-10-132-persoane.pdf
20.03.2023;468P;23211/2020;;Ordin-468P-Art.-10-132-persoane.pdf
20.03.2023;468P;9790/2021;Copii minori: 1;Ordin-468P-Art.-10-132-persoane.pdf
20.03.2023;468P;19467/2020;Copii minori: 1;Ordin-468P-Art.-10-132-persoane.pdf
20.03.2023;468P;19465/2020;;Ordin-468P-Art.-10-132-persoane.pdf
20.03.2023;468P;19473/2020;;Ordin-468P-Art.-10-132-persoane.pdf
20.03.2023;468P;3156/2021;;Ordin-468P-Art.-10-132-persoane.pdf
20.03.2023;468P;9803/2021;;Ordin-468P-Art.-10-132-persoane.pdf
20.03.2023;468P;19099/2020;;Ordin-468P-Art.-10-132-persoane.pdf
20.03.2023;468P;22022/2020;;Ordin-468P-Art.-10-132-persoane.pdf
20.03.2023;468P;19470/2020;;Ordin-468P-Art.-10-132-persoane.pdf
20.03.2023;468P;917/2021;;Ordin-468P-Art.-10-132-persoane.pdf
20.03.2023;468P;906/2021;;Ordin-468P-Art.-10-132-persoane.pdf
20.03.2023;468P;56137/2018;;Ordin-468P-Art.-10-132-persoane.pdf
20.03.2023;468P;9811/2021;;Ordin-468P-Art.-10-132-persoane.pdf
20.03.2023;468P;9812/2021;Copii minori: 2;Ordin-468P-Art.-10-132-persoane.pdf
20.03.2023;468P;19458/2020;Copii minori: 2;Ordin-468P-Art.-10-132-persoane.pdf
20.03.2023;468P;3163/2021;Copii minori: 1;Ordin-468P-Art.-10-132-persoane.pdf
20.03.2023;468P;80290/2017;;Ordin-468P-Art.-10-132-persoane.pdf
20.03.2023;468P;19471/2020;;Ordin-468P-Art.-10-132-persoane.pdf
20.03.2023;468P;22023/2020;;Ordin-468P-Art.-10-132-persoane.pdf
20.03.2023;468P;22021/2020;;Ordin-468P-Art.-10-132-persoane.pdf
20.03.2023;468P;9801/2021;;Ordin-468P-Art.-10-132-persoane.pdf
20.03.2023;468P;3171/2021;;Ordin-468P-Art.-10-132-persoane.pdf
20.03.2023;468P;3167/2021;;Ordin-468P-Art.-10-132-persoane.pdf
20.03.2023;468P;9797/2021;;Ordin-468P-Art.-10-132-persoane.pdf
20.03.2023;468P;70200/2019;;Ordin-468P-Art.-10-132-persoane.pdf
20.03.2023;468P;3153/2021;;Ordin-468P-Art.-10-132-persoane.pdf
20.03.2023;468P;3160/2021;;Ordin-468P-Art.-10-132-persoane.pdf
20.03.2023;468P;1103/2021;;Ordin-468P-Art.-10-132-persoane.pdf
20.03.2023;468P;22031/2020;;Ordin-468P-Art.-10-132-persoane.pdf
20.03.2023;468P;22031/2020;;Ordin-468P-Art.-10-132-persoane.pdf
20.03.2023;468P;22033/2020;;Ordin-468P-Art.-10-132-persoane.pdf
20.03.2023;468P;22036/2020;;Ordin-468P-Art.-10-132-persoane.pdf
20.03.2023;468P;19429/2020;;Ordin-468P-Art.-10-132-persoane.pdf
20.03.2023;468P;1269/2021;;Ordin-468P-Art.-10-132-persoane.pdf
20.03.2023;468P;23261/2020;;Ordin-468P-Art.-10-132-persoane.pdf
20.03.2023;468P;22032/2020;;Ordin-468P-Art.-10-132-persoane.pdf
20.03.2023;468P;881/2021;Copii minori: 2;Ordin-468P-Art.-10-132-persoane.pdf
20.03.2023;468P;19468/2020;;Ordin-468P-Art.-10-132-persoane.pdf
20.03.2023;468P;19468/2020;;Ordin-468P-Art.-10-132-persoane.pdf
20.03.2023;468P;22026/2020;;Ordin-468P-Art.-10-132-persoane.pdf
20.03.2023;468P;3169/2021;;Ordin-468P-Art.-10-132-persoane.pdf
20.03.2023;468P;3162/2021;;Ordin-468P-Art.-10-132-persoane.pdf
20.03.2023;468P;1737/2021;;Ordin-468P-Art.-10-132-persoane.pdf
20.03.2023;468P;23226/2020;;Ordin-468P-Art.-10-132-persoane.pdf
20.03.2023;468P;9562/2020;Copii minori: 3;Ordin-468P-Art.-10-132-persoane.pdf
20.03.2023;468P;9810/2021;Copii minori: 2;Ordin-468P-Art.-10-132-persoane.pdf
20.03.2023;468P;9796/2021;;Ordin-468P-Art.-10-132-persoane.pdf
20.03.2023;468P;9787/2021;;Ordin-468P-Art.-10-132-persoane.pdf
20.03.2023;468P;9787/2021;Copii minori: 1;Ordin-468P-Art.-10-132-persoane.pdf
20.03.2023;468P;1057/2021;;Ordin-468P-Art.-10-132-persoane.pdf
20.03.2023;468P;9792/2021;Copii minori: 1;Ordin-468P-Art.-10-132-persoane.pdf
07.02.2023;191P;24254/2020;;Ordin-191-art-10-50-pers.pdf
07.02.2023;191P;24254/2020;;Ordin-191-art-10-50-pers.pdf
07.02.2023;191P;24919/2020;;Ordin-191-art-10-50-pers.pdf
07.02.2023;191P;24914/2020;;Ordin-191-art-10-50-pers.pdf
07.02.2023;191P;22013/2020;;Ordin-191-art-10-50-pers.pdf
07.02.2023;191P;21899/2020;;Ordin-191-art-10-50-pers.pdf
07.02.2023;191P;22001/2020;;Ordin-191-art-10-50-pers.pdf
07.02.2023;191P;24913/2020;;Ordin-191-art-10-50-pers.pdf
07.02.2023;191P;24912/2020;Copii minori: 2;Ordin-191-art-10-50-pers.pdf
07.02.2023;191P;24915/2020;;Ordin-191-art-10-50-pers.pdf
07.02.2023;191P;24909/2020;;Ordin-191-art-10-50-pers.pdf
07.02.2023;191P;22011/2020;;Ordin-191-art-10-50-pers.pdf
07.02.2023;191P;22002/2020;;Ordin-191-art-10-50-pers.pdf
07.02.2023;191P;22003/2020;;Ordin-191-art-10-50-pers.pdf
07.02.2023;191P;25652/2020;;Ordin-191-art-10-50-pers.pdf
07.02.2023;191P;18853/2020;;Ordin-191-art-10-50-pers.pdf
07.02.2023;191P;22004/2020;;Ordin-191-art-10-50-pers.pdf
07.02.2023;191P;22012/2020;;Ordin-191-art-10-50-pers.pdf
07.02.2023;191P;22012/2020;;Ordin-191-art-10-50-pers.pdf
07.02.2023;191P;18973/2020;;Ordin-191-art-10-50-pers.pdf
07.02.2023;191P;22015/2020;;Ordin-191-art-10-50-pers.pdf
07.02.2023;191P;25654/2020;;Ordin-191-art-10-50-pers.pdf
07.02.2023;191P;21662/2020;Copii minori: 1;Ordin-191-art-10-50-pers.pdf
07.02.2023;191P;18876/2020;;Ordin-191-art-10-50-pers.pdf
07.02.2023;191P;22006/2020;Copii minori: 2;Ordin-191-art-10-50-pers.pdf
07.02.2023;191P;18864/2020;Copii minori: 1;Ordin-191-art-10-50-pers.pdf
07.02.2023;191P;18867/2020;;Ordin-191-art-10-50-pers.pdf
07.02.2023;191P;18851/2020;;Ordin-191-art-10-50-pers.pdf
07.02.2023;191P;18849/2020;;Ordin-191-art-10-50-pers.pdf
07.02.2023;191P;18877/2020;;Ordin-191-art-10-50-pers.pdf
07.02.2023;191P;18850/2020;;Ordin-191-art-10-50-pers.pdf
07.02.2023;191P;18863/2020;Copii minori: 1;Ordin-191-art-10-50-pers.pdf
07.02.2023;191P;18868/2020;Copii minori: 1;Ordin-191-art-10-50-pers.pdf
07.02.2023;191P;18823/2020;Copii minori: 2;Ordin-191-art-10-50-pers.pdf
07.02.2023;191P;18849/2020;Copii minori: 1;Ordin-191-art-10-50-pers.pdf
07.02.2023;191P;18845/2020;;Ordin-191-art-10-50-pers.pdf
07.02.2023;191P;22009/2020;;Ordin-191-art-10-50-pers.pdf
07.02.2023;191P;22000/2020;;Ordin-191-art-10-50-pers.pdf
07.02.2023;191P;21999/2020;;Ordin-191-art-10-50-pers.pdf
07.02.2023;191P;22016/2020;;Ordin-191-art-10-50-pers.pdf
07.02.2023;191P;24921/2020;;Ordin-191-art-10-50-pers.pdf
07.02.2023;191P;22007/2020;Copii minori: 3;Ordin-191-art-10-50-pers.pdf
07.02.2023;191P;22010/2020;;Ordin-191-art-10-50-pers.pdf
07.02.2023;191P;18976/2020;;Ordin-191-art-10-50-pers.pdf
07.02.2023;191P;22014/2020;Copii minori: 1;Ordin-191-art-10-50-pers.pdf
07.02.2023;191P;24910/2020;;Ordin-191-art-10-50-pers.pdf
07.02.2023;191P;22008/2020;;Ordin-191-art-10-50-pers.pdf
07.02.2023;191P;18962/2020;Copii minori: 1;Ordin-191-art-10-50-pers.pdf
07.02.2023;191P;21843/2020;;Ordin-191-art-10-50-pers.pdf
07.02.2023;191P;8930/2021;;Ordin-191-art-10-50-pers.pdf
26.01.2023;105P;6531/2021;;Ordin-105-art-10-23-pers-.pdf
26.01.2023;105P;75131/2019;;Ordin-105-art-10-23-pers-.pdf
26.01.2023;105P;6522/2021;;Ordin-105-art-10-23-pers-.pdf
26.01.2023;105P;91767/2019;;Ordin-105-art-10-23-pers-.pdf
26.01.2023;105P;6538/2021;Copii minori: 1;Ordin-105-art-10-23-pers-.pdf
26.01.2023;105P;9763/2020;;Ordin-105-art-10-23-pers-.pdf
26.01.2023;105P;6528/2021;;Ordin-105-art-10-23-pers-.pdf
26.01.2023;105P;6524/2021;;Ordin-105-art-10-23-pers-.pdf
26.01.2023;105P;6532/2021;;Ordin-105-art-10-23-pers-.pdf
26.01.2023;105P;6533/2021;Copii minori: 2;Ordin-105-art-10-23-pers-.pdf
26.01.2023;105P;8733/2020;Copii minori: 2;Ordin-105-art-10-23-pers-.pdf
26.01.2023;105P;6535/2021;Copii minori: 2;Ordin-105-art-10-23-pers-.pdf
26.01.2023;105P;6534/2021;;Ordin-105-art-10-23-pers-.pdf
26.01.2023;105P;6537/2021;;Ordin-105-art-10-23-pers-.pdf
26.01.2023;105P;6524/2021;;Ordin-105-art-10-23-pers-.pdf
26.01.2023;105P;6523/2021;;Ordin-105-art-10-23-pers-.pdf
26.01.2023;105P;6526/2021;;Ordin-105-art-10-23-pers-.pdf
26.01.2023;105P;6527/2021;;Ordin-105-art-10-23-pers-.pdf
26.01.2023;105P;6520/2021;;Ordin-105-art-10-23-pers-.pdf
26.01.2023;105P;51852/2018;;Ordin-105-art-10-23-pers-.pdf
26.01.2023;105P;6529/2021;Copii minori: 3;Ordin-105-art-10-23-pers-.pdf
26.01.2023;105P;21468/2020;;Ordin-105-art-10-23-pers-.pdf
26.01.2023;105P;6519/2021;;Ordin-105-art-10-23-pers-.pdf
20.01.2023;68P;6516/2021;;Ordin-68-Art-10-40-persoane.pdf
20.01.2023;68P;6509/2021;;Ordin-68-Art-10-40-persoane.pdf
20.01.2023;68P;82991/2019;Copii minori: 2;Ordin-68-Art-10-40-persoane.pdf
20.01.2023;68P;6518/2021;;Ordin-68-Art-10-40-persoane.pdf
20.01.2023;68P;2047/2020;;Ordin-68-Art-10-40-persoane.pdf
20.01.2023;68P;6507/2021;Copii minori: 2;Ordin-68-Art-10-40-persoane.pdf
20.01.2023;68P;9771/2021;;Ordin-68-Art-10-40-persoane.pdf
20.01.2023;68P;9775/2021;;Ordin-68-Art-10-40-persoane.pdf
20.01.2023;68P;19520/2020;;Ordin-68-Art-10-40-persoane.pdf
20.01.2023;68P;6512/2021;;Ordin-68-Art-10-40-persoane.pdf
20.01.2023;68P;6506/2021;;Ordin-68-Art-10-40-persoane.pdf
20.01.2023;68P;19520/2020;;Ordin-68-Art-10-40-persoane.pdf
20.01.2023;68P;92460/2019;;Ordin-68-Art-10-40-persoane.pdf
20.01.2023;68P;91761/2019;;Ordin-68-Art-10-40-persoane.pdf
20.01.2023;68P;91730/2019;;Ordin-68-Art-10-40-persoane.pdf
20.01.2023;68P;6514/2021;;Ordin-68-Art-10-40-persoane.pdf
20.01.2023;68P;91722/2019;Copii minori: 1;Ordin-68-Art-10-40-persoane.pdf
20.01.2023;68P;40101/2021;;Ordin-68-Art-10-40-persoane.pdf
20.01.2023;68P;6505/2021;;Ordin-68-Art-10-40-persoane.pdf
20.01.2023;68P;6498/2021;;Ordin-68-Art-10-40-persoane.pdf
20.01.2023;68P;6511/2021;;Ordin-68-Art-10-40-persoane.pdf
20.01.2023;68P;6510/2021;;Ordin-68-Art-10-40-persoane.pdf
20.01.2023;68P;56906/2019;;Ordin-68-Art-10-40-persoane.pdf
20.01.2023;68P;92269/2019;;Ordin-68-Art-10-40-persoane.pdf
20.01.2023;68P;6503/2021;;Ordin-68-Art-10-40-persoane.pdf
20.01.2023;68P;6501/2021;;Ordin-68-Art-10-40-persoane.pdf
20.01.2023;68P;6515/2021;;Ordin-68-Art-10-40-persoane.pdf
20.01.2023;68P;6504/2021;;Ordin-68-Art-10-40-persoane.pdf
20.01.2023;68P;6500/2021;Copii minori: 2;Ordin-68-Art-10-40-persoane.pdf
20.01.2023;68P;6517/2021;;Ordin-68-Art-10-40-persoane.pdf
20.01.2023;68P;20741/2020;;Ordin-68-Art-10-40-persoane.pdf
20.01.2023;68P;21460/2020;;Ordin-68-Art-10-40-persoane.pdf
20.01.2023;68P;21431/2020;;Ordin-68-Art-10-40-persoane.pdf
20.01.2023;68P;40101/2021;;Ordin-68-Art-10-40-persoane.pdf
20.01.2023;68P;16835/2020;Copii minori: 2;Ordin-68-Art-10-40-persoane.pdf
20.01.2023;68P;6508/2021;;Ordin-68-Art-10-40-persoane.pdf
20.01.2023;68P;1784/2021;Copii minori: 2;Ordin-68-Art-10-40-persoane.pdf
20.01.2023;68P;6513/2021;;Ordin-68-Art-10-40-persoane.pdf
20.01.2023;68P;6499/2021;;Ordin-68-Art-10-40-persoane.pdf
20.01.2023;68P;15921/2021;;Ordin-68-Art-10-40-persoane.pdf
13.01.2023;39P;23840/2020;;ordin-39P-art-10-.pdf
06.01.2023;06P;25732/2021;;Ordin-06-Art-10-60-pers-.pdf
06.01.2023;06P;20314/2021;;Ordin-06-Art-10-60-pers-.pdf
06.01.2023;06P;31113/2021;Copii minori: 3;Ordin-06-Art-10-60-pers-.pdf
06.01.2023;06P;31125/2021;Copii minori: 2;Ordin-06-Art-10-60-pers-.pdf
06.01.2023;06P;31121/2021;;Ordin-06-Art-10-60-pers-.pdf
06.01.2023;06P;25696/2021;Copii minori: 3;Ordin-06-Art-10-60-pers-.pdf
06.01.2023;06P;25696/2021;;Ordin-06-Art-10-60-pers-.pdf
06.01.2023;06P;31128/2021;Copii minori: 3;Ordin-06-Art-10-60-pers-.pdf
06.01.2023;06P;25740/2021;;Ordin-06-Art-10-60-pers-.pdf
06.01.2023;06P;26048/2021;;Ordin-06-Art-10-60-pers-.pdf
06.01.2023;06P;26100/2021;Copii minori: 1;Ordin-06-Art-10-60-pers-.pdf
06.01.2023;06P;26080/2021;;Ordin-06-Art-10-60-pers-.pdf
06.01.2023;06P;31110/2021;Copii minori: 2;Ordin-06-Art-10-60-pers-.pdf
06.01.2023;06P;31130/2021;;Ordin-06-Art-10-60-pers-.pdf
06.01.2023;06P;31115/2021;;Ordin-06-Art-10-60-pers-.pdf
06.01.2023;06P;25923/2021;;Ordin-06-Art-10-60-pers-.pdf
06.01.2023;06P;31134/2021;;Ordin-06-Art-10-60-pers-.pdf
06.01.2023;06P;25684/2021;Copii minori: 4;Ordin-06-Art-10-60-pers-.pdf
06.01.2023;06P;25697/2021;;Ordin-06-Art-10-60-pers-.pdf
06.01.2023;06P;31138/2021;;Ordin-06-Art-10-60-pers-.pdf
06.01.2023;06P;31132/2021;;Ordin-06-Art-10-60-pers-.pdf
06.01.2023;06P;26099/2021;Copii minori: 1;Ordin-06-Art-10-60-pers-.pdf
06.01.2023;06P;25923/2021;;Ordin-06-Art-10-60-pers-.pdf
06.01.2023;06P;25701/2021;Copii minori: 3;Ordin-06-Art-10-60-pers-.pdf
06.01.2023;06P;31124/2021;Copii minori: 4;Ordin-06-Art-10-60-pers-.pdf
06.01.2023;06P;31131/2021;;Ordin-06-Art-10-60-pers-.pdf
06.01.2023;06P;31129/2021;Copii minori: 1;Ordin-06-Art-10-60-pers-.pdf
06.01.2023;06P;25748/2021;;Ordin-06-Art-10-60-pers-.pdf
06.01.2023;06P;31120/2021;Copii minori: 2;Ordin-06-Art-10-60-pers-.pdf
06.01.2023;06P;31133/2021;Copii minori: 1;Ordin-06-Art-10-60-pers-.pdf
06.01.2023;06P;31122/2021;;Ordin-06-Art-10-60-pers-.pdf
06.01.2023;06P;25742/2021;;Ordin-06-Art-10-60-pers-.pdf
06.01.2023;06P;25687/2021;;Ordin-06-Art-10-60-pers-.pdf
06.01.2023;06P;25694/2021;;Ordin-06-Art-10-60-pers-.pdf
06.01.2023;06P;31139/2021;Copii minori: 2;Ordin-06-Art-10-60-pers-.pdf
06.01.2023;06P;31139/2021;;Ordin-06-Art-10-60-pers-.pdf
06.01.2023;06P;31112/2021;;Ordin-06-Art-10-60-pers-.pdf
06.01.2023;06P;31123/2021;;Ordin-06-Art-10-60-pers-.pdf
06.01.2023;06P;31114/2021;Copii minori: 2;Ordin-06-Art-10-60-pers-.pdf
06.01.2023;06P;25706/2021;Copii minori: 2;Ordin-06-Art-10-60-pers-.pdf
06.01.2023;06P;31136/2021;;Ordin-06-Art-10-60-pers-.pdf
06.01.2023;06P;25702/2021;Copii minori: 2;Ordin-06-Art-10-60-pers-.pdf
06.01.2023;06P;26089/2021;;Ordin-06-Art-10-60-pers-.pdf
06.01.2023;06P;31127/2021;Copii minori: 2;Ordin-06-Art-10-60-pers-.pdf
06.01.2023;06P;25745/2021;;Ordin-06-Art-10-60-pers-.pdf
06.01.2023;06P;25746/2021;;Ordin-06-Art-10-60-pers-.pdf
06.01.2023;06P;25743/2021;;Ordin-06-Art-10-60-pers-.pdf
06.01.2023;06P;25741/2021;;Ordin-06-Art-10-60-pers-.pdf
06.01.2023;06P;31117/2021;Copii minori: 2;Ordin-06-Art-10-60-pers-.pdf
06.01.2023;06P;31118/2021;Copii minori: 1;Ordin-06-Art-10-60-pers-.pdf
06.01.2023;06P;20287/2021;;Ordin-06-Art-10-60-pers-.pdf
06.01.2023;06P;31126/2021;Copii minori: 2;Ordin-06-Art-10-60-pers-.pdf
06.01.2023;06P;25735/2021;;Ordin-06-Art-10-60-pers-.pdf
06.01.2023;06P;25744/2021;;Ordin-06-Art-10-60-pers-.pdf
06.01.2023;06P;25747/2021;;Ordin-06-Art-10-60-pers-.pdf
06.01.2023;06P;25747/2021;;Ordin-06-Art-10-60-pers-.pdf
06.01.2023;06P;31137/2021;;Ordin-06-Art-10-60-pers-.pdf
06.01.2023;06P;25738/2021;;Ordin-06-Art-10-60-pers-.pdf
06.01.2023;06P;31135/2021;;Ordin-06-Art-10-60-pers-.pdf
06.01.2023;06P;31116/2021;;Ordin-06-Art-10-60-pers-.pdf
06.01.2023;05P;40106/2021;;Ordin-05-ART-10-51-pers.pdf
06.01.2023;05P;40106/2021;Copii minori: 1;Ordin-05-ART-10-51-pers.pdf
06.01.2023;05P;40222/2021;;Ordin-05-ART-10-51-pers.pdf
06.01.2023;05P;40224/2021;;Ordin-05-ART-10-51-pers.pdf
06.01.2023;05P;40370/2021;;Ordin-05-ART-10-51-pers.pdf
06.01.2023;05P;40220/2021;;Ordin-05-ART-10-51-pers.pdf
06.01.2023;05P;40100/2021;;Ordin-05-ART-10-51-pers.pdf
06.01.2023;05P;40586/2021;Copii minori: 1;Ordin-05-ART-10-51-pers.pdf
06.01.2023;05P;40423/2021;Copii minori: 1;Ordin-05-ART-10-51-pers.pdf
06.01.2023;05P;40093/2021;;Ordin-05-ART-10-51-pers.pdf
06.01.2023;05P;40148/2021;;Ordin-05-ART-10-51-pers.pdf
06.01.2023;05P;40146/2021;Copii minori: 1;Ordin-05-ART-10-51-pers.pdf
06.01.2023;05P;40103/2021;;Ordin-05-ART-10-51-pers.pdf
06.01.2023;05P;40394/2021;Copii minori: 1;Ordin-05-ART-10-51-pers.pdf
06.01.2023;05P;40147/2021;;Ordin-05-ART-10-51-pers.pdf
06.01.2023;05P;40568/2021;;Ordin-05-ART-10-51-pers.pdf
06.01.2023;05P;40564/2021;;Ordin-05-ART-10-51-pers.pdf
06.01.2023;05P;40084/2021;;Ordin-05-ART-10-51-pers.pdf
06.01.2023;05P;40104/2021;;Ordin-05-ART-10-51-pers.pdf
06.01.2023;05P;40402/2021;;Ordin-05-ART-10-51-pers.pdf
06.01.2023;05P;40238/2021;;Ordin-05-ART-10-51-pers.pdf
06.01.2023;05P;40598/2021;Copii minori: 3;Ordin-05-ART-10-51-pers.pdf
06.01.2023;05P;40074/2021;Copii minori: 2;Ordin-05-ART-10-51-pers.pdf
06.01.2023;05P;40089/2021;Copii minori: 1;Ordin-05-ART-10-51-pers.pdf
06.01.2023;05P;40092/2021;;Ordin-05-ART-10-51-pers.pdf
06.01.2023;05P;40141/2021;;Ordin-05-ART-10-51-pers.pdf
06.01.2023;05P;40083/2021;Copii minori: 1;Ordin-05-ART-10-51-pers.pdf
06.01.2023;05P;40080/2021;;Ordin-05-ART-10-51-pers.pdf
06.01.2023;05P;40447/2021;Copii minori: 2;Ordin-05-ART-10-51-pers.pdf
06.01.2023;05P;40144/2021;;Ordin-05-ART-10-51-pers.pdf
06.01.2023;05P;40656/2021;;Ordin-05-ART-10-51-pers.pdf
06.01.2023;05P;40623/2021;;Ordin-05-ART-10-51-pers.pdf
06.01.2023;05P;40078/2021;Copii minori: 1;Ordin-05-ART-10-51-pers.pdf
06.01.2023;05P;40205/2021;Copii minori: 2;Ordin-05-ART-10-51-pers.pdf
06.01.2023;05P;40076/2021;;Ordin-05-ART-10-51-pers.pdf
06.01.2023;05P;40577/2021;Copii minori: 1;Ordin-05-ART-10-51-pers.pdf
06.01.2023;05P;40094/2021;;Ordin-05-ART-10-51-pers.pdf
06.01.2023;05P;40107/2021;Copii minori: 2;Ordin-05-ART-10-51-pers.pdf
06.01.2023;05P;40149/2021;;Ordin-05-ART-10-51-pers.pdf
06.01.2023;05P;40725/2021;;Ordin-05-ART-10-51-pers.pdf
06.01.2023;05P;40450/2021;;Ordin-05-ART-10-51-pers.pdf
06.01.2023;05P;40312/2021;;Ordin-05-ART-10-51-pers.pdf
06.01.2023;05P;40086/2021;;Ordin-05-ART-10-51-pers.pdf
06.01.2023;05P;40102/2021;Copii minori: 1;Ordin-05-ART-10-51-pers.pdf
06.01.2023;05P;40632/2021;;Ordin-05-ART-10-51-pers.pdf
06.01.2023;05P;40662/2021;Copii minori: 1;Ordin-05-ART-10-51-pers.pdf
06.01.2023;05P;40099/2021;;Ordin-05-ART-10-51-pers.pdf
06.01.2023;05P;40095/2021;Copii minori: 1;Ordin-05-ART-10-51-pers.pdf
06.01.2023;05P;40108/2021;;Ordin-05-ART-10-51-pers.pdf
06.01.2023;05P;40225/2021;Copii minori: 2;Ordin-05-ART-10-51-pers.pdf
06.01.2023;05P;40181/2021;Copii minori: 1;Ordin-05-ART-10-51-pers.pdf
12.12.2022;1381P;21009/2021;;Ordin-1381-Art-10-37-PERS.pdf
12.12.2022;1381P;38262/2019;;Ordin-1381-Art-10-37-PERS.pdf
12.12.2022;1381P;82836/2019;;Ordin-1381-Art-10-37-PERS.pdf
12.12.2022;1381P;82836/2019;;Ordin-1381-Art-10-37-PERS.pdf
12.12.2022;1381P;75232/2019;;Ordin-1381-Art-10-37-PERS.pdf
12.12.2022;1381P;3145/2021;Copii minori: 3;Ordin-1381-Art-10-37-PERS.pdf
12.12.2022;1381P;3133/2021;Copii minori: 2;Ordin-1381-Art-10-37-PERS.pdf
12.12.2022;1381P;3134/2021;;Ordin-1381-Art-10-37-PERS.pdf
12.12.2022;1381P;82853/2019;;Ordin-1381-Art-10-37-PERS.pdf
12.12.2022;1381P;3152/2021;;Ordin-1381-Art-10-37-PERS.pdf
12.12.2022;1381P;3151/2021;Copii minori: 1;Ordin-1381-Art-10-37-PERS.pdf
12.12.2022;1381P;3146/2021;;Ordin-1381-Art-10-37-PERS.pdf
12.12.2022;1381P;3142/2021;;Ordin-1381-Art-10-37-PERS.pdf
12.12.2022;1381P;3137/2021;;Ordin-1381-Art-10-37-PERS.pdf
12.12.2022;1381P;3148/2021;;Ordin-1381-Art-10-37-PERS.pdf
12.12.2022;1381P;3143/2021;;Ordin-1381-Art-10-37-PERS.pdf
12.12.2022;1381P;3150/2021;;Ordin-1381-Art-10-37-PERS.pdf
12.12.2022;1381P;3140/2021;;Ordin-1381-Art-10-37-PERS.pdf
12.12.2022;1381P;3135/2021;Copii minori: 1;Ordin-1381-Art-10-37-PERS.pdf
12.12.2022;1381P;3135/2021;;Ordin-1381-Art-10-37-PERS.pdf
12.12.2022;1381P;3142/2021;;Ordin-1381-Art-10-37-PERS.pdf
12.12.2022;1381P;617/2021;;Ordin-1381-Art-10-37-PERS.pdf
12.12.2022;1381P;620/2021;;Ordin-1381-Art-10-37-PERS.pdf
12.12.2022;1381P;20706/2020;;Ordin-1381-Art-10-37-PERS.pdf
12.12.2022;1381P;75220/2019;;Ordin-1381-Art-10-37-PERS.pdf
12.12.2022;1381P;3139/2021;Copii minori: 2;Ordin-1381-Art-10-37-PERS.pdf
12.12.2022;1381P;3147/2021;;Ordin-1381-Art-10-37-PERS.pdf
12.12.2022;1381P;38386/2021;Copii minori: 2;Ordin-1381-Art-10-37-PERS.pdf
12.12.2022;1381P;3136/2021;;Ordin-1381-Art-10-37-PERS.pdf
12.12.2022;1381P;3149/2021;Copii minori: 2;Ordin-1381-Art-10-37-PERS.pdf
12.12.2022;1381P;45382/2021;;Ordin-1381-Art-10-37-PERS.pdf
12.12.2022;1381P;45376/2021;Copii minori: 2;Ordin-1381-Art-10-37-PERS.pdf
12.12.2022;1381P;45366/2021;;Ordin-1381-Art-10-37-PERS.pdf
12.12.2022;1381P;3141/2021;;Ordin-1381-Art-10-37-PERS.pdf
12.12.2022;1381P;3138/2021;Copii minori: 2;Ordin-1381-Art-10-37-PERS.pdf
12.12.2022;1381P;3144/2021;;Ordin-1381-Art-10-37-PERS.pdf
12.12.2022;1381P;97157/2019;;Ordin-1381-Art-10-37-PERS.pdf
18.11.2022;1186P;20868/2020;Copii minori: 1;Ordin-1186-Art-10-64-pers-.pdf
18.11.2022;1186P;39602/2021;;Ordin-1186-Art-10-64-pers-.pdf
18.11.2022;1186P;39956/2021;Copii minori: 3;Ordin-1186-Art-10-64-pers-.pdf
18.11.2022;1186P;4384/2021;;Ordin-1186-Art-10-64-pers-.pdf
18.11.2022;1186P;43869/2021;;Ordin-1186-Art-10-64-pers-.pdf
18.11.2022;1186P;43635/2021;;Ordin-1186-Art-10-64-pers-.pdf
18.11.2022;1186P;17877/2021;Copii minori: 1;Ordin-1186-Art-10-64-pers-.pdf
18.11.2022;1186P;56266/2019;;Ordin-1186-Art-10-64-pers-.pdf
18.11.2022;1186P;4053/2021;;Ordin-1186-Art-10-64-pers-.pdf
18.11.2022;1186P;4088/2021;;Ordin-1186-Art-10-64-pers-.pdf
18.11.2022;1186P;39853/2021;Copii minori: 1;Ordin-1186-Art-10-64-pers-.pdf
18.11.2022;1186P;15888/2021;;Ordin-1186-Art-10-64-pers-.pdf
18.11.2022;1186P;43664/2021;Copii minori: 1;Ordin-1186-Art-10-64-pers-.pdf
18.11.2022;1186P;43864/2021;;Ordin-1186-Art-10-64-pers-.pdf
18.11.2022;1186P;40067/2021;Copii minori: 1;Ordin-1186-Art-10-64-pers-.pdf
18.11.2022;1186P;6530/2021;;Ordin-1186-Art-10-64-pers-.pdf
18.11.2022;1186P;40071/2021;;Ordin-1186-Art-10-64-pers-.pdf
18.11.2022;1186P;39991/2021;;Ordin-1186-Art-10-64-pers-.pdf
18.11.2022;1186P;19053/2020;Copii minori: 2;Ordin-1186-Art-10-64-pers-.pdf
18.11.2022;1186P;19055/2020;;Ordin-1186-Art-10-64-pers-.pdf
18.11.2022;1186P;19052/2020;Copii minori: 2;Ordin-1186-Art-10-64-pers-.pdf
18.11.2022;1186P;19054/2020;;Ordin-1186-Art-10-64-pers-.pdf
18.11.2022;1186P;19056/2020;;Ordin-1186-Art-10-64-pers-.pdf
18.11.2022;1186P;40073/2021;Copii minori: 1;Ordin-1186-Art-10-64-pers-.pdf
18.11.2022;1186P;43859/2021;Copii minori: 1;Ordin-1186-Art-10-64-pers-.pdf
18.11.2022;1186P;43855/2021;;Ordin-1186-Art-10-64-pers-.pdf
18.11.2022;1186P;39597/2021;;Ordin-1186-Art-10-64-pers-.pdf
18.11.2022;1186P;25733/2021;;Ordin-1186-Art-10-64-pers-.pdf
18.11.2022;1186P;4011/2021;;Ordin-1186-Art-10-64-pers-.pdf
18.11.2022;1186P;43860/2021;;Ordin-1186-Art-10-64-pers-.pdf
18.11.2022;1186P;37947/2019;;Ordin-1186-Art-10-64-pers-.pdf
18.11.2022;1186P;40066/2021;;Ordin-1186-Art-10-64-pers-.pdf
18.11.2022;1186P;39638/2021;;Ordin-1186-Art-10-64-pers-.pdf
18.11.2022;1186P;4378/2021;Copii minori: 2;Ordin-1186-Art-10-64-pers-.pdf
18.11.2022;1186P;4378/2021;;Ordin-1186-Art-10-64-pers-.pdf
18.11.2022;1186P;39948/2021;;Ordin-1186-Art-10-64-pers-.pdf
18.11.2022;1186P;43861/2021;;Ordin-1186-Art-10-64-pers-.pdf
18.11.2022;1186P;43653/2021;Copii minori: 2;Ordin-1186-Art-10-64-pers-.pdf
18.11.2022;1186P;43655/2021;Copii minori: 2;Ordin-1186-Art-10-64-pers-.pdf
18.11.2022;1186P;43862/2021;;Ordin-1186-Art-10-64-pers-.pdf
18.11.2022;1186P;39230/2021;;Ordin-1186-Art-10-64-pers-.pdf
18.11.2022;1186P;39941/2021;Copii minori: 1;Ordin-1186-Art-10-64-pers-.pdf
18.11.2022;1186P;3888/2021;;Ordin-1186-Art-10-64-pers-.pdf
18.11.2022;1186P;40069/2021;;Ordin-1186-Art-10-64-pers-.pdf
18.11.2022;1186P;19034/2020;;Ordin-1186-Art-10-64-pers-.pdf
18.11.2022;1186P;19032/2020;;Ordin-1186-Art-10-64-pers-.pdf
18.11.2022;1186P;19057/2020;;Ordin-1186-Art-10-64-pers-.pdf
18.11.2022;1186P;19039/2020;;Ordin-1186-Art-10-64-pers-.pdf
18.11.2022;1186P;43871/2021;Copii minori: 2;Ordin-1186-Art-10-64-pers-.pdf
18.11.2022;1186P;19037/2020;Copii minori: 1;Ordin-1186-Art-10-64-pers-.pdf
18.11.2022;1186P;91735/2019;;Ordin-1186-Art-10-64-pers-.pdf
18.11.2022;1186P;20769/2020;;Ordin-1186-Art-10-64-pers-.pdf
18.11.2022;1186P;40068/2021;;Ordin-1186-Art-10-64-pers-.pdf
18.11.2022;1186P;43873/2021;Copii minori: 3;Ordin-1186-Art-10-64-pers-.pdf
18.11.2022;1186P;4427/2021;Copii minori: 1;Ordin-1186-Art-10-64-pers-.pdf
18.11.2022;1186P;4428/2021;Copii minori: 2;Ordin-1186-Art-10-64-pers-.pdf
18.11.2022;1186P;11553/2020;Copii minori: 4;Ordin-1186-Art-10-64-pers-.pdf
18.11.2022;1186P;43618/2021;;Ordin-1186-Art-10-64-pers-.pdf
18.11.2022;1186P;25673/2021;;Ordin-1186-Art-10-64-pers-.pdf
18.11.2022;1186P;4537/2021;;Ordin-1186-Art-10-64-pers-.pdf
18.11.2022;1186P;43879/2021;;Ordin-1186-Art-10-64-pers-.pdf
18.11.2022;1186P;43875/2021;;Ordin-1186-Art-10-64-pers-.pdf
18.11.2022;1186P;39506/2021;;Ordin-1186-Art-10-64-pers-.pdf
18.11.2022;1186P;40070/2021;;Ordin-1186-Art-10-64-pers-.pdf
11.11.2022;1172P;93031/2019;Copii minori: 1;ordin-nr.-1172P-din-11.11.2022.pdf
11.11.2022;1172P;93203/2019;Copii minori: 3;ordin-nr.-1172P-din-11.11.2022.pdf
11.11.2022;1172P;19507/2020;;ordin-nr.-1172P-din-11.11.2022.pdf
11.11.2022;1172P;19498/2020;;ordin-nr.-1172P-din-11.11.2022.pdf
11.11.2022;1172P;19508/2020;;ordin-nr.-1172P-din-11.11.2022.pdf
11.11.2022;1172P;80527/2019;;ordin-nr.-1172P-din-11.11.2022.pdf
11.11.2022;1172P;80523/2019;;ordin-nr.-1172P-din-11.11.2022.pdf
11.11.2022;1172P;93224/2019;Copii minori: 2;ordin-nr.-1172P-din-11.11.2022.pdf
11.11.2022;1172P;93221/2019;Copii minori: 2;ordin-nr.-1172P-din-11.11.2022.pdf
11.11.2022;1172P;19515/2020;Copii minori: 2;ordin-nr.-1172P-din-11.11.2022.pdf
11.11.2022;1172P;80211/2019;;ordin-nr.-1172P-din-11.11.2022.pdf
11.11.2022;1172P;19510/2020;;ordin-nr.-1172P-din-11.11.2022.pdf
11.11.2022;1172P;19513/2020;;ordin-nr.-1172P-din-11.11.2022.pdf
11.11.2022;1172P;93882/2019;Copii minori: 1;ordin-nr.-1172P-din-11.11.2022.pdf
11.11.2022;1172P;91756/2019;;ordin-nr.-1172P-din-11.11.2022.pdf
11.11.2022;1172P;19513/2020;Copii minori: 1;ordin-nr.-1172P-din-11.11.2022.pdf
11.11.2022;1172P;19504/2020;;ordin-nr.-1172P-din-11.11.2022.pdf
11.11.2022;1172P;19497/2020;;ordin-nr.-1172P-din-11.11.2022.pdf
11.11.2022;1172P;19497/2020;;ordin-nr.-1172P-din-11.11.2022.pdf
11.11.2022;1172P;19500/2020;Copii minori: 2;ordin-nr.-1172P-din-11.11.2022.pdf
11.11.2022;1172P;19517/2020;Copii minori: 2;ordin-nr.-1172P-din-11.11.2022.pdf
11.11.2022;1172P;80093/2019;;ordin-nr.-1172P-din-11.11.2022.pdf
11.11.2022;1172P;80160/2019;;ordin-nr.-1172P-din-11.11.2022.pdf
11.11.2022;1172P;19411/2020;;ordin-nr.-1172P-din-11.11.2022.pdf
11.11.2022;1172P;19512/2020;;ordin-nr.-1172P-din-11.11.2022.pdf
11.11.2022;1172P;80383/2019;;ordin-nr.-1172P-din-11.11.2022.pdf
11.11.2022;1172P;80397/2019;;ordin-nr.-1172P-din-11.11.2022.pdf
11.11.2022;1172P;93182/2019;;ordin-nr.-1172P-din-11.11.2022.pdf
11.11.2022;1172P;93190/2019;Copii minori: 2;ordin-nr.-1172P-din-11.11.2022.pdf
11.11.2022;1172P;93896/2019;;ordin-nr.-1172P-din-11.11.2022.pdf
11.11.2022;1172P;31957/2021;;ordin-nr.-1172P-din-11.11.2022.pdf
11.11.2022;1172P;93016/2019;Copii minori: 1;ordin-nr.-1172P-din-11.11.2022.pdf
11.11.2022;1172P;19505/2020;;ordin-nr.-1172P-din-11.11.2022.pdf
11.11.2022;1172P;19503/2020;;ordin-nr.-1172P-din-11.11.2022.pdf
11.11.2022;1172P;43377/2019;Copii minori: 1;ordin-nr.-1172P-din-11.11.2022.pdf
11.11.2022;1172P;43377/2019;;ordin-nr.-1172P-din-11.11.2022.pdf
11.11.2022;1172P;43381/2019;;ordin-nr.-1172P-din-11.11.2022.pdf
11.11.2022;1172P;19514/2020;Copii minori: 2;ordin-nr.-1172P-din-11.11.2022.pdf
11.11.2022;1172P;93292/2019;;ordin-nr.-1172P-din-11.11.2022.pdf
11.11.2022;1172P;19502/2020;;ordin-nr.-1172P-din-11.11.2022.pdf
11.11.2022;1172P;93166/2019;;ordin-nr.-1172P-din-11.11.2022.pdf
11.11.2022;1172P;93158/2019;;ordin-nr.-1172P-din-11.11.2022.pdf
11.11.2022;1172P;80409/2019;Copii minori: 1;ordin-nr.-1172P-din-11.11.2022.pdf
11.11.2022;1172P;93174/2019;;ordin-nr.-1172P-din-11.11.2022.pdf
03.11.2022;1122P;21280/2020;;ORDIN-NR-1122-Art-10-03-11-2022.pdf
03.11.2022;1122P;31145/2021;;ORDIN-NR-1122-Art-10-03-11-2022.pdf
03.11.2022;1122P;9841/2021;;ORDIN-NR-1122-Art-10-03-11-2022.pdf
03.11.2022;1122P;9944/2021;;ORDIN-NR-1122-Art-10-03-11-2022.pdf
03.11.2022;1122P;31512/2021;;ORDIN-NR-1122-Art-10-03-11-2022.pdf
03.11.2022;1122P;28791/2021;;ORDIN-NR-1122-Art-10-03-11-2022.pdf
03.11.2022;1122P;28774/2021;Copii minori: 3;ORDIN-NR-1122-Art-10-03-11-2022.pdf
03.11.2022;1122P;11552/2020;;ORDIN-NR-1122-Art-10-03-11-2022.pdf
03.11.2022;1122P;6020/2020;;ORDIN-NR-1122-Art-10-03-11-2022.pdf
03.11.2022;1122P;6020/2020;;ORDIN-NR-1122-Art-10-03-11-2022.pdf
03.11.2022;1122P;19506/2020;;ORDIN-NR-1122-Art-10-03-11-2022.pdf
03.11.2022;1122P;6059/2020;Copii minori: 2;ORDIN-NR-1122-Art-10-03-11-2022.pdf
03.11.2022;1122P;6044/2020;;ORDIN-NR-1122-Art-10-03-11-2022.pdf
03.11.2022;1122P;6049/2020;Copii minori: 2;ORDIN-NR-1122-Art-10-03-11-2022.pdf
03.11.2022;1122P;31858/2021;;ORDIN-NR-1122-Art-10-03-11-2022.pdf
03.11.2022;1122P;11559/2020;;ORDIN-NR-1122-Art-10-03-11-2022.pdf
03.11.2022;1122P;9819/2021;Copii minori: 3;ORDIN-NR-1122-Art-10-03-11-2022.pdf
03.11.2022;1122P;6222/2020;;ORDIN-NR-1122-Art-10-03-11-2022.pdf
03.11.2022;1122P;6217/2020;;ORDIN-NR-1122-Art-10-03-11-2022.pdf
03.11.2022;1122P;6221/2020;;ORDIN-NR-1122-Art-10-03-11-2022.pdf
03.11.2022;1122P;6000/2020;;ORDIN-NR-1122-Art-10-03-11-2022.pdf
03.11.2022;1122P;5968/2020;;ORDIN-NR-1122-Art-10-03-11-2022.pdf
03.11.2022;1122P;6036/2020;;ORDIN-NR-1122-Art-10-03-11-2022.pdf
03.11.2022;1122P;31485/2019;Copii minori: 2;ORDIN-NR-1122-Art-10-03-11-2022.pdf
03.11.2022;1122P;31499/2019;;ORDIN-NR-1122-Art-10-03-11-2022.pdf
03.11.2022;1122P;35544/2021;;ORDIN-NR-1122-Art-10-03-11-2022.pdf
03.11.2022;1122P;30422/2021;;ORDIN-NR-1122-Art-10-03-11-2022.pdf
03.11.2022;1122P;31142/2021;;ORDIN-NR-1122-Art-10-03-11-2022.pdf
03.11.2022;1122P;30430/2021;;ORDIN-NR-1122-Art-10-03-11-2022.pdf
03.11.2022;1122P;9817/2021;;ORDIN-NR-1122-Art-10-03-11-2022.pdf
03.11.2022;1122P;9821/2021;;ORDIN-NR-1122-Art-10-03-11-2022.pdf
03.11.2022;1122P;44725/2019;Copii minori: 1;ORDIN-NR-1122-Art-10-03-11-2022.pdf
03.11.2022;1122P;44725/2019;;ORDIN-NR-1122-Art-10-03-11-2022.pdf
03.11.2022;1122P;19259/2020;;ORDIN-NR-1122-Art-10-03-11-2022.pdf
03.11.2022;1122P;9816/2021;Copii minori: 1;ORDIN-NR-1122-Art-10-03-11-2022.pdf
03.11.2022;1122P;6421/2020;Copii minori: 2;ORDIN-NR-1122-Art-10-03-11-2022.pdf
03.11.2022;1122P;6421/2020;;ORDIN-NR-1122-Art-10-03-11-2022.pdf
03.11.2022;1122P;9833/2021;Copii minori: 1;ORDIN-NR-1122-Art-10-03-11-2022.pdf
03.11.2022;1122P;9837/2021;Copii minori: 1;ORDIN-NR-1122-Art-10-03-11-2022.pdf
03.11.2022;1122P;28728/2021;Copii minori: 2;ORDIN-NR-1122-Art-10-03-11-2022.pdf
03.11.2022;1122P;35704/2021;;ORDIN-NR-1122-Art-10-03-11-2022.pdf
03.11.2022;1122P;31818/2021;;ORDIN-NR-1122-Art-10-03-11-2022.pdf
03.11.2022;1122P;71002/2019;;ORDIN-NR-1122-Art-10-03-11-2022.pdf
03.11.2022;1122P;71007/2019;;ORDIN-NR-1122-Art-10-03-11-2022.pdf
03.11.2022;1122P;71011/2019;Copii minori: 1;ORDIN-NR-1122-Art-10-03-11-2022.pdf
03.11.2022;1122P;9846/2021;;ORDIN-NR-1122-Art-10-03-11-2022.pdf
03.11.2022;1122P;9880/2021;;ORDIN-NR-1122-Art-10-03-11-2022.pdf
03.11.2022;1122P;9843/2021;;ORDIN-NR-1122-Art-10-03-11-2022.pdf
03.11.2022;1122P;9874/2021;;ORDIN-NR-1122-Art-10-03-11-2022.pdf
03.11.2022;1122P;9844/2021;;ORDIN-NR-1122-Art-10-03-11-2022.pdf
03.11.2022;1122P;9886/2021;Copii minori: 2;ORDIN-NR-1122-Art-10-03-11-2022.pdf
03.11.2022;1122P;27686/2021;;ORDIN-NR-1122-Art-10-03-11-2022.pdf
03.11.2022;1122P;35631/2021;Copii minori: 2;ORDIN-NR-1122-Art-10-03-11-2022.pdf
03.11.2022;1122P;31046/2021;;ORDIN-NR-1122-Art-10-03-11-2022.pdf
03.11.2022;1122P;35552/2021;;ORDIN-NR-1122-Art-10-03-11-2022.pdf
03.11.2022;1122P;85545/2019;Copii minori: 1;ORDIN-NR-1122-Art-10-03-11-2022.pdf
03.11.2022;1122P;31863/2021;;ORDIN-NR-1122-Art-10-03-11-2022.pdf
03.11.2022;1122P;9930/2021;;ORDIN-NR-1122-Art-10-03-11-2022.pdf
03.11.2022;1122P;9826/2021;Copii minori: 1;ORDIN-NR-1122-Art-10-03-11-2022.pdf
03.11.2022;1122P;9887/2021;;ORDIN-NR-1122-Art-10-03-11-2022.pdf
03.11.2022;1122P;9818/2021;Copii minori: 1;ORDIN-NR-1122-Art-10-03-11-2022.pdf
03.11.2022;1122P;81470/2018;;ORDIN-NR-1122-Art-10-03-11-2022.pdf
03.11.2022;1122P;11550/2020;;ORDIN-NR-1122-Art-10-03-11-2022.pdf
03.11.2022;1122P;10041/2021;Copii minori: 2;ORDIN-NR-1122-Art-10-03-11-2022.pdf
03.11.2022;1122P;30156/2021;;ORDIN-NR-1122-Art-10-03-11-2022.pdf
03.11.2022;1122P;30149/2021;;ORDIN-NR-1122-Art-10-03-11-2022.pdf
03.11.2022;1122P;31908/2021;;ORDIN-NR-1122-Art-10-03-11-2022.pdf
03.11.2022;1122P;35616/2021;Copii minori: 1;ORDIN-NR-1122-Art-10-03-11-2022.pdf
03.11.2022;1122P;28763/2021;;ORDIN-NR-1122-Art-10-03-11-2022.pdf
03.11.2022;1122P;28761/2021;;ORDIN-NR-1122-Art-10-03-11-2022.pdf
03.11.2022;1122P;28755/2021;;ORDIN-NR-1122-Art-10-03-11-2022.pdf
03.11.2022;1122P;11554/2020;;ORDIN-NR-1122-Art-10-03-11-2022.pdf
03.11.2022;1122P;11555/2020;;ORDIN-NR-1122-Art-10-03-11-2022.pdf
03.11.2022;1122P;31141/2021;;ORDIN-NR-1122-Art-10-03-11-2022.pdf
03.11.2022;1122P;29732/2021;Copii minori: 2;ORDIN-NR-1122-Art-10-03-11-2022.pdf
03.11.2022;1122P;30171/2021;;ORDIN-NR-1122-Art-10-03-11-2022.pdf
03.11.2022;1122P;11557/2020;;ORDIN-NR-1122-Art-10-03-11-2022.pdf
03.11.2022;1122P;9867/2021;Copii minori: 2;ORDIN-NR-1122-Art-10-03-11-2022.pdf
03.11.2022;1122P;9838/2021;Copii minori: 2;ORDIN-NR-1122-Art-10-03-11-2022.pdf
03.11.2022;1122P;9898/2021;;ORDIN-NR-1122-Art-10-03-11-2022.pdf
03.11.2022;1122P;31497/2021;;ORDIN-NR-1122-Art-10-03-11-2022.pdf
03.11.2022;1122P;10027/2021;Copii minori: 1;ORDIN-NR-1122-Art-10-03-11-2022.pdf
03.11.2022;1122P;35446/2021;Copii minori: 3;ORDIN-NR-1122-Art-10-03-11-2022.pdf
03.11.2022;1122P;19198/2020;;ORDIN-NR-1122-Art-10-03-11-2022.pdf
03.11.2022;1122P;30112/2021;;ORDIN-NR-1122-Art-10-03-11-2022.pdf
03.11.2022;1122P;31853/2021;;ORDIN-NR-1122-Art-10-03-11-2022.pdf
03.11.2022;1122P;9936/2021;;ORDIN-NR-1122-Art-10-03-11-2022.pdf
03.11.2022;1122P;9868/2021;;ORDIN-NR-1122-Art-10-03-11-2022.pdf
03.11.2022;1122P;28573/2021;Copii minori: 3;ORDIN-NR-1122-Art-10-03-11-2022.pdf
03.11.2022;1122P;28587/2021;Copii minori: 4;ORDIN-NR-1122-Art-10-03-11-2022.pdf
03.11.2022;1122P;29715/2021;;ORDIN-NR-1122-Art-10-03-11-2022.pdf
03.11.2022;1122P;29711/2021;;ORDIN-NR-1122-Art-10-03-11-2022.pdf
03.11.2022;1122P;29722/2021;;ORDIN-NR-1122-Art-10-03-11-2022.pdf
03.11.2022;1122P;9815/2021;;ORDIN-NR-1122-Art-10-03-11-2022.pdf
03.11.2022;1122P;30033/2021;;ORDIN-NR-1122-Art-10-03-11-2022.pdf
03.11.2022;1122P;31140/2021;;ORDIN-NR-1122-Art-10-03-11-2022.pdf
03.11.2022;1122P;13392/2020;;ORDIN-NR-1122-Art-10-03-11-2022.pdf
03.11.2022;1122P;31813/2021;Copii minori: 2;ORDIN-NR-1122-Art-10-03-11-2022.pdf
03.11.2022;1122P;9902/2021;;ORDIN-NR-1122-Art-10-03-11-2022.pdf
03.11.2022;1122P;9879/2021;;ORDIN-NR-1122-Art-10-03-11-2022.pdf
03.11.2022;1122P;80546/2018;Copii minori: 3;ORDIN-NR-1122-Art-10-03-11-2022.pdf
03.11.2022;1122P;30375/2021;;ORDIN-NR-1122-Art-10-03-11-2022.pdf
03.11.2022;1122P;35629/2021;Copii minori: 2;ORDIN-NR-1122-Art-10-03-11-2022.pdf
03.11.2022;1122P;44074/2019;Copii minori: 2;ORDIN-NR-1122-Art-10-03-11-2022.pdf
03.11.2022;1122P;9820/2021;;ORDIN-NR-1122-Art-10-03-11-2022.pdf
03.11.2022;1122P;6713/2020;Copii minori: 3;ORDIN-NR-1122-Art-10-03-11-2022.pdf
03.11.2022;1122P;6710/2020;Copii minori: 2;ORDIN-NR-1122-Art-10-03-11-2022.pdf
03.11.2022;1122P;6706/2020;Copii minori: 2;ORDIN-NR-1122-Art-10-03-11-2022.pdf
03.11.2022;1122P;31144/2021;;ORDIN-NR-1122-Art-10-03-11-2022.pdf
03.11.2022;1122P;28996/2021;Copii minori: 1;ORDIN-NR-1122-Art-10-03-11-2022.pdf
03.11.2022;1122P;28996/2021;;ORDIN-NR-1122-Art-10-03-11-2022.pdf
03.11.2022;1122P;5988/2020;;ORDIN-NR-1122-Art-10-03-11-2022.pdf
03.11.2022;1122P;6031/2020;;ORDIN-NR-1122-Art-10-03-11-2022.pdf
03.11.2022;1122P;6010/2020;;ORDIN-NR-1122-Art-10-03-11-2022.pdf
03.11.2022;1122P;5979/2020;;ORDIN-NR-1122-Art-10-03-11-2022.pdf
03.11.2022;1122P;9822/2021;Copii minori: 2;ORDIN-NR-1122-Art-10-03-11-2022.pdf
03.11.2022;1122P;9822/2021;;ORDIN-NR-1122-Art-10-03-11-2022.pdf
30.09.2022;979P;22858/2021;;Ordin-979P-89-pers-Art-10.pdf
30.09.2022;979P;11507/2020;Copii minori: 1;Ordin-979P-89-pers-Art-10.pdf
30.09.2022;979P;11519/2020;;Ordin-979P-89-pers-Art-10.pdf
30.09.2022;979P;11509/2020;;Ordin-979P-89-pers-Art-10.pdf
30.09.2022;979P;31076/2021;;Ordin-979P-89-pers-Art-10.pdf
30.09.2022;979P;32893/2021;;Ordin-979P-89-pers-Art-10.pdf
30.09.2022;979P;25670/2021;;Ordin-979P-89-pers-Art-10.pdf
30.09.2022;979P;21652/2020;;Ordin-979P-89-pers-Art-10.pdf
30.09.2022;979P;21653/2020;;Ordin-979P-89-pers-Art-10.pdf
30.09.2022;979P;25269/2021;;Ordin-979P-89-pers-Art-10.pdf
30.09.2022;979P;25265/2021;;Ordin-979P-89-pers-Art-10.pdf
30.09.2022;979P;33472/2021;;Ordin-979P-89-pers-Art-10.pdf
30.09.2022;979P;21644/2020;;Ordin-979P-89-pers-Art-10.pdf
30.09.2022;979P;21642/2020;;Ordin-979P-89-pers-Art-10.pdf
30.09.2022;979P;21650/2020;;Ordin-979P-89-pers-Art-10.pdf
30.09.2022;979P;25669/2021;;Ordin-979P-89-pers-Art-10.pdf
30.09.2022;979P;20866/2020;Copii minori: 2;Ordin-979P-89-pers-Art-10.pdf
30.09.2022;979P;23455/2021;;Ordin-979P-89-pers-Art-10.pdf
30.09.2022;979P;22919/2021;Copii minori: 1;Ordin-979P-89-pers-Art-10.pdf
30.09.2022;979P;33230/2021;;Ordin-979P-89-pers-Art-10.pdf
30.09.2022;979P;20869/2020;;Ordin-979P-89-pers-Art-10.pdf
30.09.2022;979P;32777/2021;;Ordin-979P-89-pers-Art-10.pdf
30.09.2022;979P;25260/2021;Copii minori: 1;Ordin-979P-89-pers-Art-10.pdf
30.09.2022;979P;21199/2020;Copii minori: 1;Ordin-979P-89-pers-Art-10.pdf
30.09.2022;979P;33288/2021;;Ordin-979P-89-pers-Art-10.pdf
30.09.2022;979P;20862/2020;;Ordin-979P-89-pers-Art-10.pdf
30.09.2022;979P;25737/2021;;Ordin-979P-89-pers-Art-10.pdf
30.09.2022;979P;25736/2021;;Ordin-979P-89-pers-Art-10.pdf
30.09.2022;979P;33157/2021;;Ordin-979P-89-pers-Art-10.pdf
30.09.2022;979P;33150/2021;;Ordin-979P-89-pers-Art-10.pdf
30.09.2022;979P;20758/2020;;Ordin-979P-89-pers-Art-10.pdf
30.09.2022;979P;32857/2021;Copii minori: 1;Ordin-979P-89-pers-Art-10.pdf
30.09.2022;979P;24478/2021;Copii minori: 2;Ordin-979P-89-pers-Art-10.pdf
30.09.2022;979P;20763/2020;;Ordin-979P-89-pers-Art-10.pdf
30.09.2022;979P;21651/2020;;Ordin-979P-89-pers-Art-10.pdf
30.09.2022;979P;21661/2020;;Ordin-979P-89-pers-Art-10.pdf
30.09.2022;979P;21660/2020;;Ordin-979P-89-pers-Art-10.pdf
30.09.2022;979P;33316/2021;Copii minori: 1;Ordin-979P-89-pers-Art-10.pdf
30.09.2022;979P;33355/2021;;Ordin-979P-89-pers-Art-10.pdf
30.09.2022;979P;20759/2020;;Ordin-979P-89-pers-Art-10.pdf
30.09.2022;979P;21643/2020;Copii minori: 2;Ordin-979P-89-pers-Art-10.pdf
30.09.2022;979P;4574/2019;Copii minori: 1;Ordin-979P-89-pers-Art-10.pdf
30.09.2022;979P;24923/2020;Copii minori: 1;Ordin-979P-89-pers-Art-10.pdf
30.09.2022;979P;25681/2021;;Ordin-979P-89-pers-Art-10.pdf
30.09.2022;979P;25667/2021;;Ordin-979P-89-pers-Art-10.pdf
30.09.2022;979P;15900/2021;;Ordin-979P-89-pers-Art-10.pdf
30.09.2022;979P;25674/2021;;Ordin-979P-89-pers-Art-10.pdf
30.09.2022;979P;20867/2020;;Ordin-979P-89-pers-Art-10.pdf
30.09.2022;979P;24472/2021;;Ordin-979P-89-pers-Art-10.pdf
30.09.2022;979P;33161/2021;;Ordin-979P-89-pers-Art-10.pdf
30.09.2022;979P;21201/2020;;Ordin-979P-89-pers-Art-10.pdf
30.09.2022;979P;21648/2020;Copii minori: 3;Ordin-979P-89-pers-Art-10.pdf
30.09.2022;979P;79511/2017;;Ordin-979P-89-pers-Art-10.pdf
30.09.2022;979P;79492/2017;;Ordin-979P-89-pers-Art-10.pdf
30.09.2022;979P;79506/2017;;Ordin-979P-89-pers-Art-10.pdf
30.09.2022;979P;79500/2017;;Ordin-979P-89-pers-Art-10.pdf
30.09.2022;979P;94440/2018;;Ordin-979P-89-pers-Art-10.pdf
30.09.2022;979P;21657/2020;;Ordin-979P-89-pers-Art-10.pdf
30.09.2022;979P;21657/2020;Copii minori: 1;Ordin-979P-89-pers-Art-10.pdf
30.09.2022;979P;4588/2019;;Ordin-979P-89-pers-Art-10.pdf
30.09.2022;979P;4594/2019;;Ordin-979P-89-pers-Art-10.pdf
30.09.2022;979P;23607/2021;Copii minori: 1;Ordin-979P-89-pers-Art-10.pdf
30.09.2022;979P;23614/2021;;Ordin-979P-89-pers-Art-10.pdf
30.09.2022;979P;24606/2021;;Ordin-979P-89-pers-Art-10.pdf
30.09.2022;979P;20864/2020;;Ordin-979P-89-pers-Art-10.pdf
30.09.2022;979P;24769/2021;;Ordin-979P-89-pers-Art-10.pdf
30.09.2022;979P;21646/2020;Copii minori: 2;Ordin-979P-89-pers-Art-10.pdf
30.09.2022;979P;33360/2021;;Ordin-979P-89-pers-Art-10.pdf
30.09.2022;979P;25672/2021;;Ordin-979P-89-pers-Art-10.pdf
30.09.2022;979P;23624/2021;;Ordin-979P-89-pers-Art-10.pdf
30.09.2022;979P;25679/2021;;Ordin-979P-89-pers-Art-10.pdf
30.09.2022;979P;25680/2021;Copii minori: 1;Ordin-979P-89-pers-Art-10.pdf
30.09.2022;979P;25668/2021;;Ordin-979P-89-pers-Art-10.pdf
30.09.2022;979P;25675/2021;;Ordin-979P-89-pers-Art-10.pdf
30.09.2022;979P;25677/2021;;Ordin-979P-89-pers-Art-10.pdf
30.09.2022;979P;20760/2020;;Ordin-979P-89-pers-Art-10.pdf
30.09.2022;979P;20761/2020;;Ordin-979P-89-pers-Art-10.pdf
30.09.2022;979P;20762/2020;;Ordin-979P-89-pers-Art-10.pdf
30.09.2022;979P;33321/2021;;Ordin-979P-89-pers-Art-10.pdf
30.09.2022;979P;33321/2021;;Ordin-979P-89-pers-Art-10.pdf
30.09.2022;979P;25277/2021;;Ordin-979P-89-pers-Art-10.pdf
30.09.2022;979P;25277/2021;Copii minori: 1;Ordin-979P-89-pers-Art-10.pdf
30.09.2022;979P;32973/2021;Copii minori: 1;Ordin-979P-89-pers-Art-10.pdf
30.09.2022;979P;32944/2021;;Ordin-979P-89-pers-Art-10.pdf
30.09.2022;979P;32979/2021;Copii minori: 2;Ordin-979P-89-pers-Art-10.pdf
30.09.2022;979P;20766/2020;;Ordin-979P-89-pers-Art-10.pdf
30.09.2022;979P;23864/2021;;Ordin-979P-89-pers-Art-10.pdf
30.09.2022;979P;32220/2021;;Ordin-979P-89-pers-Art-10.pdf
30.09.2022;979P;23941/2021;;Ordin-979P-89-pers-Art-10.pdf
23.09.2022;956P;63635/2019;;ORDIN-956P-art-10-p-31.pdf
23.09.2022;956P;510/2021;;ORDIN-956P-art-10-p-31.pdf
23.09.2022;956P;502/2021;;ORDIN-956P-art-10-p-31.pdf
23.09.2022;956P;691/2021;;ORDIN-956P-art-10-p-31.pdf
23.09.2022;956P;624/2021;;ORDIN-956P-art-10-p-31.pdf
23.09.2022;956P;94612/2018;;ORDIN-956P-art-10-p-31.pdf
23.09.2022;956P;499/2021;;ORDIN-956P-art-10-p-31.pdf
23.09.2022;956P;626/2021;;ORDIN-956P-art-10-p-31.pdf
23.09.2022;956P;497/2021;;ORDIN-956P-art-10-p-31.pdf
23.09.2022;956P;636/2021;Copii minori: 2;ORDIN-956P-art-10-p-31.pdf
23.09.2022;956P;94608/2018;;ORDIN-956P-art-10-p-31.pdf
23.09.2022;956P;14824/2020;;ORDIN-956P-art-10-p-31.pdf
23.09.2022;956P;14831/2020;Copii minori: 2;ORDIN-956P-art-10-p-31.pdf
23.09.2022;956P;632/2021;Copii minori: 2;ORDIN-956P-art-10-p-31.pdf
23.09.2022;956P;630/2021;Copii minori: 2;ORDIN-956P-art-10-p-31.pdf
23.09.2022;956P;512/2021;;ORDIN-956P-art-10-p-31.pdf
23.09.2022;956P;19457/2020;;ORDIN-956P-art-10-p-31.pdf
23.09.2022;956P;610/2021;;ORDIN-956P-art-10-p-31.pdf
23.09.2022;956P;15073/2020;Copii minori: 1;ORDIN-956P-art-10-p-31.pdf
23.09.2022;956P;15077/2020;;ORDIN-956P-art-10-p-31.pdf
23.09.2022;956P;506/2021;;ORDIN-956P-art-10-p-31.pdf
23.09.2022;956P;507/2021;;ORDIN-956P-art-10-p-31.pdf
23.09.2022;956P;25610/2020;;ORDIN-956P-art-10-p-31.pdf
23.09.2022;956P;10989/2019;;ORDIN-956P-art-10-p-31.pdf
23.09.2022;956P;11558/2020;Copii minori: 2;ORDIN-956P-art-10-p-31.pdf
23.09.2022;956P;622/2021;;ORDIN-956P-art-10-p-31.pdf
23.09.2022;956P;15119/2020;;ORDIN-956P-art-10-p-31.pdf
23.09.2022;956P;514/2021;;ORDIN-956P-art-10-p-31.pdf
23.09.2022;956P;613/2021;;ORDIN-956P-art-10-p-31.pdf
23.09.2022;956P;634/2021;Copii minori: 1;ORDIN-956P-art-10-p-31.pdf
23.09.2022;956P;23617/2020;;ORDIN-956P-art-10-p-31.pdf
09.09.2022;923P;40110/2021;;ORDIN-923P-art-10-pers-.pdf
09.09.2022;923P;40134/2021;;ORDIN-923P-art-10-pers-.pdf
09.09.2022;923P;40143/2021;;ORDIN-923P-art-10-pers-.pdf
09.09.2022;923P;15581/2021;Copii minori: 2;ORDIN-923P-art-10-pers-.pdf
09.09.2022;923P;31081/2021;;ORDIN-923P-art-10-pers-.pdf
09.09.2022;923P;31109/2021;;ORDIN-923P-art-10-pers-.pdf
09.09.2022;923P;31092/2021;;ORDIN-923P-art-10-pers-.pdf
09.09.2022;923P;13525/2021;;ORDIN-923P-art-10-pers-.pdf
09.09.2022;923P;13531/2021;;ORDIN-923P-art-10-pers-.pdf
09.09.2022;923P;13520/2021;;ORDIN-923P-art-10-pers-.pdf
09.09.2022;923P;19204/2020;;ORDIN-923P-art-10-pers-.pdf
09.09.2022;923P;40114/2021;Copii minori: 1;ORDIN-923P-art-10-pers-.pdf
09.09.2022;923P;40115/2021;;ORDIN-923P-art-10-pers-.pdf
09.09.2022;923P;20685/2020;Copii minori: 2;ORDIN-923P-art-10-pers-.pdf
09.09.2022;923P;40128/2021;;ORDIN-923P-art-10-pers-.pdf
09.09.2022;923P;40126/2021;;ORDIN-923P-art-10-pers-.pdf
09.09.2022;923P;31089/2021;;ORDIN-923P-art-10-pers-.pdf
09.09.2022;923P;14218/2021;Copii minori: 2;ORDIN-923P-art-10-pers-.pdf
09.09.2022;923P;31098/2021;;ORDIN-923P-art-10-pers-.pdf
09.09.2022;923P;31105/2021;;ORDIN-923P-art-10-pers-.pdf
09.09.2022;923P;31088/2021;Copii minori: 3;ORDIN-923P-art-10-pers-.pdf
09.09.2022;923P;40142/2021;;ORDIN-923P-art-10-pers-.pdf
09.09.2022;923P;40122/2021;;ORDIN-923P-art-10-pers-.pdf
09.09.2022;923P;14730/2021;Copii minori: 1;ORDIN-923P-art-10-pers-.pdf
09.09.2022;923P;14820/2021;;ORDIN-923P-art-10-pers-.pdf
09.09.2022;923P;31094/2021;Copii minori: 2;ORDIN-923P-art-10-pers-.pdf
09.09.2022;923P;19417/2020;;ORDIN-923P-art-10-pers-.pdf
09.09.2022;923P;40135/2021;;ORDIN-923P-art-10-pers-.pdf
09.09.2022;923P;31104/2021;Copii minori: 2;ORDIN-923P-art-10-pers-.pdf
09.09.2022;923P;40112/2021;Copii minori: 1;ORDIN-923P-art-10-pers-.pdf
09.09.2022;923P;15328/2021;Copii minori: 1;ORDIN-923P-art-10-pers-.pdf
09.09.2022;923P;22872/2020;;ORDIN-923P-art-10-pers-.pdf
09.09.2022;923P;14528/2021;;ORDIN-923P-art-10-pers-.pdf
09.09.2022;923P;14543/2021;;ORDIN-923P-art-10-pers-.pdf
09.09.2022;923P;14553/2021;;ORDIN-923P-art-10-pers-.pdf
09.09.2022;923P;14559/2021;;ORDIN-923P-art-10-pers-.pdf
09.09.2022;923P;14535/2021;;ORDIN-923P-art-10-pers-.pdf
09.09.2022;923P;31083/2021;;ORDIN-923P-art-10-pers-.pdf
09.09.2022;923P;31100/2021;;ORDIN-923P-art-10-pers-.pdf
09.09.2022;923P;31103/2021;;ORDIN-923P-art-10-pers-.pdf
09.09.2022;923P;40130/2021;;ORDIN-923P-art-10-pers-.pdf
09.09.2022;923P;40132/2021;Copii minori: 1;ORDIN-923P-art-10-pers-.pdf
09.09.2022;923P;20737/2020;;ORDIN-923P-art-10-pers-.pdf
09.09.2022;923P;40129/2021;Copii minori: 2;ORDIN-923P-art-10-pers-.pdf
09.09.2022;923P;40136/2021;;ORDIN-923P-art-10-pers-.pdf
09.09.2022;923P;31095/2021;;ORDIN-923P-art-10-pers-.pdf
09.09.2022;923P;14733/2021;Copii minori: 1;ORDIN-923P-art-10-pers-.pdf
09.09.2022;923P;31064/2021;;ORDIN-923P-art-10-pers-.pdf
09.09.2022;923P;40137/2021;;ORDIN-923P-art-10-pers-.pdf
09.09.2022;923P;15525/2021;;ORDIN-923P-art-10-pers-.pdf
09.09.2022;923P;20756/2020;;ORDIN-923P-art-10-pers-.pdf
09.09.2022;923P;20755/2020;;ORDIN-923P-art-10-pers-.pdf
09.09.2022;923P;31085/2021;;ORDIN-923P-art-10-pers-.pdf
09.09.2022;923P;19521/2020;;ORDIN-923P-art-10-pers-.pdf
09.09.2022;923P;31106/2021;;ORDIN-923P-art-10-pers-.pdf
09.09.2022;923P;31090/2021;;ORDIN-923P-art-10-pers-.pdf
09.09.2022;923P;13476/2021;;ORDIN-923P-art-10-pers-.pdf
09.09.2022;923P;31084/2021;Copii minori: 1;ORDIN-923P-art-10-pers-.pdf
09.09.2022;923P;40123/2021;;ORDIN-923P-art-10-pers-.pdf
09.09.2022;923P;96875/2019;;ORDIN-923P-art-10-pers-.pdf
09.09.2022;923P;31017/2019;Copii minori: 2;ORDIN-923P-art-10-pers-.pdf
09.09.2022;923P;40124/2021;;ORDIN-923P-art-10-pers-.pdf
09.09.2022;923P;20753/2020;;ORDIN-923P-art-10-pers-.pdf
09.09.2022;923P;31101/2021;;ORDIN-923P-art-10-pers-.pdf
09.09.2022;923P;14899/2021;;ORDIN-923P-art-10-pers-.pdf
09.09.2022;923P;31091/2021;;ORDIN-923P-art-10-pers-.pdf
09.09.2022;923P;15176/2021;;ORDIN-923P-art-10-pers-.pdf
09.09.2022;923P;40111/2021;;ORDIN-923P-art-10-pers-.pdf
09.09.2022;923P;8732/2020;Copii minori: 2;ORDIN-923P-art-10-pers-.pdf
09.09.2022;923P;40121/2021;Copii minori: 1;ORDIN-923P-art-10-pers-.pdf
09.09.2022;923P;40138/2021;Copii minori: 2;ORDIN-923P-art-10-pers-.pdf
09.09.2022;923P;20683/2020;;ORDIN-923P-art-10-pers-.pdf
09.09.2022;923P;40120/2021;Copii minori: 1;ORDIN-923P-art-10-pers-.pdf
09.09.2022;923P;31072/2021;;ORDIN-923P-art-10-pers-.pdf
09.09.2022;923P;15575/2021;Copii minori: 2;ORDIN-923P-art-10-pers-.pdf
09.09.2022;923P;31086/2021;;ORDIN-923P-art-10-pers-.pdf
09.09.2022;923P;20754/2020;;ORDIN-923P-art-10-pers-.pdf
09.09.2022;923P;19986/2020;;ORDIN-923P-art-10-pers-.pdf
09.09.2022;923P;31093/2021;;ORDIN-923P-art-10-pers-.pdf
09.09.2022;923P;31099/2021;;ORDIN-923P-art-10-pers-.pdf
09.09.2022;923P;20682/2020;;ORDIN-923P-art-10-pers-.pdf
09.09.2022;923P;40131/2021;Copii minori: 2;ORDIN-923P-art-10-pers-.pdf
09.09.2022;923P;40117/2021;;ORDIN-923P-art-10-pers-.pdf
09.09.2022;923P;40125/2021;;ORDIN-923P-art-10-pers-.pdf
09.09.2022;923P;13564/2021;;ORDIN-923P-art-10-pers-.pdf
09.09.2022;923P;13570/2021;;ORDIN-923P-art-10-pers-.pdf
09.09.2022;923P;13556/2021;;ORDIN-923P-art-10-pers-.pdf
09.09.2022;923P;31108/2021;;ORDIN-923P-art-10-pers-.pdf
09.09.2022;923P;31097/2021;;ORDIN-923P-art-10-pers-.pdf
09.09.2022;923P;14978/2021;Copii minori: 3;ORDIN-923P-art-10-pers-.pdf
09.09.2022;923P;31102/2021;Copii minori: 2;ORDIN-923P-art-10-pers-.pdf
09.09.2022;923P;9175/2019;;ORDIN-923P-art-10-pers-.pdf
09.09.2022;923P;31065/2021;;ORDIN-923P-art-10-pers-.pdf
09.09.2022;923P;40116/2021;;ORDIN-923P-art-10-pers-.pdf
09.09.2022;923P;40133/2021;;ORDIN-923P-art-10-pers-.pdf
09.09.2022;923P;31096/2021;;ORDIN-923P-art-10-pers-.pdf
09.09.2022;923P;31082/2021;;ORDIN-923P-art-10-pers-.pdf
09.09.2022;923P;40113/2021;Copii minori: 2;ORDIN-923P-art-10-pers-.pdf
05.09.2022;903P;33640/2021;;ordin-903P-Art-10-84-pers.pdf
05.09.2022;903P;33642/2021;Copii minori: 2;ordin-903P-Art-10-84-pers.pdf
05.09.2022;903P;33645/2021;Copii minori: 2;ordin-903P-Art-10-84-pers.pdf
05.09.2022;903P;33643/2021;Copii minori: 1;ordin-903P-Art-10-84-pers.pdf
05.09.2022;903P;26918/2021;Copii minori: 1;ordin-903P-Art-10-84-pers.pdf
05.09.2022;903P;33555/2021;;ordin-903P-Art-10-84-pers.pdf
05.09.2022;903P;26927/2021;Copii minori: 2;ordin-903P-Art-10-84-pers.pdf
05.09.2022;903P;68328/2018;;ordin-903P-Art-10-84-pers.pdf
05.09.2022;903P;68328/2018;;ordin-903P-Art-10-84-pers.pdf
05.09.2022;903P;26659/2021;;ordin-903P-Art-10-84-pers.pdf
05.09.2022;903P;26659/2021;;ordin-903P-Art-10-84-pers.pdf
05.09.2022;903P;18219/2021;;ordin-903P-Art-10-84-pers.pdf
05.09.2022;903P;18227/2021;Copii minori: 2;ordin-903P-Art-10-84-pers.pdf
05.09.2022;903P;18221/2021;Copii minori: 1;ordin-903P-Art-10-84-pers.pdf
05.09.2022;903P;19818/2021;;ordin-903P-Art-10-84-pers.pdf
05.09.2022;903P;34128/2021;;ordin-903P-Art-10-84-pers.pdf
05.09.2022;903P;17940/2021;Copii minori: 2;ordin-903P-Art-10-84-pers.pdf
05.09.2022;903P;17932/2021;;ordin-903P-Art-10-84-pers.pdf
05.09.2022;903P;17936/2021;;ordin-903P-Art-10-84-pers.pdf
05.09.2022;903P;19554/2021;Copii minori: 1;ordin-903P-Art-10-84-pers.pdf
05.09.2022;903P;18445/2021;;ordin-903P-Art-10-84-pers.pdf
05.09.2022;903P;26656/2021;;ordin-903P-Art-10-84-pers.pdf
05.09.2022;903P;33861/2021;;ordin-903P-Art-10-84-pers.pdf
05.09.2022;903P;19280/2021;;ordin-903P-Art-10-84-pers.pdf
05.09.2022;903P;26688/2021;;ordin-903P-Art-10-84-pers.pdf
05.09.2022;903P;26711/2018;;ordin-903P-Art-10-84-pers.pdf
05.09.2022;903P;33647/2021;;ordin-903P-Art-10-84-pers.pdf
05.09.2022;903P;26593/2021;;ordin-903P-Art-10-84-pers.pdf
05.09.2022;903P;26586/2021;Copii minori: 1;ordin-903P-Art-10-84-pers.pdf
05.09.2022;903P;26764/2021;;ordin-903P-Art-10-84-pers.pdf
05.09.2022;903P;27431/2021;;ordin-903P-Art-10-84-pers.pdf
05.09.2022;903P;26171/2021;;ordin-903P-Art-10-84-pers.pdf
05.09.2022;903P;19326/2021;;ordin-903P-Art-10-84-pers.pdf
05.09.2022;903P;19326/2021;;ordin-903P-Art-10-84-pers.pdf
05.09.2022;903P;26814/2021;;ordin-903P-Art-10-84-pers.pdf
05.09.2022;903P;33631/2021;;ordin-903P-Art-10-84-pers.pdf
05.09.2022;903P;20584/2021;;ordin-903P-Art-10-84-pers.pdf
05.09.2022;903P;34639/2021;;ordin-903P-Art-10-84-pers.pdf
05.09.2022;903P;33630/2021;Copii minori: 1;ordin-903P-Art-10-84-pers.pdf
05.09.2022;903P;26661/2021;;ordin-903P-Art-10-84-pers.pdf
05.09.2022;903P;26897/2021;Copii minori: 2;ordin-903P-Art-10-84-pers.pdf
05.09.2022;903P;17968/2021;Copii minori: 3;ordin-903P-Art-10-84-pers.pdf
05.09.2022;903P;17976/2021;Copii minori: 3;ordin-903P-Art-10-84-pers.pdf
05.09.2022;903P;27515/2021;;ordin-903P-Art-10-84-pers.pdf
05.09.2022;903P;27616/2021;;ordin-903P-Art-10-84-pers.pdf
05.09.2022;903P;34326/2021;;ordin-903P-Art-10-84-pers.pdf
05.09.2022;903P;19388/2021;;ordin-903P-Art-10-84-pers.pdf
05.09.2022;903P;26649/2021;Copii minori: 1;ordin-903P-Art-10-84-pers.pdf
05.09.2022;903P;26981/2021;Copii minori: 4;ordin-903P-Art-10-84-pers.pdf
05.09.2022;903P;67961/2019;;ordin-903P-Art-10-84-pers.pdf
05.09.2022;903P;33638/2021;;ordin-903P-Art-10-84-pers.pdf
05.09.2022;903P;26683/2021;;ordin-903P-Art-10-84-pers.pdf
05.09.2022;903P;21194/2021;Copii minori: 3;ordin-903P-Art-10-84-pers.pdf
05.09.2022;903P;26822/2021;;ordin-903P-Art-10-84-pers.pdf
05.09.2022;903P;26997/2021;Copii minori: 1;ordin-903P-Art-10-84-pers.pdf
05.09.2022;903P;26997/2021;;ordin-903P-Art-10-84-pers.pdf
05.09.2022;903P;34029/2021;Copii minori: 1;ordin-903P-Art-10-84-pers.pdf
05.09.2022;903P;26640/2021;Copii minori: 1;ordin-903P-Art-10-84-pers.pdf
05.09.2022;903P;26643/2021;;ordin-903P-Art-10-84-pers.pdf
05.09.2022;903P;26125/2021;;ordin-903P-Art-10-84-pers.pdf
05.09.2022;903P;17972/2021;Copii minori: 2;ordin-903P-Art-10-84-pers.pdf
05.09.2022;903P;34378/2021;;ordin-903P-Art-10-84-pers.pdf
05.09.2022;903P;34386/2021;;ordin-903P-Art-10-84-pers.pdf
05.09.2022;903P;34397/2021;Copii minori: 3;ordin-903P-Art-10-84-pers.pdf
05.09.2022;903P;34098/2021;;ordin-903P-Art-10-84-pers.pdf
05.09.2022;903P;17774/2021;;ordin-903P-Art-10-84-pers.pdf
05.09.2022;903P;17769/2021;;ordin-903P-Art-10-84-pers.pdf
05.09.2022;903P;56070/2019;;ordin-903P-Art-10-84-pers.pdf
05.09.2022;903P;34138/2021;;ordin-903P-Art-10-84-pers.pdf
05.09.2022;903P;34200/2021;;ordin-903P-Art-10-84-pers.pdf
05.09.2022;903P;19061/2021;Copii minori: 2;ordin-903P-Art-10-84-pers.pdf
05.09.2022;903P;19273/2021;;ordin-903P-Art-10-84-pers.pdf
05.09.2022;903P;27905/2021;;ordin-903P-Art-10-84-pers.pdf
05.09.2022;903P;27899/2021;;ordin-903P-Art-10-84-pers.pdf
05.09.2022;903P;26616/2021;;ordin-903P-Art-10-84-pers.pdf
05.09.2022;903P;26677/2021;;ordin-903P-Art-10-84-pers.pdf
05.09.2022;903P;26680/2021;;ordin-903P-Art-10-84-pers.pdf
05.09.2022;903P;33636/2021;;ordin-903P-Art-10-84-pers.pdf
05.09.2022;903P;20583/2021;Copii minori: 3;ordin-903P-Art-10-84-pers.pdf
05.09.2022;903P;34135/2021;Copii minori: 1;ordin-903P-Art-10-84-pers.pdf
05.09.2022;903P;26636/2021;Copii minori: 1;ordin-903P-Art-10-84-pers.pdf
05.09.2022;903P;26636/2021;;ordin-903P-Art-10-84-pers.pdf
05.09.2022;903P;34018/2021;;ordin-903P-Art-10-84-pers.pdf
05.09.2022;903P;26114/2021;Copii minori: 1;ordin-903P-Art-10-84-pers.pdf
30.08.2022;893P;23847/2020;;Ordin-893P-50-pers-art-10.pdf
30.08.2022;893P;24251/2020;;Ordin-893P-50-pers-art-10.pdf
30.08.2022;893P;23852/2020;;Ordin-893P-50-pers-art-10.pdf
30.08.2022;893P;1808/2021;;Ordin-893P-50-pers-art-10.pdf
30.08.2022;893P;1779/2021;Copii minori: 1;Ordin-893P-50-pers-art-10.pdf
30.08.2022;893P;1779/2021;;Ordin-893P-50-pers-art-10.pdf
30.08.2022;893P;22046/2020;;Ordin-893P-50-pers-art-10.pdf
30.08.2022;893P;20768/2020;;Ordin-893P-50-pers-art-10.pdf
30.08.2022;893P;24068/2020;;Ordin-893P-50-pers-art-10.pdf
30.08.2022;893P;9721/2021;;Ordin-893P-50-pers-art-10.pdf
30.08.2022;893P;9730/2021;;Ordin-893P-50-pers-art-10.pdf
30.08.2022;893P;9794/2021;;Ordin-893P-50-pers-art-10.pdf
30.08.2022;893P;23848/2020;;Ordin-893P-50-pers-art-10.pdf
30.08.2022;893P;4900/2021;Copii minori: 2;Ordin-893P-50-pers-art-10.pdf
30.08.2022;893P;3637/2021;Copii minori: 2;Ordin-893P-50-pers-art-10.pdf
30.08.2022;893P;4945/2021;;Ordin-893P-50-pers-art-10.pdf
30.08.2022;893P;3241/2021;Copii minori: 2;Ordin-893P-50-pers-art-10.pdf
30.08.2022;893P;1786/2021;;Ordin-893P-50-pers-art-10.pdf
30.08.2022;893P;1771/2021;;Ordin-893P-50-pers-art-10.pdf
30.08.2022;893P;23839/2020;;Ordin-893P-50-pers-art-10.pdf
30.08.2022;893P;23973/2020;;Ordin-893P-50-pers-art-10.pdf
30.08.2022;893P;26064/2021;;Ordin-893P-50-pers-art-10.pdf
30.08.2022;893P;6640/2021;Copii minori: 1;Ordin-893P-50-pers-art-10.pdf
30.08.2022;893P;23845/2020;Copii minori: 1;Ordin-893P-50-pers-art-10.pdf
30.08.2022;893P;23843/2020;;Ordin-893P-50-pers-art-10.pdf
30.08.2022;893P;3223/2021;;Ordin-893P-50-pers-art-10.pdf
30.08.2022;893P;3223/2021;;Ordin-893P-50-pers-art-10.pdf
30.08.2022;893P;3221/2021;Copii minori: 2;Ordin-893P-50-pers-art-10.pdf
30.08.2022;893P;23877/2020;;Ordin-893P-50-pers-art-10.pdf
30.08.2022;893P;20767/2020;;Ordin-893P-50-pers-art-10.pdf
30.08.2022;893P;20765/2020;;Ordin-893P-50-pers-art-10.pdf
30.08.2022;893P;23850/2020;;Ordin-893P-50-pers-art-10.pdf
30.08.2022;893P;1781/2021;Copii minori: 2;Ordin-893P-50-pers-art-10.pdf
30.08.2022;893P;23849/2020;;Ordin-893P-50-pers-art-10.pdf
30.08.2022;893P;23842/2020;;Ordin-893P-50-pers-art-10.pdf
30.08.2022;893P;20764/2020;;Ordin-893P-50-pers-art-10.pdf
30.08.2022;893P;23892/2020;Copii minori: 2;Ordin-893P-50-pers-art-10.pdf
30.08.2022;893P;23892/2020;;Ordin-893P-50-pers-art-10.pdf
30.08.2022;893P;936/2021;;Ordin-893P-50-pers-art-10.pdf
30.08.2022;893P;936/2021;;Ordin-893P-50-pers-art-10.pdf
30.08.2022;893P;23841/2020;Copii minori: 1;Ordin-893P-50-pers-art-10.pdf
30.08.2022;893P;1785/2021;Copii minori: 2;Ordin-893P-50-pers-art-10.pdf
30.08.2022;893P;1802/2021;Copii minori: 2;Ordin-893P-50-pers-art-10.pdf
30.08.2022;893P;62641/2019;;Ordin-893P-50-pers-art-10.pdf
30.08.2022;893P;23881/2020;;Ordin-893P-50-pers-art-10.pdf
30.08.2022;893P;23844/2020;;Ordin-893P-50-pers-art-10.pdf
30.08.2022;893P;23844/2020;Copii minori: 1;Ordin-893P-50-pers-art-10.pdf
30.08.2022;893P;23846/2020;Copii minori: 1;Ordin-893P-50-pers-art-10.pdf
30.08.2022;893P;62586/2019;Copii minori: 2;Ordin-893P-50-pers-art-10.pdf
30.08.2022;893P;23851/2020;;Ordin-893P-50-pers-art-10.pdf
08.08.2022;839P;44740/2021;;Ordin-839P-art.-10-1-pers.pdf
20.06.2022;705P;1765/2021;;ordin-nr.-705-din-20.06.2022.pdf
20.06.2022;705P;1767/2021;;ordin-nr.-705-din-20.06.2022.pdf
20.06.2022;705P;32025/2019;Copii minori: 2;ordin-nr.-705-din-20.06.2022.pdf
20.06.2022;705P;32077/2019;;ordin-nr.-705-din-20.06.2022.pdf
20.06.2022;705P;37938/2021;Copii minori: 1;ordin-nr.-705-din-20.06.2022.pdf
20.06.2022;705P;37938/2021;;ordin-nr.-705-din-20.06.2022.pdf
20.06.2022;705P;92736/2019;;ordin-nr.-705-din-20.06.2022.pdf
20.06.2022;705P;92591/2019;;ordin-nr.-705-din-20.06.2022.pdf
20.06.2022;705P;92591/2019;Copii minori: 1;ordin-nr.-705-din-20.06.2022.pdf
20.06.2022;705P;92591/2019;;ordin-nr.-705-din-20.06.2022.pdf
20.06.2022;705P;1763/2021;;ordin-nr.-705-din-20.06.2022.pdf
20.06.2022;705P;1748/2021;Copii minori: 1;ordin-nr.-705-din-20.06.2022.pdf
20.06.2022;705P;371/2020;;ordin-nr.-705-din-20.06.2022.pdf
20.06.2022;705P;37892/2021;Copii minori: 1;ordin-nr.-705-din-20.06.2022.pdf
20.06.2022;705P;37106/2021;;ordin-nr.-705-din-20.06.2022.pdf
20.06.2022;705P;37112/2021;;ordin-nr.-705-din-20.06.2022.pdf
20.06.2022;705P;37100/2021;;ordin-nr.-705-din-20.06.2022.pdf
20.06.2022;705P;38133/2021;;ordin-nr.-705-din-20.06.2022.pdf
20.06.2022;705P;37183/2021;;ordin-nr.-705-din-20.06.2022.pdf
20.06.2022;705P;37761/2021;;ordin-nr.-705-din-20.06.2022.pdf
20.06.2022;705P;37090/2021;;ordin-nr.-705-din-20.06.2022.pdf
20.06.2022;705P;37904/2021;;ordin-nr.-705-din-20.06.2022.pdf
20.06.2022;705P;1758/2021;;ordin-nr.-705-din-20.06.2022.pdf
20.06.2022;705P;37935/2021;Copii minori: 2;ordin-nr.-705-din-20.06.2022.pdf
20.06.2022;705P;37905/2021;;ordin-nr.-705-din-20.06.2022.pdf
20.06.2022;705P;1749/2021;;ordin-nr.-705-din-20.06.2022.pdf
20.06.2022;705P;37745/2021;;ordin-nr.-705-din-20.06.2022.pdf
20.06.2022;705P;37910/2021;;ordin-nr.-705-din-20.06.2022.pdf
20.06.2022;705P;37900/2021;;ordin-nr.-705-din-20.06.2022.pdf
20.06.2022;705P;37845/2021;Copii minori: 2;ordin-nr.-705-din-20.06.2022.pdf
20.06.2022;705P;1755/2021;Copii minori: 1;ordin-nr.-705-din-20.06.2022.pdf
20.06.2022;705P;919/2020;Copii minori: 1;ordin-nr.-705-din-20.06.2022.pdf
20.06.2022;705P;1746/2021;;ordin-nr.-705-din-20.06.2022.pdf
20.06.2022;705P;38890/2021;;ordin-nr.-705-din-20.06.2022.pdf
20.06.2022;705P;37886/2021;;ordin-nr.-705-din-20.06.2022.pdf
20.06.2022;705P;92731/2019;Copii minori: 2;ordin-nr.-705-din-20.06.2022.pdf
20.06.2022;705P;92718/2019;;ordin-nr.-705-din-20.06.2022.pdf
20.06.2022;705P;6992/2020;;ordin-nr.-705-din-20.06.2022.pdf
20.06.2022;705P;6986/2020;;ordin-nr.-705-din-20.06.2022.pdf
20.06.2022;705P;38011/2021;;ordin-nr.-705-din-20.06.2022.pdf
20.06.2022;705P;38011/2021;Copii minori: 1;ordin-nr.-705-din-20.06.2022.pdf
20.06.2022;705P;38005/2021;Copii minori: 3;ordin-nr.-705-din-20.06.2022.pdf
20.06.2022;705P;37996/2021;Copii minori: 3;ordin-nr.-705-din-20.06.2022.pdf
20.06.2022;705P;38018/2021;;ordin-nr.-705-din-20.06.2022.pdf
20.06.2022;705P;38887/2021;;ordin-nr.-705-din-20.06.2022.pdf
20.06.2022;705P;1753/2021;;ordin-nr.-705-din-20.06.2022.pdf
20.06.2022;705P;37233/2021;;ordin-nr.-705-din-20.06.2022.pdf
20.06.2022;705P;50977/2019;;ordin-nr.-705-din-20.06.2022.pdf
20.06.2022;705P;1745/2021;Copii minori: 1;ordin-nr.-705-din-20.06.2022.pdf
20.06.2022;705P;1757/2021;;ordin-nr.-705-din-20.06.2022.pdf
15.06.2022;692P;44815/2019;Copii minori: 1;Ordin-692P-art-10.pdf
15.06.2022;692P;25685/2021;;Ordin-692P-art-10.pdf
15.06.2022;692P;25682/2021;;Ordin-692P-art-10.pdf
15.06.2022;692P;25686/2021;;Ordin-692P-art-10.pdf
15.06.2022;692P;25686/2021;Copii minori: 2;Ordin-692P-art-10.pdf
15.06.2022;692P;38807/2019;;Ordin-692P-art-10.pdf
15.06.2022;692P;19147/2020;Copii minori: 1;Ordin-692P-art-10.pdf
15.06.2022;692P;19149/2020;;Ordin-692P-art-10.pdf
15.06.2022;692P;25713/2021;Copii minori: 2;Ordin-692P-art-10.pdf
15.06.2022;692P;38839/2019;;Ordin-692P-art-10.pdf
15.06.2022;692P;19126/2020;Copii minori: 1;Ordin-692P-art-10.pdf
15.06.2022;692P;25711/2021;;Ordin-692P-art-10.pdf
15.06.2022;692P;25703/2021;;Ordin-692P-art-10.pdf
15.06.2022;692P;25708/2021;Copii minori: 3;Ordin-692P-art-10.pdf
15.06.2022;692P;25683/2021;;Ordin-692P-art-10.pdf
15.06.2022;692P;25693/2021;Copii minori: 3;Ordin-692P-art-10.pdf
15.06.2022;692P;25707/2021;;Ordin-692P-art-10.pdf
15.06.2022;692P;25728/2021;;Ordin-692P-art-10.pdf
15.06.2022;692P;25690/2021;;Ordin-692P-art-10.pdf
15.06.2022;692P;25700/2021;;Ordin-692P-art-10.pdf
15.06.2022;692P;25699/2021;;Ordin-692P-art-10.pdf
15.06.2022;692P;25689/2021;;Ordin-692P-art-10.pdf
15.06.2022;692P;38807/2019;;Ordin-692P-art-10.pdf
15.06.2022;692P;19018/2020;;Ordin-692P-art-10.pdf
15.06.2022;692P;25692/2021;Copii minori: 1;Ordin-692P-art-10.pdf
15.06.2022;692P;25726/2021;Copii minori: 2;Ordin-692P-art-10.pdf
15.06.2022;692P;19025/2020;Copii minori: 1;Ordin-692P-art-10.pdf
15.06.2022;692P;19140/2020;;Ordin-692P-art-10.pdf
15.06.2022;692P;19144/2020;;Ordin-692P-art-10.pdf
15.06.2022;692P;25710/2021;Copii minori: 2;Ordin-692P-art-10.pdf
15.06.2022;692P;25712/2021;Copii minori: 1;Ordin-692P-art-10.pdf
15.06.2022;692P;25714/2021;Copii minori: 2;Ordin-692P-art-10.pdf
15.06.2022;692P;25704/2021;Copii minori: 2;Ordin-692P-art-10.pdf
15.06.2022;692P;25705/2021;;Ordin-692P-art-10.pdf
15.06.2022;692P;25695/2021;;Ordin-692P-art-10.pdf
15.06.2022;692P;19116/2020;;Ordin-692P-art-10.pdf
15.06.2022;692P;25691/2021;;Ordin-692P-art-10.pdf
15.06.2022;692P;19119/2020;;Ordin-692P-art-10.pdf
15.06.2022;692P;19121/2020;;Ordin-692P-art-10.pdf
15.06.2022;692P;56150/2019;;Ordin-692P-art-10.pdf
15.06.2022;692P;25730/2021;;Ordin-692P-art-10.pdf
15.06.2022;692P;25727/2021;;Ordin-692P-art-10.pdf
15.06.2022;692P;25729/2021;;Ordin-692P-art-10.pdf
15.06.2022;692P;25698/2021;;Ordin-692P-art-10.pdf
15.06.2022;692P;19133/2020;;Ordin-692P-art-10.pdf
15.06.2022;692P;19142/2020;;Ordin-692P-art-10.pdf
15.06.2022;692P;44845/2019;Copii minori: 2;Ordin-692P-art-10.pdf
15.06.2022;692P;19123/2020;Copii minori: 1;Ordin-692P-art-10.pdf
15.06.2022;692P;19138/2020;Copii minori: 1;Ordin-692P-art-10.pdf
15.06.2022;692P;19128/2020;Copii minori: 2;Ordin-692P-art-10.pdf
15.06.2022;692P;25731/2021;;Ordin-692P-art-10.pdf
15.06.2022;692P;25688/2021;;Ordin-692P-art-10.pdf
15.06.2022;692P;19136/2020;;Ordin-692P-art-10.pdf
03.06.2022;658P;40750/2021;;ordin-nr.-658-din-03.06.2022.pdf
03.06.2022;658P;40755/2021;;ordin-nr.-658-din-03.06.2022.pdf
03.06.2022;658P;40768/2021;;ordin-nr.-658-din-03.06.2022.pdf
03.06.2022;658P;40772/2021;;ordin-nr.-658-din-03.06.2022.pdf
03.06.2022;658P;40774/2021;;ordin-nr.-658-din-03.06.2022.pdf
20.05.2022;600P;15921/2020;;ordin-600P-ART-10-60p.pdf
20.05.2022;600P;15885/2020;;ordin-600P-ART-10-60p.pdf
20.05.2022;600P;15892/2020;;ordin-600P-ART-10-60p.pdf
20.05.2022;600P;17607/2020;Copii minori: 1;ordin-600P-ART-10-60p.pdf
20.05.2022;600P;17607/2020;;ordin-600P-ART-10-60p.pdf
20.05.2022;600P;17639/2020;;ordin-600P-ART-10-60p.pdf
20.05.2022;600P;19072/2020;;ordin-600P-ART-10-60p.pdf
20.05.2022;600P;4812/2021;;ordin-600P-ART-10-60p.pdf
20.05.2022;600P;38636/2019;Copii minori: 1;ordin-600P-ART-10-60p.pdf
20.05.2022;600P;19102/2020;;ordin-600P-ART-10-60p.pdf
20.05.2022;600P;15927/2020;;ordin-600P-ART-10-60p.pdf
20.05.2022;600P;38621/2019;Copii minori: 1;ordin-600P-ART-10-60p.pdf
20.05.2022;600P;38630/2019;;ordin-600P-ART-10-60p.pdf
20.05.2022;600P;19105/2020;Copii minori: 2;ordin-600P-ART-10-60p.pdf
20.05.2022;600P;4819/2021;;ordin-600P-ART-10-60p.pdf
20.05.2022;600P;16457/2020;;ordin-600P-ART-10-60p.pdf
20.05.2022;600P;16487/2020;;ordin-600P-ART-10-60p.pdf
20.05.2022;600P;16490/2020;;ordin-600P-ART-10-60p.pdf
20.05.2022;600P;16479/2020;;ordin-600P-ART-10-60p.pdf
20.05.2022;600P;16006/2020;Copii minori: 2;ordin-600P-ART-10-60p.pdf
20.05.2022;600P;38622/2019;;ordin-600P-ART-10-60p.pdf
20.05.2022;600P;38704/2019;;ordin-600P-ART-10-60p.pdf
20.05.2022;600P;38618/2019;;ordin-600P-ART-10-60p.pdf
20.05.2022;600P;15921/2020;Copii minori: 1;ordin-600P-ART-10-60p.pdf
20.05.2022;600P;1012/2020;;ordin-600P-ART-10-60p.pdf
20.05.2022;600P;4807/2021;Copii minori: 1;ordin-600P-ART-10-60p.pdf
20.05.2022;600P;17166/2020;;ordin-600P-ART-10-60p.pdf
20.05.2022;600P;16496/2020;Copii minori: 1;ordin-600P-ART-10-60p.pdf
20.05.2022;600P;4816/2021;;ordin-600P-ART-10-60p.pdf
20.05.2022;600P;4793/2021;;ordin-600P-ART-10-60p.pdf
20.05.2022;600P;4801/2021;;ordin-600P-ART-10-60p.pdf
20.05.2022;600P;17098/2020;;ordin-600P-ART-10-60p.pdf
20.05.2022;600P;19093/2020;Copii minori: 1;ordin-600P-ART-10-60p.pdf
20.05.2022;600P;19095/2020;;ordin-600P-ART-10-60p.pdf
20.05.2022;600P;4818/2021;;ordin-600P-ART-10-60p.pdf
20.05.2022;600P;19094/2020;;ordin-600P-ART-10-60p.pdf
20.05.2022;600P;4806/2021;;ordin-600P-ART-10-60p.pdf
20.05.2022;600P;19096/2020;;ordin-600P-ART-10-60p.pdf
20.05.2022;600P;19101/2020;;ordin-600P-ART-10-60p.pdf
20.05.2022;600P;19114/2020;;ordin-600P-ART-10-60p.pdf
20.05.2022;600P;17114/2020;Copii minori: 2;ordin-600P-ART-10-60p.pdf
20.05.2022;600P;19097/2020;;ordin-600P-ART-10-60p.pdf
20.05.2022;600P;4813/2021;;ordin-600P-ART-10-60p.pdf
20.05.2022;600P;38601/2019;;ordin-600P-ART-10-60p.pdf
20.05.2022;600P;4811/2021;Copii minori: 2;ordin-600P-ART-10-60p.pdf
20.05.2022;600P;4811/2021;;ordin-600P-ART-10-60p.pdf
20.05.2022;600P;4810/2021;;ordin-600P-ART-10-60p.pdf
20.05.2022;600P;4809/2021;Copii minori: 2;ordin-600P-ART-10-60p.pdf
20.05.2022;600P;4815/2021;;ordin-600P-ART-10-60p.pdf
20.05.2022;600P;4802/2021;;ordin-600P-ART-10-60p.pdf
20.05.2022;600P;38604/2019;Copii minori: 2;ordin-600P-ART-10-60p.pdf
20.05.2022;600P;51007/2019;;ordin-600P-ART-10-60p.pdf
20.05.2022;600P;4814/2021;;ordin-600P-ART-10-60p.pdf
20.05.2022;600P;19075/2020;Copii minori: 1;ordin-600P-ART-10-60p.pdf
20.05.2022;600P;4805/2021;;ordin-600P-ART-10-60p.pdf
20.05.2022;600P;15907/2020;;ordin-600P-ART-10-60p.pdf
20.05.2022;600P;4808/2021;Copii minori: 1;ordin-600P-ART-10-60p.pdf
20.05.2022;600P;15904/2020;;ordin-600P-ART-10-60p.pdf
20.05.2022;600P;15912/2020;;ordin-600P-ART-10-60p.pdf
20.05.2022;600P;4803/2021;;ordin-600P-ART-10-60p.pdf
12.05.2022;559P;41070/2021;Copii minori:1;ordin-559P-art-10.pdf
12.05.2022;559P;40963/2021;;ordin-559P-art-10.pdf
12.05.2022;559P;40963/2021;Copii minori:1;ordin-559P-art-10.pdf
12.05.2022;559P;40783/2021;Copii minori:2;ordin-559P-art-10.pdf
12.05.2022;559P;40782/2021;Copii minori:1;ordin-559P-art-10.pdf
12.05.2022;559P;41750/2021;Copii minori:2;ordin-559P-art-10.pdf
12.05.2022;559P;41943/2021;Copii minori:1;ordin-559P-art-10.pdf
12.05.2022;559P;40962/2021;;ordin-559P-art-10.pdf
12.05.2022;559P;41054/2021;Copii minori:2;ordin-559P-art-10.pdf
12.05.2022;559P;40739/2021;;ordin-559P-art-10.pdf
12.05.2022;559P;41995/2021;;ordin-559P-art-10.pdf
12.05.2022;559P;41720/2021;;ordin-559P-art-10.pdf
12.05.2022;559P;40747/2021;;ordin-559P-art-10.pdf
12.05.2022;559P;40743/2021;;ordin-559P-art-10.pdf
12.05.2022;559P;40741/2021;Copii minori:1;ordin-559P-art-10.pdf
12.05.2022;559P;41892/2021;Copii minori:2;ordin-559P-art-10.pdf
12.05.2022;559P;41779/2021;;ordin-559P-art-10.pdf
12.05.2022;559P;41815/2021;;ordin-559P-art-10.pdf
12.05.2022;559P;41049/2021;Copii minori:2;ordin-559P-art-10.pdf
12.05.2022;559P;41805/2021;Copii minori:1;ordin-559P-art-10.pdf
12.05.2022;559P;40961/2021;;ordin-559P-art-10.pdf
12.05.2022;559P;41855/2021;;ordin-559P-art-10.pdf
11.04.2022;417P;8013/2020;;ORDIN-417P-Art-10-75-PERS.pdf
11.04.2022;417P;3627/2021;;ORDIN-417P-Art-10-75-PERS.pdf
11.04.2022;417P;5118/2021;Copii minori: 2;ORDIN-417P-Art-10-75-PERS.pdf
11.04.2022;417P;5121/2021;Copii minori: 3;ORDIN-417P-Art-10-75-PERS.pdf
11.04.2022;417P;5120/2021;;ORDIN-417P-Art-10-75-PERS.pdf
11.04.2022;417P;5091/2021;;ORDIN-417P-Art-10-75-PERS.pdf
11.04.2022;417P;3187/2021;;ORDIN-417P-Art-10-75-PERS.pdf
11.04.2022;417P;3184/2021;Copii minori: 1;ORDIN-417P-Art-10-75-PERS.pdf
11.04.2022;417P;5932/2021;;ORDIN-417P-Art-10-75-PERS.pdf
11.04.2022;417P;4832/2021;;ORDIN-417P-Art-10-75-PERS.pdf
11.04.2022;417P;22879/2020;Copii minori: 1;ORDIN-417P-Art-10-75-PERS.pdf
11.04.2022;417P;3182/2021;;ORDIN-417P-Art-10-75-PERS.pdf
11.04.2022;417P;8337/2020;;ORDIN-417P-Art-10-75-PERS.pdf
11.04.2022;417P;3180/2021;;ORDIN-417P-Art-10-75-PERS.pdf
11.04.2022;417P;8035/2020;;ORDIN-417P-Art-10-75-PERS.pdf
11.04.2022;417P;4827/2021;;ORDIN-417P-Art-10-75-PERS.pdf
11.04.2022;417P;85474/2019;;ORDIN-417P-Art-10-75-PERS.pdf
11.04.2022;417P;85470/2019;;ORDIN-417P-Art-10-75-PERS.pdf
11.04.2022;417P;3178/2021;Copii minori: 2;ORDIN-417P-Art-10-75-PERS.pdf
11.04.2022;417P;4831/2021;;ORDIN-417P-Art-10-75-PERS.pdf
11.04.2022;417P;3179/2021;;ORDIN-417P-Art-10-75-PERS.pdf
11.04.2022;417P;5597/2021;;ORDIN-417P-Art-10-75-PERS.pdf
11.04.2022;417P;5515/2021;;ORDIN-417P-Art-10-75-PERS.pdf
11.04.2022;417P;3175/2021;;ORDIN-417P-Art-10-75-PERS.pdf
11.04.2022;417P;5735/2021;Copii minori: 1;ORDIN-417P-Art-10-75-PERS.pdf
11.04.2022;417P;3377/2021;;ORDIN-417P-Art-10-75-PERS.pdf
11.04.2022;417P;3373/2021;;ORDIN-417P-Art-10-75-PERS.pdf
11.04.2022;417P;4835/2021;;ORDIN-417P-Art-10-75-PERS.pdf
11.04.2022;417P;4829/2021;;ORDIN-417P-Art-10-75-PERS.pdf
11.04.2022;417P;4823/2021;;ORDIN-417P-Art-10-75-PERS.pdf
11.04.2022;417P;3176/2021;;ORDIN-417P-Art-10-75-PERS.pdf
11.04.2022;417P;5173/2021;;ORDIN-417P-Art-10-75-PERS.pdf
11.04.2022;417P;3177/2021;Copii minori: 1;ORDIN-417P-Art-10-75-PERS.pdf
11.04.2022;417P;3177/2021;;ORDIN-417P-Art-10-75-PERS.pdf
11.04.2022;417P;3183/2021;;ORDIN-417P-Art-10-75-PERS.pdf
11.04.2022;417P;5555/2021;;ORDIN-417P-Art-10-75-PERS.pdf
11.04.2022;417P;3622/2021;;ORDIN-417P-Art-10-75-PERS.pdf
11.04.2022;417P;3621/2021;;ORDIN-417P-Art-10-75-PERS.pdf
11.04.2022;417P;6475/2021;;ORDIN-417P-Art-10-75-PERS.pdf
11.04.2022;417P;3186/2021;Copii minori: 1;ORDIN-417P-Art-10-75-PERS.pdf
11.04.2022;417P;5556/2021;Copii minori: 1;ORDIN-417P-Art-10-75-PERS.pdf
11.04.2022;417P;3185/2021;;ORDIN-417P-Art-10-75-PERS.pdf
11.04.2022;417P;4838/2021;;ORDIN-417P-Art-10-75-PERS.pdf
11.04.2022;417P;4826/2021;;ORDIN-417P-Art-10-75-PERS.pdf
11.04.2022;417P;4834/2021;Copii minori: 2;ORDIN-417P-Art-10-75-PERS.pdf
11.04.2022;417P;8727/2020;;ORDIN-417P-Art-10-75-PERS.pdf
11.04.2022;417P;8682/2020;;ORDIN-417P-Art-10-75-PERS.pdf
11.04.2022;417P;8032/2020;Copii minori: 1;ORDIN-417P-Art-10-75-PERS.pdf
11.04.2022;417P;4822/2021;Copii minori: 2;ORDIN-417P-Art-10-75-PERS.pdf
11.04.2022;417P;6476/2021;Copii minori: 1;ORDIN-417P-Art-10-75-PERS.pdf
11.04.2022;417P;8042/2020;Copii minori: 2;ORDIN-417P-Art-10-75-PERS.pdf
11.04.2022;417P;4828/2021;;ORDIN-417P-Art-10-75-PERS.pdf
11.04.2022;417P;4830/2021;;ORDIN-417P-Art-10-75-PERS.pdf
11.04.2022;417P;3174/2021;;ORDIN-417P-Art-10-75-PERS.pdf
11.04.2022;417P;85529/2019;;ORDIN-417P-Art-10-75-PERS.pdf
11.04.2022;417P;5773/2021;;ORDIN-417P-Art-10-75-PERS.pdf
11.04.2022;417P;22877/2020;Copii minori: 1;ORDIN-417P-Art-10-75-PERS.pdf
11.04.2022;417P;4833/2021;;ORDIN-417P-Art-10-75-PERS.pdf
11.04.2022;417P;8547/2020;;ORDIN-417P-Art-10-75-PERS.pdf
11.04.2022;417P;5133/2021;;ORDIN-417P-Art-10-75-PERS.pdf
11.04.2022;417P;5994/2021;Copii minori: 1;ORDIN-417P-Art-10-75-PERS.pdf
11.04.2022;417P;5998/2021;;ORDIN-417P-Art-10-75-PERS.pdf
11.04.2022;417P;8730/2020;;ORDIN-417P-Art-10-75-PERS.pdf
11.04.2022;417P;6313/2021;;ORDIN-417P-Art-10-75-PERS.pdf
11.04.2022;417P;5548/2021;;ORDIN-417P-Art-10-75-PERS.pdf
11.04.2022;417P;5548/2021;Copii minori: 1;ORDIN-417P-Art-10-75-PERS.pdf
11.04.2022;417P;4837/2021;;ORDIN-417P-Art-10-75-PERS.pdf
11.04.2022;417P;8686/2020;;ORDIN-417P-Art-10-75-PERS.pdf
11.04.2022;417P;5493/2021;Copii minori: 2;ORDIN-417P-Art-10-75-PERS.pdf
11.04.2022;417P;5516/2021;;ORDIN-417P-Art-10-75-PERS.pdf
11.04.2022;417P;5553/2021;Copii minori: 1;ORDIN-417P-Art-10-75-PERS.pdf
11.04.2022;417P;3173/2021;Copii minori: 1;ORDIN-417P-Art-10-75-PERS.pdf
11.04.2022;417P;4825/2021;;ORDIN-417P-Art-10-75-PERS.pdf
11.04.2022;417P;5098/2021;Copii minori: 1;ORDIN-417P-Art-10-75-PERS.pdf
11.04.2022;417P;5098/2021;;ORDIN-417P-Art-10-75-PERS.pdf
01.04.2022;352P;21200/2020;;ordin-nr.-352P-din-01.04.2022.pdf
01.04.2022;352P;6491/2021;;ordin-nr.-352P-din-01.04.2022.pdf
01.04.2022;352P;6494/2021;Copii minori: 1;ordin-nr.-352P-din-01.04.2022.pdf
01.04.2022;352P;15127/2020;;ordin-nr.-352P-din-01.04.2022.pdf
01.04.2022;352P;15133/2020;Copii minori: 1;ordin-nr.-352P-din-01.04.2022.pdf
01.04.2022;352P;6492/2021;;ordin-nr.-352P-din-01.04.2022.pdf
01.04.2022;352P;6493/2021;Copii minori: 3;ordin-nr.-352P-din-01.04.2022.pdf
01.04.2022;352P;15027/2020;;ordin-nr.-352P-din-01.04.2022.pdf
01.04.2022;352P;6483/2021;;ordin-nr.-352P-din-01.04.2022.pdf
01.04.2022;352P;14734/2020;;ordin-nr.-352P-din-01.04.2022.pdf
01.04.2022;352P;13855/2020;;ordin-nr.-352P-din-01.04.2022.pdf
01.04.2022;352P;13852/2020;;ordin-nr.-352P-din-01.04.2022.pdf
01.04.2022;352P;6489/2021;Copii minori: 1;ordin-nr.-352P-din-01.04.2022.pdf
01.04.2022;352P;6497/2021;;ordin-nr.-352P-din-01.04.2022.pdf
01.04.2022;352P;6482/2021;Copii minori: 1;ordin-nr.-352P-din-01.04.2022.pdf
01.04.2022;352P;6479/2021;;ordin-nr.-352P-din-01.04.2022.pdf
01.04.2022;352P;6484/2021;;ordin-nr.-352P-din-01.04.2022.pdf
01.04.2022;352P;6477/2021;;ordin-nr.-352P-din-01.04.2022.pdf
01.04.2022;352P;15066/2020;;ordin-nr.-352P-din-01.04.2022.pdf
01.04.2022;352P;14086/2020;Copii minori: 1;ordin-nr.-352P-din-01.04.2022.pdf
01.04.2022;352P;22945/2020;;ordin-nr.-352P-din-01.04.2022.pdf
01.04.2022;352P;15836/2020;;ordin-nr.-352P-din-01.04.2022.pdf
01.04.2022;352P;15841/2020;;ordin-nr.-352P-din-01.04.2022.pdf
01.04.2022;352P;15833/2020;Copii minori: 1;ordin-nr.-352P-din-01.04.2022.pdf
01.04.2022;352P;6495/2021;;ordin-nr.-352P-din-01.04.2022.pdf
01.04.2022;352P;80144/2018;;ordin-nr.-352P-din-01.04.2022.pdf
01.04.2022;352P;6486/2021;Copii minori: 2;ordin-nr.-352P-din-01.04.2022.pdf
01.04.2022;352P;102278/2019;;ordin-nr.-352P-din-01.04.2022.pdf
01.04.2022;352P;6490/2021;;ordin-nr.-352P-din-01.04.2022.pdf
01.04.2022;352P;6478/2021;;ordin-nr.-352P-din-01.04.2022.pdf
01.04.2022;352P;6480/2021;;ordin-nr.-352P-din-01.04.2022.pdf
01.04.2022;352P;6496/2021;;ordin-nr.-352P-din-01.04.2022.pdf
01.04.2022;352P;6481/2021;;ordin-nr.-352P-din-01.04.2022.pdf
01.04.2022;352P;15020/2020;Copii minori: 2;ordin-nr.-352P-din-01.04.2022.pdf
01.04.2022;352P;14872/2020;Copii minori: 2;ordin-nr.-352P-din-01.04.2022.pdf
01.04.2022;352P;6487/2021;Copii minori: 3;ordin-nr.-352P-din-01.04.2022.pdf
01.04.2022;352P;14868/2020;Copii minori: 2;ordin-nr.-352P-din-01.04.2022.pdf
01.04.2022;352P;1001/2020;;ordin-nr.-352P-din-01.04.2022.pdf
01.04.2022;352P;993/2020;;ordin-nr.-352P-din-01.04.2022.pdf
01.04.2022;352P;15516/2020;;ordin-nr.-352P-din-01.04.2022.pdf
01.04.2022;352P;4836/2021;;ordin-nr.-352P-din-01.04.2022.pdf
01.04.2022;352P;21203/2020;;ordin-nr.-352P-din-01.04.2022.pdf
10.03.2022;231P;37970/2019;;ordin-231P-art-10.pdf
28.02.2022;188P;94413/2018;;ORDIN-188P-ART-10-69-PERS.pdf
28.02.2022;188P;22334/2020;;ORDIN-188P-ART-10-69-PERS.pdf
28.02.2022;188P;25209/2020;;ORDIN-188P-ART-10-69-PERS.pdf
28.02.2022;188P;22248/2020;;ORDIN-188P-ART-10-69-PERS.pdf
28.02.2022;188P;22246/2020;;ORDIN-188P-ART-10-69-PERS.pdf
28.02.2022;188P;22247/2020;;ORDIN-188P-ART-10-69-PERS.pdf
28.02.2022;188P;25033/2020;;ORDIN-188P-ART-10-69-PERS.pdf
28.02.2022;188P;22333/2020;Copii minori: 2;ORDIN-188P-ART-10-69-PERS.pdf
28.02.2022;188P;19437/2020;Copii minori: 2;ORDIN-188P-ART-10-69-PERS.pdf
28.02.2022;188P;25316/2020;Copii minori: 2;ORDIN-188P-ART-10-69-PERS.pdf
28.02.2022;188P;19430/2020;;ORDIN-188P-ART-10-69-PERS.pdf
28.02.2022;188P;25460/2020;;ORDIN-188P-ART-10-69-PERS.pdf
28.02.2022;188P;23166/2020;;ORDIN-188P-ART-10-69-PERS.pdf
28.02.2022;188P;22092/2020;;ORDIN-188P-ART-10-69-PERS.pdf
28.02.2022;188P;19419/2020;;ORDIN-188P-ART-10-69-PERS.pdf
28.02.2022;188P;22385/2020;;ORDIN-188P-ART-10-69-PERS.pdf
28.02.2022;188P;22869/2020;;ORDIN-188P-ART-10-69-PERS.pdf
28.02.2022;188P;24924/2020;;ORDIN-188P-ART-10-69-PERS.pdf
28.02.2022;188P;24911/2020;;ORDIN-188P-ART-10-69-PERS.pdf
28.02.2022;188P;24916/2020;;ORDIN-188P-ART-10-69-PERS.pdf
28.02.2022;188P;5325/2019;;ORDIN-188P-ART-10-69-PERS.pdf
28.02.2022;188P;25081/2020;;ORDIN-188P-ART-10-69-PERS.pdf
28.02.2022;188P;25044/2020;;ORDIN-188P-ART-10-69-PERS.pdf
28.02.2022;188P;22043/2020;;ORDIN-188P-ART-10-69-PERS.pdf
28.02.2022;188P;22453/2020;;ORDIN-188P-ART-10-69-PERS.pdf
28.02.2022;188P;22449/2020;;ORDIN-188P-ART-10-69-PERS.pdf
28.02.2022;188P;19432/2020;;ORDIN-188P-ART-10-69-PERS.pdf
28.02.2022;188P;19418/2020;Copii minori: 3;ORDIN-188P-ART-10-69-PERS.pdf
28.02.2022;188P;19448/2020;;ORDIN-188P-ART-10-69-PERS.pdf
28.02.2022;188P;22395/2020;;ORDIN-188P-ART-10-69-PERS.pdf
28.02.2022;188P;22396/2020;;ORDIN-188P-ART-10-69-PERS.pdf
28.02.2022;188P;22336/2020;;ORDIN-188P-ART-10-69-PERS.pdf
28.02.2022;188P;22335/2020;Copii minori: 1;ORDIN-188P-ART-10-69-PERS.pdf
28.02.2022;188P;19434/2020;Copii minori: 1;ORDIN-188P-ART-10-69-PERS.pdf
28.02.2022;188P;22565/2019;;ORDIN-188P-ART-10-69-PERS.pdf
28.02.2022;188P;23837/2020;;ORDIN-188P-ART-10-69-PERS.pdf
28.02.2022;188P;19415/2020;;ORDIN-188P-ART-10-69-PERS.pdf
28.02.2022;188P;23212/2020;;ORDIN-188P-ART-10-69-PERS.pdf
28.02.2022;188P;19431/2020;;ORDIN-188P-ART-10-69-PERS.pdf
28.02.2022;188P;19433/2020;;ORDIN-188P-ART-10-69-PERS.pdf
28.02.2022;188P;25057/2020;;ORDIN-188P-ART-10-69-PERS.pdf
28.02.2022;188P;25057/2020;;ORDIN-188P-ART-10-69-PERS.pdf
28.02.2022;188P;23167/2020;;ORDIN-188P-ART-10-69-PERS.pdf
28.02.2022;188P;23167/2020;Copii minori: 1;ORDIN-188P-ART-10-69-PERS.pdf
28.02.2022;188P;23762/2020;;ORDIN-188P-ART-10-69-PERS.pdf
28.02.2022;188P;22946/2020;;ORDIN-188P-ART-10-69-PERS.pdf
28.02.2022;188P;23638/2020;;ORDIN-188P-ART-10-69-PERS.pdf
28.02.2022;188P;22393/2020;;ORDIN-188P-ART-10-69-PERS.pdf
28.02.2022;188P;25613/2020;;ORDIN-188P-ART-10-69-PERS.pdf
28.02.2022;188P;25501/2020;;ORDIN-188P-ART-10-69-PERS.pdf
28.02.2022;188P;25355/2020;;ORDIN-188P-ART-10-69-PERS.pdf
28.02.2022;188P;19413/2020;Copii minori: 1;ORDIN-188P-ART-10-69-PERS.pdf
28.02.2022;188P;19435/2020;;ORDIN-188P-ART-10-69-PERS.pdf
28.02.2022;188P;22184/2020;;ORDIN-188P-ART-10-69-PERS.pdf
28.02.2022;188P;22448/2020;Copii minori: 2;ORDIN-188P-ART-10-69-PERS.pdf
28.02.2022;188P;25614/2020;;ORDIN-188P-ART-10-69-PERS.pdf
28.02.2022;188P;22249/2020;;ORDIN-188P-ART-10-69-PERS.pdf
28.02.2022;188P;22121/2020;;ORDIN-188P-ART-10-69-PERS.pdf
28.02.2022;188P;22948/2020;Copii minori: 2;ORDIN-188P-ART-10-69-PERS.pdf
28.02.2022;188P;22947/2020;;ORDIN-188P-ART-10-69-PERS.pdf
28.02.2022;188P;22389/2020;;ORDIN-188P-ART-10-69-PERS.pdf
28.02.2022;188P;23637/2020;;ORDIN-188P-ART-10-69-PERS.pdf
28.02.2022;188P;23640/2020;;ORDIN-188P-ART-10-69-PERS.pdf
28.02.2022;188P;23639/2020;;ORDIN-188P-ART-10-69-PERS.pdf
28.02.2022;188P;19424/2020;;ORDIN-188P-ART-10-69-PERS.pdf
28.02.2022;188P;23170/2020;;ORDIN-188P-ART-10-69-PERS.pdf
28.02.2022;188P;19436/2020;;ORDIN-188P-ART-10-69-PERS.pdf
28.02.2022;188P;25591/2020;;ORDIN-188P-ART-10-69-PERS.pdf
04.02.2022;71P;11536/2020;Copii minori: 1;Ordin-71P-art-10.pdf
04.02.2022;71P;11532/2020;;Ordin-71P-art-10.pdf
04.02.2022;71P;11526/2020;;Ordin-71P-art-10.pdf
04.02.2022;71P;11527/2020;;Ordin-71P-art-10.pdf
04.02.2022;71P;11529/2020;;Ordin-71P-art-10.pdf
04.02.2022;71P;19453/2020;;Ordin-71P-art-10.pdf
04.02.2022;71P;19426/2020;Copii minori: 2;Ordin-71P-art-10.pdf
04.02.2022;71P;11535/2020;;Ordin-71P-art-10.pdf
04.02.2022;71P;11543/2020;;Ordin-71P-art-10.pdf
04.02.2022;71P;11539/2020;;Ordin-71P-art-10.pdf
04.02.2022;71P;19450/2020;;Ordin-71P-art-10.pdf
04.02.2022;71P;11138/2020;;Ordin-71P-art-10.pdf
04.02.2022;71P;11525/2020;;Ordin-71P-art-10.pdf
04.02.2022;71P;19425/2020;;Ordin-71P-art-10.pdf
04.02.2022;71P;94683/2018;;Ordin-71P-art-10.pdf
04.02.2022;71P;19451/2020;;Ordin-71P-art-10.pdf
04.02.2022;71P;19443/2020;;Ordin-71P-art-10.pdf
04.02.2022;71P;19438/2020;;Ordin-71P-art-10.pdf
04.02.2022;71P;10856/2020;;Ordin-71P-art-10.pdf
04.02.2022;71P;10863/2020;;Ordin-71P-art-10.pdf
04.02.2022;71P;19447/2020;;Ordin-71P-art-10.pdf
04.02.2022;71P;19446/2020;;Ordin-71P-art-10.pdf
04.02.2022;71P;19452/2020;;Ordin-71P-art-10.pdf
04.02.2022;71P;19441/2020;;Ordin-71P-art-10.pdf
04.02.2022;71P;11544/2020;;Ordin-71P-art-10.pdf
04.02.2022;71P;19449/2020;;Ordin-71P-art-10.pdf
04.02.2022;71P;87868/2019;Copii minori: 2;Ordin-71P-art-10.pdf
04.02.2022;71P;87862/2019;Copii minori: 2;Ordin-71P-art-10.pdf
04.02.2022;71P;11528/2020;;Ordin-71P-art-10.pdf
04.02.2022;71P;19442/2020;Copii minori: 1;Ordin-71P-art-10.pdf
04.02.2022;71P;11541/2020;;Ordin-71P-art-10.pdf
04.02.2022;71P;11538/2020;;Ordin-71P-art-10.pdf
04.02.2022;71P;19440/2020;;Ordin-71P-art-10.pdf
04.02.2022;71P;11531/2020;;Ordin-71P-art-10.pdf
04.02.2022;71P;11533/2020;;Ordin-71P-art-10.pdf
04.02.2022;71P;11530/2020;Copii minori: 2;Ordin-71P-art-10.pdf
04.02.2022;71P;19445/2020;;Ordin-71P-art-10.pdf
04.02.2022;71P;22950/2020;;Ordin-71P-art-10.pdf
04.02.2022;71P;22952/2020;;Ordin-71P-art-10.pdf
04.02.2022;71P;22949/2020;;Ordin-71P-art-10.pdf
04.02.2022;71P;5090/2020;;Ordin-71P-art-10.pdf
04.02.2022;71P;5090/2020;Copii minori: 1;Ordin-71P-art-10.pdf
04.02.2022;71P;19421/2020;Copii minori: 1;Ordin-71P-art-10.pdf
04.02.2022;71P;11537/2020;Copii minori: 2;Ordin-71P-art-10.pdf
04.02.2022;71P;8738/2020;;Ordin-71P-art-10.pdf
04.02.2022;71P;11534/2020;Copii minori: 4;Ordin-71P-art-10.pdf
04.02.2022;71P;11540/2020;;Ordin-71P-art-10.pdf
04.02.2022;71P;23877/2019;;Ordin-71P-art-10.pdf
04.02.2022;71P;11542/2020;;Ordin-71P-art-10.pdf
04.02.2022;71P;19420/2020;;Ordin-71P-art-10.pdf
04.02.2022;71P;19444/2020;;Ordin-71P-art-10.pdf
04.02.2022;71P;19454/2020;;Ordin-71P-art-10.pdf
21.01.2022;33P;11491/2020;;ordin-nr.-33-21.01.2022.pdf
21.01.2022;33P;11489/2020;Copii minori: 1;ordin-nr.-33-21.01.2022.pdf
21.01.2022;33P;22401/2019;;ordin-nr.-33-21.01.2022.pdf
21.01.2022;33P;11504/2020;Copii minori: 2;ordin-nr.-33-21.01.2022.pdf
21.01.2022;33P;23158/2020;;ordin-nr.-33-21.01.2022.pdf
21.01.2022;33P;22977/2020;;ordin-nr.-33-21.01.2022.pdf
21.01.2022;33P;1780/2021;;ordin-nr.-33-21.01.2022.pdf
21.01.2022;33P;23152/2020;;ordin-nr.-33-21.01.2022.pdf
21.01.2022;33P;23165/2020;;ordin-nr.-33-21.01.2022.pdf
21.01.2022;33P;23161/2020;Copii minori: 1;ordin-nr.-33-21.01.2022.pdf
21.01.2022;33P;23163/2020;;ordin-nr.-33-21.01.2022.pdf
21.01.2022;33P;23150/2020;;ordin-nr.-33-21.01.2022.pdf
21.01.2022;33P;23162/2020;;ordin-nr.-33-21.01.2022.pdf
21.01.2022;33P;96772/2019;;ordin-nr.-33-21.01.2022.pdf
21.01.2022;33P;23160/2020;Copii minori: 1;ordin-nr.-33-21.01.2022.pdf
21.01.2022;33P;18575/2019;;ordin-nr.-33-21.01.2022.pdf
21.01.2022;33P;18588/2019;;ordin-nr.-33-21.01.2022.pdf
21.01.2022;33P;83229/2019;;ordin-nr.-33-21.01.2022.pdf
21.01.2022;33P;91815/2019;;ordin-nr.-33-21.01.2022.pdf
21.01.2022;33P;11483/2020;;ordin-nr.-33-21.01.2022.pdf
21.01.2022;33P;11495/2020;Copii minori: 2;ordin-nr.-33-21.01.2022.pdf
21.01.2022;33P;23157/2020;;ordin-nr.-33-21.01.2022.pdf
21.01.2022;33P;56020/2019;;ordin-nr.-33-21.01.2022.pdf
21.01.2022;33P;23164/2020;;ordin-nr.-33-21.01.2022.pdf
21.01.2022;33P;22636/2019;;ordin-nr.-33-21.01.2022.pdf
21.01.2022;33P;22636/2019;;ordin-nr.-33-21.01.2022.pdf
21.01.2022;33P;23154/2020;;ordin-nr.-33-21.01.2022.pdf
21.01.2022;33P;23151/2020;Copii minori: 1;ordin-nr.-33-21.01.2022.pdf
21.01.2022;33P;22990/2020;;ordin-nr.-33-21.01.2022.pdf
21.01.2022;33P;94664/2019;;ordin-nr.-33-21.01.2022.pdf
21.01.2022;33P;45694/2017;Copii minori: 2;ordin-nr.-33-21.01.2022.pdf
21.01.2022;33P;19012/2020;;ordin-nr.-33-21.01.2022.pdf
21.01.2022;33P;19013/2020;;ordin-nr.-33-21.01.2022.pdf
21.01.2022;33P;23155/2020;;ordin-nr.-33-21.01.2022.pdf
21.01.2022;33P;22981/2020;;ordin-nr.-33-21.01.2022.pdf
21.01.2022;33P;23153/2020;;ordin-nr.-33-21.01.2022.pdf
21.01.2022;33P;18561/2019;;ordin-nr.-33-21.01.2022.pdf
21.01.2022;33P;23149/2020;;ordin-nr.-33-21.01.2022.pdf
21.01.2022;33P;23156/2020;;ordin-nr.-33-21.01.2022.pdf
24.12.2021;1830P;22691/2020;Copii minori: 1;Ordin-nr.-1830P-din-24.12.2021.pdf
24.12.2021;1830P;22698/2020;;Ordin-nr.-1830P-din-24.12.2021.pdf
24.12.2021;1830P;19489/2020;Copii minori: 1;Ordin-nr.-1830P-din-24.12.2021.pdf
24.12.2021;1830P;22867/2020;;Ordin-nr.-1830P-din-24.12.2021.pdf
24.12.2021;1830P;82584/2019;;Ordin-nr.-1830P-din-24.12.2021.pdf
24.12.2021;1830P;19491/2020;;Ordin-nr.-1830P-din-24.12.2021.pdf
24.12.2021;1830P;19482/2020;;Ordin-nr.-1830P-din-24.12.2021.pdf
24.12.2021;1830P;22968/2020;;Ordin-nr.-1830P-din-24.12.2021.pdf
24.12.2021;1830P;19495/2020;;Ordin-nr.-1830P-din-24.12.2021.pdf
24.12.2021;1830P;11485/2020;;Ordin-nr.-1830P-din-24.12.2021.pdf
24.12.2021;1830P;19476/2020;Copii minori: 1;Ordin-nr.-1830P-din-24.12.2021.pdf
24.12.2021;1830P;19487/2020;;Ordin-nr.-1830P-din-24.12.2021.pdf
24.12.2021;1830P;19487/2020;;Ordin-nr.-1830P-din-24.12.2021.pdf
24.12.2021;1830P;19478/2020;;Ordin-nr.-1830P-din-24.12.2021.pdf
24.12.2021;1830P;19485/2020;Copii minori: 2;Ordin-nr.-1830P-din-24.12.2021.pdf
24.12.2021;1830P;11499/2020;;Ordin-nr.-1830P-din-24.12.2021.pdf
24.12.2021;1830P;22696/2020;;Ordin-nr.-1830P-din-24.12.2021.pdf
24.12.2021;1830P;22699/2020;;Ordin-nr.-1830P-din-24.12.2021.pdf
24.12.2021;1830P;19486/2020;;Ordin-nr.-1830P-din-24.12.2021.pdf
24.12.2021;1830P;19492/2020;Copii minori: 1;Ordin-nr.-1830P-din-24.12.2021.pdf
24.12.2021;1830P;19480/2020;;Ordin-nr.-1830P-din-24.12.2021.pdf
24.12.2021;1830P;82583/2019;Copii minori: 1;Ordin-nr.-1830P-din-24.12.2021.pdf
24.12.2021;1830P;21654/2020;Copii minori: 3;Ordin-nr.-1830P-din-24.12.2021.pdf
24.12.2021;1830P;21647/2020;;Ordin-nr.-1830P-din-24.12.2021.pdf
24.12.2021;1830P;21645/2020;;Ordin-nr.-1830P-din-24.12.2021.pdf
24.12.2021;1830P;21649/2020;;Ordin-nr.-1830P-din-24.12.2021.pdf
24.12.2021;1830P;21659/2020;;Ordin-nr.-1830P-din-24.12.2021.pdf
24.12.2021;1830P;19496/2020;Copii minori: 1;Ordin-nr.-1830P-din-24.12.2021.pdf
24.12.2021;1830P;19481/2020;;Ordin-nr.-1830P-din-24.12.2021.pdf
24.12.2021;1830P;69191/2019;;Ordin-nr.-1830P-din-24.12.2021.pdf
24.12.2021;1830P;19494/2020;Copii minori: 2;Ordin-nr.-1830P-din-24.12.2021.pdf
24.12.2021;1830P;22563/2020;;Ordin-nr.-1830P-din-24.12.2021.pdf
24.12.2021;1830P;83250/2019;;Ordin-nr.-1830P-din-24.12.2021.pdf
24.12.2021;1830P;19477/2020;Copii minori: 1;Ordin-nr.-1830P-din-24.12.2021.pdf
24.12.2021;1830P;19490/2020;;Ordin-nr.-1830P-din-24.12.2021.pdf
24.12.2021;1830P;21656/2020;;Ordin-nr.-1830P-din-24.12.2021.pdf
24.12.2021;1830P;21655/2020;;Ordin-nr.-1830P-din-24.12.2021.pdf
24.12.2021;1830P;22564/2020;;Ordin-nr.-1830P-din-24.12.2021.pdf
24.12.2021;1830P;19483/2020;;Ordin-nr.-1830P-din-24.12.2021.pdf
24.12.2021;1830P;1009/2020;;Ordin-nr.-1830P-din-24.12.2021.pdf
24.12.2021;1830P;21658/2020;;Ordin-nr.-1830P-din-24.12.2021.pdf
24.12.2021;1830P;19484/2020;;Ordin-nr.-1830P-din-24.12.2021.pdf
24.12.2021;1830P;22953/2020;;Ordin-nr.-1830P-din-24.12.2021.pdf
24.12.2021;1830P;19493/2020;;Ordin-nr.-1830P-din-24.12.2021.pdf
24.12.2021;1830P;75821/2019;;Ordin-nr.-1830P-din-24.12.2021.pdf
24.12.2021;1830P;75821/2019;;Ordin-nr.-1830P-din-24.12.2021.pdf
24.12.2021;1830P;75789/2019;Copii minori: 1;Ordin-nr.-1830P-din-24.12.2021.pdf
24.12.2021;1830P;75799/2019;;Ordin-nr.-1830P-din-24.12.2021.pdf
24.12.2021;1830P;75821/2019;;Ordin-nr.-1830P-din-24.12.2021.pdf
24.12.2021;1830P;22686/2020;;Ordin-nr.-1830P-din-24.12.2021.pdf
24.12.2021;1830P;19488/2020;;Ordin-nr.-1830P-din-24.12.2021.pdf
13.12.2021;1762P;974/2020;;Ordin-nr.-1762P-din-13.12.2021.pdf
13.12.2021;1762P;966/2020;Copii minori: 1;Ordin-nr.-1762P-din-13.12.2021.pdf
13.12.2021;1762P;4183/2019;Copii minori: 2;Ordin-nr.-1762P-din-13.12.2021.pdf
13.12.2021;1762P;22528/2020;;Ordin-nr.-1762P-din-13.12.2021.pdf
13.12.2021;1762P;19409/2020;;Ordin-nr.-1762P-din-13.12.2021.pdf
13.12.2021;1762P;21640/2020;Copii minori: 1;Ordin-nr.-1762P-din-13.12.2021.pdf
13.12.2021;1762P;21343/2020;;Ordin-nr.-1762P-din-13.12.2021.pdf
13.12.2021;1762P;19374/2020;;Ordin-nr.-1762P-din-13.12.2021.pdf
13.12.2021;1762P;4212/2019;;Ordin-nr.-1762P-din-13.12.2021.pdf
13.12.2021;1762P;22531/2020;Copii minori: 2;Ordin-nr.-1762P-din-13.12.2021.pdf
13.12.2021;1762P;4163/2019;;Ordin-nr.-1762P-din-13.12.2021.pdf
13.12.2021;1762P;4173/2019;;Ordin-nr.-1762P-din-13.12.2021.pdf
13.12.2021;1762P;4163/2019;;Ordin-nr.-1762P-din-13.12.2021.pdf
13.12.2021;1762P;4150/2019;;Ordin-nr.-1762P-din-13.12.2021.pdf
13.12.2021;1762P;14283/2019;;Ordin-nr.-1762P-din-13.12.2021.pdf
13.12.2021;1762P;19202/2020;;Ordin-nr.-1762P-din-13.12.2021.pdf
13.12.2021;1762P;22455/2020;;Ordin-nr.-1762P-din-13.12.2021.pdf
13.12.2021;1762P;22456/2020;;Ordin-nr.-1762P-din-13.12.2021.pdf
13.12.2021;1762P;22537/2020;;Ordin-nr.-1762P-din-13.12.2021.pdf
13.12.2021;1762P;19200/2020;;Ordin-nr.-1762P-din-13.12.2021.pdf
13.12.2021;1762P;21293/2020;;Ordin-nr.-1762P-din-13.12.2021.pdf
13.12.2021;1762P;19412/2020;;Ordin-nr.-1762P-din-13.12.2021.pdf
13.12.2021;1762P;19251/2020;;Ordin-nr.-1762P-din-13.12.2021.pdf
13.12.2021;1762P;22533/2020;Copii minori: 1;Ordin-nr.-1762P-din-13.12.2021.pdf
13.12.2021;1762P;22530/2020;Copii minori: 3;Ordin-nr.-1762P-din-13.12.2021.pdf
13.12.2021;1762P;22525/2020;;Ordin-nr.-1762P-din-13.12.2021.pdf
13.12.2021;1762P;4175/2019;;Ordin-nr.-1762P-din-13.12.2021.pdf
13.12.2021;1762P;21373/2020;;Ordin-nr.-1762P-din-13.12.2021.pdf
13.12.2021;1762P;21294/2020;;Ordin-nr.-1762P-din-13.12.2021.pdf
13.12.2021;1762P;22532/2020;Copii minori: 2;Ordin-nr.-1762P-din-13.12.2021.pdf
13.12.2021;1762P;4168/2019;;Ordin-nr.-1762P-din-13.12.2021.pdf
13.12.2021;1762P;22526/2020;;Ordin-nr.-1762P-din-13.12.2021.pdf
13.12.2021;1762P;22526/2020;;Ordin-nr.-1762P-din-13.12.2021.pdf
13.12.2021;1762P;22523/2020;;Ordin-nr.-1762P-din-13.12.2021.pdf
13.12.2021;1762P;22527/2020;;Ordin-nr.-1762P-din-13.12.2021.pdf
13.12.2021;1762P;21202/2020;;Ordin-nr.-1762P-din-13.12.2021.pdf
13.12.2021;1762P;54613/2019;;Ordin-nr.-1762P-din-13.12.2021.pdf
13.12.2021;1762P;19319/2020;Copii minori: 1;Ordin-nr.-1762P-din-13.12.2021.pdf
13.12.2021;1762P;22540/2020;;Ordin-nr.-1762P-din-13.12.2021.pdf
13.12.2021;1762P;70074/2019;;Ordin-nr.-1762P-din-13.12.2021.pdf
13.12.2021;1762P;19167/2020;Copii minori: 1;Ordin-nr.-1762P-din-13.12.2021.pdf
13.12.2021;1762P;19167/2020;;Ordin-nr.-1762P-din-13.12.2021.pdf
13.12.2021;1762P;21513/2020;;Ordin-nr.-1762P-din-13.12.2021.pdf
13.12.2021;1762P;19410/2020;;Ordin-nr.-1762P-din-13.12.2021.pdf
13.12.2021;1762P;22483/2020;;Ordin-nr.-1762P-din-13.12.2021.pdf
13.12.2021;1762P;37940/2019;;Ordin-nr.-1762P-din-13.12.2021.pdf
13.12.2021;1762P;19168/2020;;Ordin-nr.-1762P-din-13.12.2021.pdf
13.12.2021;1762P;4204/2019;;Ordin-nr.-1762P-din-13.12.2021.pdf
13.12.2021;1762P;21345/2020;;Ordin-nr.-1762P-din-13.12.2021.pdf
13.12.2021;1762P;21372/2020;;Ordin-nr.-1762P-din-13.12.2021.pdf
13.12.2021;1762P;21377/2020;;Ordin-nr.-1762P-din-13.12.2021.pdf
13.12.2021;1762P;22529/2020;;Ordin-nr.-1762P-din-13.12.2021.pdf
13.12.2021;1762P;21375/2020;;Ordin-nr.-1762P-din-13.12.2021.pdf
13.12.2021;1762P;21514/2020;;Ordin-nr.-1762P-din-13.12.2021.pdf
13.12.2021;1762P;19296/2020;;Ordin-nr.-1762P-din-13.12.2021.pdf
13.12.2021;1762P;3305/2019;;Ordin-nr.-1762P-din-13.12.2021.pdf
13.12.2021;1762P;4227/2019;;Ordin-nr.-1762P-din-13.12.2021.pdf
13.12.2021;1762P;4227/2019;;Ordin-nr.-1762P-din-13.12.2021.pdf
13.12.2021;1762P;4227/2019;;Ordin-nr.-1762P-din-13.12.2021.pdf
13.12.2021;1762P;21376/2020;;Ordin-nr.-1762P-din-13.12.2021.pdf
13.12.2021;1762P;22536/2020;;Ordin-nr.-1762P-din-13.12.2021.pdf
13.12.2021;1762P;22534/2020;;Ordin-nr.-1762P-din-13.12.2021.pdf
13.12.2021;1762P;92856/2018;;Ordin-nr.-1762P-din-13.12.2021.pdf
13.12.2021;1762P;19293/2020;;Ordin-nr.-1762P-din-13.12.2021.pdf
13.12.2021;1762P;19304/2020;Copii minori: 1;Ordin-nr.-1762P-din-13.12.2021.pdf
13.12.2021;1762P;19308/2020;;Ordin-nr.-1762P-din-13.12.2021.pdf
13.12.2021;1762P;19310/2020;Copii minori: 2;Ordin-nr.-1762P-din-13.12.2021.pdf
13.12.2021;1762P;21641/2020;;Ordin-nr.-1762P-din-13.12.2021.pdf
13.12.2021;1762P;4166/2019;;Ordin-nr.-1762P-din-13.12.2021.pdf
13.12.2021;1762P;22535/2020;;Ordin-nr.-1762P-din-13.12.2021.pdf
13.12.2021;1762P;19154/2020;Copii minori: 2;Ordin-nr.-1762P-din-13.12.2021.pdf
13.12.2021;1762P;22524/2020;;Ordin-nr.-1762P-din-13.12.2021.pdf
13.12.2021;1762P;7677/2019;Copii minori: 3;Ordin-nr.-1762P-din-13.12.2021.pdf
13.12.2021;1762P;964/2020;;Ordin-nr.-1762P-din-13.12.2021.pdf
13.12.2021;1762P;76718/2018;;Ordin-nr.-1762P-din-13.12.2021.pdf
13.12.2021;1762P;4144/2019;;Ordin-nr.-1762P-din-13.12.2021.pdf
13.12.2021;1762P;22454/2020;Copii minori: 1;Ordin-nr.-1762P-din-13.12.2021.pdf
13.12.2021;1762P;21374/2020;;Ordin-nr.-1762P-din-13.12.2021.pdf
27.10.2021;1572P;7952/2020;;ORDIN-NR.-1572-27.10.2021.pdf
27.10.2021;1572P;11457/2020;;ORDIN-NR.-1572-27.10.2021.pdf
27.10.2021;1572P;7731/2020;;ORDIN-NR.-1572-27.10.2021.pdf
27.10.2021;1572P;60170/2019;;ORDIN-NR.-1572-27.10.2021.pdf
27.10.2021;1572P;66885/2019;;ORDIN-NR.-1572-27.10.2021.pdf
27.10.2021;1572P;66885/2019;;ORDIN-NR.-1572-27.10.2021.pdf
27.10.2021;1572P;1008/2020;;ORDIN-NR.-1572-27.10.2021.pdf
27.10.2021;1572P;6965/2020;Copii minori: 1;ORDIN-NR.-1572-27.10.2021.pdf
27.10.2021;1572P;7416/2020;;ORDIN-NR.-1572-27.10.2021.pdf
27.10.2021;1572P;55651/2019;;ORDIN-NR.-1572-27.10.2021.pdf
27.10.2021;1572P;1019/2020;;ORDIN-NR.-1572-27.10.2021.pdf
27.10.2021;1572P;19029/2020;;ORDIN-NR.-1572-27.10.2021.pdf
27.10.2021;1572P;19027/2020;;ORDIN-NR.-1572-27.10.2021.pdf
27.10.2021;1572P;7428/2020;Copii minori: 1;ORDIN-NR.-1572-27.10.2021.pdf
27.10.2021;1572P;2018/2020;;ORDIN-NR.-1572-27.10.2021.pdf
27.10.2021;1572P;2014/2020;;ORDIN-NR.-1572-27.10.2021.pdf
27.10.2021;1572P;10885/2020;;ORDIN-NR.-1572-27.10.2021.pdf
27.10.2021;1572P;19022/2020;Copii minori: 1;ORDIN-NR.-1572-27.10.2021.pdf
27.10.2021;1572P;19026/2020;Copii minori: 1;ORDIN-NR.-1572-27.10.2021.pdf
27.10.2021;1572P;18986/2020;;ORDIN-NR.-1572-27.10.2021.pdf
27.10.2021;1572P;72919/2017;;ORDIN-NR.-1572-27.10.2021.pdf
27.10.2021;1572P;7922/2020;;ORDIN-NR.-1572-27.10.2021.pdf
27.10.2021;1572P;69881/2019;;ORDIN-NR.-1572-27.10.2021.pdf
27.10.2021;1572P;11451/2020;Copii minori: 3;ORDIN-NR.-1572-27.10.2021.pdf
27.10.2021;1572P;11452/2020;Copii minori: 3;ORDIN-NR.-1572-27.10.2021.pdf
27.10.2021;1572P;7012/2020;Copii minori: 1;ORDIN-NR.-1572-27.10.2021.pdf
27.10.2021;1572P;7024/2020;;ORDIN-NR.-1572-27.10.2021.pdf
27.10.2021;1572P;11453/2020;;ORDIN-NR.-1572-27.10.2021.pdf
27.10.2021;1572P;67111/2019;;ORDIN-NR.-1572-27.10.2021.pdf
27.10.2021;1572P;1013/2020;;ORDIN-NR.-1572-27.10.2021.pdf
27.10.2021;1572P;11458/2020;Copii minori: 2;ORDIN-NR.-1572-27.10.2021.pdf
27.10.2021;1572P;7438/2020;;ORDIN-NR.-1572-27.10.2021.pdf
27.10.2021;1572P;7438/2020;;ORDIN-NR.-1572-27.10.2021.pdf
27.10.2021;1572P;7446/2020;;ORDIN-NR.-1572-27.10.2021.pdf
27.10.2021;1572P;1018/2020;;ORDIN-NR.-1572-27.10.2021.pdf
27.10.2021;1572P;10879/2020;Copii minori: 1;ORDIN-NR.-1572-27.10.2021.pdf
27.10.2021;1572P;19024/2020;;ORDIN-NR.-1572-27.10.2021.pdf
27.10.2021;1572P;11454/2020;Copii minori: 1;ORDIN-NR.-1572-27.10.2021.pdf
27.10.2021;1572P;11454/2020;;ORDIN-NR.-1572-27.10.2021.pdf
27.10.2021;1572P;66897/2019;Copii minori: 1;ORDIN-NR.-1572-27.10.2021.pdf
27.10.2021;1572P;1010/2020;;ORDIN-NR.-1572-27.10.2021.pdf
27.10.2021;1572P;19021/2020;;ORDIN-NR.-1572-27.10.2021.pdf
27.10.2021;1572P;19011/2020;;ORDIN-NR.-1572-27.10.2021.pdf
27.10.2021;1572P;67153/2019;;ORDIN-NR.-1572-27.10.2021.pdf
27.10.2021;1572P;67153/2019;Copii minori: 1;ORDIN-NR.-1572-27.10.2021.pdf
27.10.2021;1572P;11450/2020;;ORDIN-NR.-1572-27.10.2021.pdf
27.10.2021;1572P;60088/2019;;ORDIN-NR.-1572-27.10.2021.pdf
27.10.2021;1572P;19023/2020;;ORDIN-NR.-1572-27.10.2021.pdf
27.10.2021;1572P;66903/2019;;ORDIN-NR.-1572-27.10.2021.pdf
27.10.2021;1572P;85128/2019;;ORDIN-NR.-1572-27.10.2021.pdf
27.10.2021;1572P;85122/2019;;ORDIN-NR.-1572-27.10.2021.pdf
27.10.2021;1572P;7975/2020;;ORDIN-NR.-1572-27.10.2021.pdf
27.10.2021;1572P;19020/2020;Copii minori: 1;ORDIN-NR.-1572-27.10.2021.pdf
27.10.2021;1572P;19016/2020;;ORDIN-NR.-1572-27.10.2021.pdf
27.10.2021;1572P;7937/2020;;ORDIN-NR.-1572-27.10.2021.pdf
27.10.2021;1572P;10874/2020;;ORDIN-NR.-1572-27.10.2021.pdf
27.10.2021;1572P;10869/2020;;ORDIN-NR.-1572-27.10.2021.pdf
27.10.2021;1572P;10875/2020;;ORDIN-NR.-1572-27.10.2021.pdf
27.10.2021;1572P;10869/2020;;ORDIN-NR.-1572-27.10.2021.pdf
27.10.2021;1572P;18980/2020;;ORDIN-NR.-1572-27.10.2021.pdf
27.10.2021;1572P;11460/2020;;ORDIN-NR.-1572-27.10.2021.pdf
27.10.2021;1572P;1739/2020;Copii minori: 1;ORDIN-NR.-1572-27.10.2021.pdf
27.10.2021;1572P;6890/2020;Copii minori: 1;ORDIN-NR.-1572-27.10.2021.pdf
27.10.2021;1572P;11456/2020;;ORDIN-NR.-1572-27.10.2021.pdf
27.10.2021;1572P;7780/2020;Copii minori: 2;ORDIN-NR.-1572-27.10.2021.pdf
27.10.2021;1572P;2552/2020;;ORDIN-NR.-1572-27.10.2021.pdf
27.10.2021;1572P;66909/2019;;ORDIN-NR.-1572-27.10.2021.pdf
27.10.2021;1572P;66890/2019;;ORDIN-NR.-1572-27.10.2021.pdf
27.10.2021;1572P;66907/2019;;ORDIN-NR.-1572-27.10.2021.pdf
27.10.2021;1572P;7892/2020;;ORDIN-NR.-1572-27.10.2021.pdf
27.10.2021;1572P;11455/2020;;ORDIN-NR.-1572-27.10.2021.pdf
27.10.2021;1572P;2512/2020;;ORDIN-NR.-1572-27.10.2021.pdf
27.10.2021;1572P;7970/2020;Copii minori: 2;ORDIN-NR.-1572-27.10.2021.pdf
27.10.2021;1572P;11459/2020;;ORDIN-NR.-1572-27.10.2021.pdf
27.09.2021;1483P;953/2020;;Ordin-nr.-1483P-din-27.09.2021.pdf
27.09.2021;1483P;11493/2020;;Ordin-nr.-1483P-din-27.09.2021.pdf
27.09.2021;1483P;998/2020;;Ordin-nr.-1483P-din-27.09.2021.pdf
27.09.2021;1483P;989/2020;Copii minori: 2;Ordin-nr.-1483P-din-27.09.2021.pdf
27.09.2021;1483P;988/2020;Copii minori: 1;Ordin-nr.-1483P-din-27.09.2021.pdf
27.09.2021;1483P;950/2020;;Ordin-nr.-1483P-din-27.09.2021.pdf
27.09.2021;1483P;992/2020;;Ordin-nr.-1483P-din-27.09.2021.pdf
27.09.2021;1483P;1000/2020;;Ordin-nr.-1483P-din-27.09.2021.pdf
27.09.2021;1483P;11484/2020;;Ordin-nr.-1483P-din-27.09.2021.pdf
27.09.2021;1483P;11487/2020;;Ordin-nr.-1483P-din-27.09.2021.pdf
27.09.2021;1483P;11488/2020;;Ordin-nr.-1483P-din-27.09.2021.pdf
27.09.2021;1483P;11486/2020;;Ordin-nr.-1483P-din-27.09.2021.pdf
27.09.2021;1483P;955/2020;;Ordin-nr.-1483P-din-27.09.2021.pdf
27.09.2021;1483P;1000/2020;;Ordin-nr.-1483P-din-27.09.2021.pdf
27.09.2021;1483P;956/2020;;Ordin-nr.-1483P-din-27.09.2021.pdf
27.09.2021;1483P;997/2020;;Ordin-nr.-1483P-din-27.09.2021.pdf
27.09.2021;1483P;954/2020;;Ordin-nr.-1483P-din-27.09.2021.pdf
27.09.2021;1483P;1006/2020;;Ordin-nr.-1483P-din-27.09.2021.pdf
27.09.2021;1483P;593/2020;;Ordin-nr.-1483P-din-27.09.2021.pdf
27.09.2021;1483P;990/2020;;Ordin-nr.-1483P-din-27.09.2021.pdf
27.09.2021;1483P;1002/2020;;Ordin-nr.-1483P-din-27.09.2021.pdf
27.09.2021;1483P;987/2020;;Ordin-nr.-1483P-din-27.09.2021.pdf
27.09.2021;1483P;1007/2020;Copii minori: 1;Ordin-nr.-1483P-din-27.09.2021.pdf
27.09.2021;1483P;11501/2020;;Ordin-nr.-1483P-din-27.09.2021.pdf
27.09.2021;1483P;961/2020;Copii minori: 2;Ordin-nr.-1483P-din-27.09.2021.pdf
27.09.2021;1483P;1003/2020;;Ordin-nr.-1483P-din-27.09.2021.pdf
27.09.2021;1483P;11494/2020;;Ordin-nr.-1483P-din-27.09.2021.pdf
27.09.2021;1483P;11490/2020;;Ordin-nr.-1483P-din-27.09.2021.pdf
27.09.2021;1483P;995/2020;;Ordin-nr.-1483P-din-27.09.2021.pdf
27.09.2021;1483P;11496/2020;;Ordin-nr.-1483P-din-27.09.2021.pdf
27.09.2021;1483P;959/2020;;Ordin-nr.-1483P-din-27.09.2021.pdf
27.09.2021;1483P;952/2020;;Ordin-nr.-1483P-din-27.09.2021.pdf
27.09.2021;1483P;999/2020;Copii minori: 3;Ordin-nr.-1483P-din-27.09.2021.pdf
27.09.2021;1483P;1004/2020;;Ordin-nr.-1483P-din-27.09.2021.pdf
27.09.2021;1483P;994/2020;;Ordin-nr.-1483P-din-27.09.2021.pdf
27.09.2021;1483P;962/2020;;Ordin-nr.-1483P-din-27.09.2021.pdf
27.09.2021;1483P;11502/2020;;Ordin-nr.-1483P-din-27.09.2021.pdf
27.09.2021;1483P;76413/2019;;Ordin-nr.-1483P-din-27.09.2021.pdf
27.09.2021;1483P;965/2020;;Ordin-nr.-1483P-din-27.09.2021.pdf
27.09.2021;1483P;1005/2020;Copii minori: 2;Ordin-nr.-1483P-din-27.09.2021.pdf
27.09.2021;1483P;86376/2019;Copii minori: 3;Ordin-nr.-1483P-din-27.09.2021.pdf
27.09.2021;1483P;86383/2019;Copii minori: 1;Ordin-nr.-1483P-din-27.09.2021.pdf
27.09.2021;1483P;11500/2020;Copii minori: 1;Ordin-nr.-1483P-din-27.09.2021.pdf
27.09.2021;1483P;11503/2020;;Ordin-nr.-1483P-din-27.09.2021.pdf
27.09.2021;1483P;958/2020;Copii minori: 1;Ordin-nr.-1483P-din-27.09.2021.pdf
27.09.2021;1483P;11497/2020;;Ordin-nr.-1483P-din-27.09.2021.pdf
27.09.2021;1483P;484/2020;;Ordin-nr.-1483P-din-27.09.2021.pdf
26.08.2021;1352P;11475/2020;;ORDIN-1352-art-10-22-persoane.pdf
26.08.2021;1352P;22878/2020;;ORDIN-1352-art-10-22-persoane.pdf
26.08.2021;1352P;12303/2020;;ORDIN-1352-art-10-22-persoane.pdf
26.08.2021;1352P;21436/2020;Copii minori: 1;ORDIN-1352-art-10-22-persoane.pdf
26.08.2021;1352P;94431/2018;;ORDIN-1352-art-10-22-persoane.pdf
26.08.2021;1352P;94451/2018;;ORDIN-1352-art-10-22-persoane.pdf
26.08.2021;1352P;94431/2018;;ORDIN-1352-art-10-22-persoane.pdf
26.08.2021;1352P;94459/2018;;ORDIN-1352-art-10-22-persoane.pdf
26.08.2021;1352P;19380/2019;;ORDIN-1352-art-10-22-persoane.pdf
26.08.2021;1352P;96796/2019;Copii minori: 1;ORDIN-1352-art-10-22-persoane.pdf
26.08.2021;1352P;96796/2019;;ORDIN-1352-art-10-22-persoane.pdf
26.08.2021;1352P;96871/2019;;ORDIN-1352-art-10-22-persoane.pdf
26.08.2021;1352P;83237/2019;;ORDIN-1352-art-10-22-persoane.pdf
26.08.2021;1352P;18531/2019;;ORDIN-1352-art-10-22-persoane.pdf
26.08.2021;1352P;96372/2018;;ORDIN-1352-art-10-22-persoane.pdf
26.08.2021;1352P;62003/2019;;ORDIN-1352-art-10-22-persoane.pdf
26.08.2021;1352P;83340/2019;;ORDIN-1352-art-10-22-persoane.pdf
26.08.2021;1352P;75199/2019;;ORDIN-1352-art-10-22-persoane.pdf
26.08.2021;1352P;75254/2019;;ORDIN-1352-art-10-22-persoane.pdf
26.08.2021;1352P;96766/2019;;ORDIN-1352-art-10-22-persoane.pdf
26.08.2021;1352P;51100/2019;;ORDIN-1352-art-10-22-persoane.pdf
26.08.2021;1352P;37214/2019;;ORDIN-1352-art-10-22-persoane.pdf
26.07.2021;1281P;11473/2020;;Ordin-nr.-1281P-din-26.07.2021.pdf
26.07.2021;1281P;11517/2020;Copii minori: 2;Ordin-nr.-1281P-din-26.07.2021.pdf
26.07.2021;1281P;11513/2020;;Ordin-nr.-1281P-din-26.07.2021.pdf
26.07.2021;1281P;11463/2020;;Ordin-nr.-1281P-din-26.07.2021.pdf
26.07.2021;1281P;11465/2020;;Ordin-nr.-1281P-din-26.07.2021.pdf
26.07.2021;1281P;11462/2020;;Ordin-nr.-1281P-din-26.07.2021.pdf
26.07.2021;1281P;11514/2020;;Ordin-nr.-1281P-din-26.07.2021.pdf
26.07.2021;1281P;973/2020;;Ordin-nr.-1281P-din-26.07.2021.pdf
26.07.2021;1281P;11464/2020;Copii minori: 1;Ordin-nr.-1281P-din-26.07.2021.pdf
26.07.2021;1281P;11481/2020;;Ordin-nr.-1281P-din-26.07.2021.pdf
26.07.2021;1281P;11471/2020;;Ordin-nr.-1281P-din-26.07.2021.pdf
26.07.2021;1281P;9729/2020;;Ordin-nr.-1281P-din-26.07.2021.pdf
26.07.2021;1281P;4905/2020;;Ordin-nr.-1281P-din-26.07.2021.pdf
26.07.2021;1281P;4897/2020;;Ordin-nr.-1281P-din-26.07.2021.pdf
26.07.2021;1281P;4901/2020;;Ordin-nr.-1281P-din-26.07.2021.pdf
26.07.2021;1281P;11515/2020;;Ordin-nr.-1281P-din-26.07.2021.pdf
26.07.2021;1281P;11506/2020;Copii minori: 1;Ordin-nr.-1281P-din-26.07.2021.pdf
26.07.2021;1281P;978/2020;;Ordin-nr.-1281P-din-26.07.2021.pdf
26.07.2021;1281P;11474/2020;;Ordin-nr.-1281P-din-26.07.2021.pdf
26.07.2021;1281P;11477/2020;;Ordin-nr.-1281P-din-26.07.2021.pdf
26.07.2021;1281P;10502/2020;;Ordin-nr.-1281P-din-26.07.2021.pdf
26.07.2021;1281P;11516/2020;;Ordin-nr.-1281P-din-26.07.2021.pdf
26.07.2021;1281P;977/2020;;Ordin-nr.-1281P-din-26.07.2021.pdf
26.07.2021;1281P;971/2020;Copii minori: 1;Ordin-nr.-1281P-din-26.07.2021.pdf
26.07.2021;1281P;976/2020;;Ordin-nr.-1281P-din-26.07.2021.pdf
26.07.2021;1281P;4913/2020;Copii minori: 2;Ordin-nr.-1281P-din-26.07.2021.pdf
26.07.2021;1281P;5111/2020;;Ordin-nr.-1281P-din-26.07.2021.pdf
26.07.2021;1281P;968/2020;;Ordin-nr.-1281P-din-26.07.2021.pdf
26.07.2021;1281P;11524/2020;Copii minori: 2;Ordin-nr.-1281P-din-26.07.2021.pdf
26.07.2021;1281P;11479/2020;Copii minori: 3;Ordin-nr.-1281P-din-26.07.2021.pdf
26.07.2021;1281P;11467/2020;;Ordin-nr.-1281P-din-26.07.2021.pdf
26.07.2021;1281P;11480/2020;;Ordin-nr.-1281P-din-26.07.2021.pdf
26.07.2021;1281P;11518/2020;Copii minori: 2;Ordin-nr.-1281P-din-26.07.2021.pdf
26.07.2021;1281P;11470/2020;;Ordin-nr.-1281P-din-26.07.2021.pdf
26.07.2021;1281P;5313/2020;Copii minori: 1;Ordin-nr.-1281P-din-26.07.2021.pdf
26.07.2021;1281P;970/2020;;Ordin-nr.-1281P-din-26.07.2021.pdf
26.07.2021;1281P;5655/2020;;Ordin-nr.-1281P-din-26.07.2021.pdf
26.07.2021;1281P;5650/2020;;Ordin-nr.-1281P-din-26.07.2021.pdf
26.07.2021;1281P;5642/2020;;Ordin-nr.-1281P-din-26.07.2021.pdf
26.07.2021;1281P;985/2020;;Ordin-nr.-1281P-din-26.07.2021.pdf
26.07.2021;1281P;972/2020;;Ordin-nr.-1281P-din-26.07.2021.pdf
26.07.2021;1281P;11466/2020;;Ordin-nr.-1281P-din-26.07.2021.pdf
26.07.2021;1281P;11520/2020;;Ordin-nr.-1281P-din-26.07.2021.pdf
26.07.2021;1281P;986/2020;;Ordin-nr.-1281P-din-26.07.2021.pdf
26.07.2021;1281P;4074/2020;;Ordin-nr.-1281P-din-26.07.2021.pdf
26.07.2021;1281P;5319/2020;;Ordin-nr.-1281P-din-26.07.2021.pdf
26.07.2021;1281P;5332/2020;Copii minori: 1;Ordin-nr.-1281P-din-26.07.2021.pdf
26.07.2021;1281P;5327/2020;Copii minori: 3;Ordin-nr.-1281P-din-26.07.2021.pdf
26.07.2021;1281P;11523/2020;;Ordin-nr.-1281P-din-26.07.2021.pdf
26.07.2021;1281P;5764/2020;Copii minori: 2;Ordin-nr.-1281P-din-26.07.2021.pdf
26.07.2021;1281P;984/2020;Copii minori: 2;Ordin-nr.-1281P-din-26.07.2021.pdf
26.07.2021;1281P;982/2020;Copii minori: 2;Ordin-nr.-1281P-din-26.07.2021.pdf
26.07.2021;1281P;975/2020;;Ordin-nr.-1281P-din-26.07.2021.pdf
26.07.2021;1281P;975/2020;;Ordin-nr.-1281P-din-26.07.2021.pdf
26.07.2021;1281P;11476/2020;;Ordin-nr.-1281P-din-26.07.2021.pdf
26.07.2021;1281P;9718/2020;Copii minori: 1;Ordin-nr.-1281P-din-26.07.2021.pdf
26.07.2021;1281P;11511/2020;;Ordin-nr.-1281P-din-26.07.2021.pdf
26.07.2021;1281P;11468/2020;;Ordin-nr.-1281P-din-26.07.2021.pdf
26.07.2021;1281P;11472/2020;;Ordin-nr.-1281P-din-26.07.2021.pdf
26.07.2021;1281P;10197/2020;;Ordin-nr.-1281P-din-26.07.2021.pdf
26.07.2021;1281P;10646/2020;;Ordin-nr.-1281P-din-26.07.2021.pdf
26.07.2021;1281P;11478/2020;;Ordin-nr.-1281P-din-26.07.2021.pdf
26.07.2021;1281P;9085/2020;;Ordin-nr.-1281P-din-26.07.2021.pdf
26.07.2021;1281P;979/2020;;Ordin-nr.-1281P-din-26.07.2021.pdf
26.07.2021;1281P;983/2020;Copii minori: 2;Ordin-nr.-1281P-din-26.07.2021.pdf
26.07.2021;1281P;11482/2020;;Ordin-nr.-1281P-din-26.07.2021.pdf
26.07.2021;1281P;11522/2020;Copii minori: 2;Ordin-nr.-1281P-din-26.07.2021.pdf
26.07.2021;1281P;11505/2020;;Ordin-nr.-1281P-din-26.07.2021.pdf
26.07.2021;1281P;11521/2020;;Ordin-nr.-1281P-din-26.07.2021.pdf
26.07.2021;1281P;55613/2018;;Ordin-nr.-1281P-din-26.07.2021.pdf
26.07.2021;1281P;9740/2020;;Ordin-nr.-1281P-din-26.07.2021.pdf
20.07.2021;1260P;101001/2019;;Ordin-nr.-1260P-din-20.07.2021.pdf
20.07.2021;1260P;101009/2019;;Ordin-nr.-1260P-din-20.07.2021.pdf
20.07.2021;1260P;101009/2019;;Ordin-nr.-1260P-din-20.07.2021.pdf
20.07.2021;1260P;91597/2019;Copii minori: 1;Ordin-nr.-1260P-din-20.07.2021.pdf
20.07.2021;1260P;91602/2019;;Ordin-nr.-1260P-din-20.07.2021.pdf
20.07.2021;1260P;91605/2019;;Ordin-nr.-1260P-din-20.07.2021.pdf
20.07.2021;1260P;91556/2019;Copii minori: 1;Ordin-nr.-1260P-din-20.07.2021.pdf
20.07.2021;1260P;91543/2019;Copii minori: 2;Ordin-nr.-1260P-din-20.07.2021.pdf
20.07.2021;1260P;89175/2019;Copii minori: 2;Ordin-nr.-1260P-din-20.07.2021.pdf
20.07.2021;1260P;101488/2019;Copii minori: 3;Ordin-nr.-1260P-din-20.07.2021.pdf
20.07.2021;1260P;100641/2019;Copii minori: 1;Ordin-nr.-1260P-din-20.07.2021.pdf
20.07.2021;1260P;100651/2019;;Ordin-nr.-1260P-din-20.07.2021.pdf
20.07.2021;1260P;100651/2019;Copii minori: 1;Ordin-nr.-1260P-din-20.07.2021.pdf
20.07.2021;1260P;100636/2019;Copii minori: 1;Ordin-nr.-1260P-din-20.07.2021.pdf
20.07.2021;1260P;101555/2019;;Ordin-nr.-1260P-din-20.07.2021.pdf
20.07.2021;1260P;100616/2019;;Ordin-nr.-1260P-din-20.07.2021.pdf
20.07.2021;1260P;100622/2019;Copii minori: 1;Ordin-nr.-1260P-din-20.07.2021.pdf
20.07.2021;1260P;41146/2018;;Ordin-nr.-1260P-din-20.07.2021.pdf
20.07.2021;1260P;101375/2019;;Ordin-nr.-1260P-din-20.07.2021.pdf
20.07.2021;1260P;91500/2019;;Ordin-nr.-1260P-din-20.07.2021.pdf
20.07.2021;1260P;91491/2019;;Ordin-nr.-1260P-din-20.07.2021.pdf
20.07.2021;1260P;91556/2019;;Ordin-nr.-1260P-din-20.07.2021.pdf
20.07.2021;1260P;101631/2019;;Ordin-nr.-1260P-din-20.07.2021.pdf
20.07.2021;1260P;101631/2019;Copii minori: 2;Ordin-nr.-1260P-din-20.07.2021.pdf
20.07.2021;1260P;100611/2019;;Ordin-nr.-1260P-din-20.07.2021.pdf
20.07.2021;1260P;100604/2019;;Ordin-nr.-1260P-din-20.07.2021.pdf
20.07.2021;1260P;101384/2019;;Ordin-nr.-1260P-din-20.07.2021.pdf
20.07.2021;1260P;91530/2019;;Ordin-nr.-1260P-din-20.07.2021.pdf
20.07.2021;1260P;91509/2019;;Ordin-nr.-1260P-din-20.07.2021.pdf
20.07.2021;1260P;100667/2019;;Ordin-nr.-1260P-din-20.07.2021.pdf
20.07.2021;1260P;100672/2019;Copii minori: 1;Ordin-nr.-1260P-din-20.07.2021.pdf
09.07.2021;1223P;86604/2019;;Ordin-nr.-1223P-din-09.07.2021.pdf
09.07.2021;1223P;100049/2019;;Ordin-nr.-1223P-din-09.07.2021.pdf
09.07.2021;1223P;50756/2019;;Ordin-nr.-1223P-din-09.07.2021.pdf
28.06.2021;1165P;54787/2018;;Ordin-nr.-1165P-din-28.06.2021.pdf
28.06.2021;1165P;88363/2019;Copii minori: 2;Ordin-nr.-1165P-din-28.06.2021.pdf
28.06.2021;1165P;96324/2019;Copii minori: 2;Ordin-nr.-1165P-din-28.06.2021.pdf
28.06.2021;1165P;96300/2019;;Ordin-nr.-1165P-din-28.06.2021.pdf
28.06.2021;1165P;96285/2019;;Ordin-nr.-1165P-din-28.06.2021.pdf
28.06.2021;1165P;79883/2018;;Ordin-nr.-1165P-din-28.06.2021.pdf
28.06.2021;1165P;10892/2020;;Ordin-nr.-1165P-din-28.06.2021.pdf
28.06.2021;1165P;50330/2019;Copii minori: 3;Ordin-nr.-1165P-din-28.06.2021.pdf
28.06.2021;1165P;86614/2019;;Ordin-nr.-1165P-din-28.06.2021.pdf
28.06.2021;1165P;55609/2018;;Ordin-nr.-1165P-din-28.06.2021.pdf
14.06.2021;1116P;5693/2018;;Ordin-nr.-1116P-din-14.06.2021.pdf
14.06.2021;1116P;5698/2018;;Ordin-nr.-1116P-din-14.06.2021.pdf
14.06.2021;1116P;44005/2019;;Ordin-nr.-1116P-din-14.06.2021.pdf
14.06.2021;1116P;31602/2019;;Ordin-nr.-1116P-din-14.06.2021.pdf
14.06.2021;1116P;43995/2019;;Ordin-nr.-1116P-din-14.06.2021.pdf
14.06.2021;1116P;50859/2019;;Ordin-nr.-1116P-din-14.06.2021.pdf
14.06.2021;1116P;86158/2019;;Ordin-nr.-1116P-din-14.06.2021.pdf
14.06.2021;1116P;22022/2019;Copii minori: 1;Ordin-nr.-1116P-din-14.06.2021.pdf
14.06.2021;1116P;22013/2019;;Ordin-nr.-1116P-din-14.06.2021.pdf
14.06.2021;1116P;86187/2019;Copii minori: 2;Ordin-nr.-1116P-din-14.06.2021.pdf
14.06.2021;1116P;86184/2019;;Ordin-nr.-1116P-din-14.06.2021.pdf
14.06.2021;1116P;65120/2019;;Ordin-nr.-1116P-din-14.06.2021.pdf
14.06.2021;1116P;65111/2019;;Ordin-nr.-1116P-din-14.06.2021.pdf
14.06.2021;1116P;86316/2019;;Ordin-nr.-1116P-din-14.06.2021.pdf
14.06.2021;1116P;86329/2019;Copii minori: 1;Ordin-nr.-1116P-din-14.06.2021.pdf
14.06.2021;1116P;86310/2019;;Ordin-nr.-1116P-din-14.06.2021.pdf
14.06.2021;1116P;82314/2019;Copii minori: 2;Ordin-nr.-1116P-din-14.06.2021.pdf
14.06.2021;1116P;82314/2019;;Ordin-nr.-1116P-din-14.06.2021.pdf
14.06.2021;1116P;86043/2019;;Ordin-nr.-1116P-din-14.06.2021.pdf
14.06.2021;1116P;85748/2019;;Ordin-nr.-1116P-din-14.06.2021.pdf
14.06.2021;1116P;85747/2019;;Ordin-nr.-1116P-din-14.06.2021.pdf
14.06.2021;1116P;43996/2019;;Ordin-nr.-1116P-din-14.06.2021.pdf
14.06.2021;1116P;68214/2019;;Ordin-nr.-1116P-din-14.06.2021.pdf
14.06.2021;1116P;37251/2018;;Ordin-nr.-1116P-din-14.06.2021.pdf
14.06.2021;1116P;85959/2019;;Ordin-nr.-1116P-din-14.06.2021.pdf
14.06.2021;1116P;59605/2018;;Ordin-nr.-1116P-din-14.06.2021.pdf
14.06.2021;1116P;82451/2018;Copii minori: 2;Ordin-nr.-1116P-din-14.06.2021.pdf
14.06.2021;1116P;81596/2018;Copii minori: 2;Ordin-nr.-1116P-din-14.06.2021.pdf
14.06.2021;1116P;80129/2018;;Ordin-nr.-1116P-din-14.06.2021.pdf
14.06.2021;1116P;96225/2019;Copii minori: 3;Ordin-nr.-1116P-din-14.06.2021.pdf
14.06.2021;1116P;80139/2018;;Ordin-nr.-1116P-din-14.06.2021.pdf
14.06.2021;1116P;85548/2019;;Ordin-nr.-1116P-din-14.06.2021.pdf
14.06.2021;1116P;56960/2018;;Ordin-nr.-1116P-din-14.06.2021.pdf
14.06.2021;1116P;82564/2019;;Ordin-nr.-1116P-din-14.06.2021.pdf
14.06.2021;1116P;85920/2019;;Ordin-nr.-1116P-din-14.06.2021.pdf
17.05.2021;971P;78178/2019;Copii minori: 2;O-971-P-din-17.05.2021.pdf
17.05.2021;971P;101478/2019;;O-971-P-din-17.05.2021.pdf
17.05.2021;971P;68317/2019;;O-971-P-din-17.05.2021.pdf
17.05.2021;971P;74258/2019;;O-971-P-din-17.05.2021.pdf
17.05.2021;971P;40373/2017;Copii minori: 1;O-971-P-din-17.05.2021.pdf
17.05.2021;971P;82582/2019;;O-971-P-din-17.05.2021.pdf
17.05.2021;971P;82582/2019;Copii minori: 2;O-971-P-din-17.05.2021.pdf
17.05.2021;971P;17068/2019;Copii minori: 1;O-971-P-din-17.05.2021.pdf
17.05.2021;971P;77498/2019;;O-971-P-din-17.05.2021.pdf
17.05.2021;971P;94322/2019;Copii minori: 1;O-971-P-din-17.05.2021.pdf
17.05.2021;971P;36873/2019;;O-971-P-din-17.05.2021.pdf
17.05.2021;971P;66684/2019;;O-971-P-din-17.05.2021.pdf
22.03.2021;699P;80977/2019;Copii minori: 1;Ordin-nr.-699P-din-22.03.2021.pdf
22.03.2021;699P;80977/2019;;Ordin-nr.-699P-din-22.03.2021.pdf
22.03.2021;699P;80588/2019;;Ordin-nr.-699P-din-22.03.2021.pdf
22.03.2021;699P;74906/2019;;Ordin-nr.-699P-din-22.03.2021.pdf
22.03.2021;699P;9741/2019;;Ordin-nr.-699P-din-22.03.2021.pdf
22.03.2021;699P;81080/2019;Copii minori: 3;Ordin-nr.-699P-din-22.03.2021.pdf
22.03.2021;699P;81068/2019;;Ordin-nr.-699P-din-22.03.2021.pdf
22.03.2021;699P;74905/2019;Copii minori: 2;Ordin-nr.-699P-din-22.03.2021.pdf
22.03.2021;699P;74913/2019;;Ordin-nr.-699P-din-22.03.2021.pdf
22.03.2021;699P;74905/2019;;Ordin-nr.-699P-din-22.03.2021.pdf
22.03.2021;699P;80532/2019;;Ordin-nr.-699P-din-22.03.2021.pdf
22.03.2021;699P;81480/2019;;Ordin-nr.-699P-din-22.03.2021.pdf
22.03.2021;699P;74902/2019;Copii minori: 2;Ordin-nr.-699P-din-22.03.2021.pdf
22.03.2021;699P;74899/2019;;Ordin-nr.-699P-din-22.03.2021.pdf
22.03.2021;699P;81488/2019;;Ordin-nr.-699P-din-22.03.2021.pdf
22.03.2021;699P;50890/2019;;Ordin-nr.-699P-din-22.03.2021.pdf
22.03.2021;699P;74898/2019;Copii minori: 3;Ordin-nr.-699P-din-22.03.2021.pdf
22.03.2021;699P;81565/2019;;Ordin-nr.-699P-din-22.03.2021.pdf
22.03.2021;699P;81556/2019;;Ordin-nr.-699P-din-22.03.2021.pdf
22.03.2021;699P;74917/2019;Copii minori: 2;Ordin-nr.-699P-din-22.03.2021.pdf
22.03.2021;699P;74917/2019;;Ordin-nr.-699P-din-22.03.2021.pdf
22.03.2021;699P;74904/2019;;Ordin-nr.-699P-din-22.03.2021.pdf
22.03.2021;699P;74904/2019;Copii minori: 1;Ordin-nr.-699P-din-22.03.2021.pdf
22.03.2021;699P;81050/2019;;Ordin-nr.-699P-din-22.03.2021.pdf
22.03.2021;699P;81422/2019;;Ordin-nr.-699P-din-22.03.2021.pdf
05.03.2021;623P;50723/2019;;Ordin-nr.-623P-din-05.03.2021.pdf
05.03.2021;623P;55625/2019;;Ordin-nr.-623P-din-05.03.2021.pdf
05.03.2021;623P;93062/2019;;Ordin-nr.-623P-din-05.03.2021.pdf
05.03.2021;623P;79925/2019;Copii minori: 1;Ordin-nr.-623P-din-05.03.2021.pdf
05.03.2021;623P;79925/2019;;Ordin-nr.-623P-din-05.03.2021.pdf
05.03.2021;623P;50676/2019;Copii minori: 1;Ordin-nr.-623P-din-05.03.2021.pdf
05.03.2021;623P;91614/2019;;Ordin-nr.-623P-din-05.03.2021.pdf
05.03.2021;623P;49606/2019;;Ordin-nr.-623P-din-05.03.2021.pdf
05.03.2021;623P;55162/2018;;Ordin-nr.-623P-din-05.03.2021.pdf
05.03.2021;623P;82556/2019;;Ordin-nr.-623P-din-05.03.2021.pdf
05.03.2021;623P;49073/2019;;Ordin-nr.-623P-din-05.03.2021.pdf
05.03.2021;623P;49078/2019;;Ordin-nr.-623P-din-05.03.2021.pdf
05.03.2021;623P;50737/2019;Copii minori: 2;Ordin-nr.-623P-din-05.03.2021.pdf
05.03.2021;623P;45252/2019;;Ordin-nr.-623P-din-05.03.2021.pdf
05.03.2021;623P;82557/2019;;Ordin-nr.-623P-din-05.03.2021.pdf
05.03.2021;623P;82561/2019;;Ordin-nr.-623P-din-05.03.2021.pdf
05.03.2021;623P;85137/2019;;Ordin-nr.-623P-din-05.03.2021.pdf
05.03.2021;623P;85132/2019;;Ordin-nr.-623P-din-05.03.2021.pdf
05.03.2021;623P;50317/2019;;Ordin-nr.-623P-din-05.03.2021.pdf
05.03.2021;623P;50321/2019;;Ordin-nr.-623P-din-05.03.2021.pdf
05.03.2021;623P;50309/2019;Copii minori: 1;Ordin-nr.-623P-din-05.03.2021.pdf
05.03.2021;623P;91745/2019;;Ordin-nr.-623P-din-05.03.2021.pdf
05.03.2021;623P;15418/2019;;Ordin-nr.-623P-din-05.03.2021.pdf
19.02.2021;433P;61994/2019;Copii minori: 1;Ordin-nr.-433P-din-19.02.2021.pdf
19.02.2021;433P;61242/2019;;Ordin-nr.-433P-din-19.02.2021.pdf
19.02.2021;433P;55629/2019;Copii minori: 1;Ordin-nr.-433P-din-19.02.2021.pdf
19.02.2021;433P;55633/2019;;Ordin-nr.-433P-din-19.02.2021.pdf
19.02.2021;433P;60836/2019;;Ordin-nr.-433P-din-19.02.2021.pdf
19.02.2021;433P;58111/2019;;Ordin-nr.-433P-din-19.02.2021.pdf
19.02.2021;433P;22045/2019;;Ordin-nr.-433P-din-19.02.2021.pdf
19.02.2021;433P;59650/2019;Copii minori: 3;Ordin-nr.-433P-din-19.02.2021.pdf
19.02.2021;433P;80689/2018;;Ordin-nr.-433P-din-19.02.2021.pdf
19.02.2021;433P;58722/2019;;Ordin-nr.-433P-din-19.02.2021.pdf
19.02.2021;433P;91770/2019;;Ordin-nr.-433P-din-19.02.2021.pdf
19.02.2021;433P;61995/2019;;Ordin-nr.-433P-din-19.02.2021.pdf
19.02.2021;433P;48776/2019;;Ordin-nr.-433P-din-19.02.2021.pdf
19.02.2021;433P;48790/2019;;Ordin-nr.-433P-din-19.02.2021.pdf
19.02.2021;433P;61251/2019;;Ordin-nr.-433P-din-19.02.2021.pdf
19.02.2021;433P;11321/2019;;Ordin-nr.-433P-din-19.02.2021.pdf
03.02.2021;139P;100558/2019;Copii minori: 2;Ordin-nr.-139P-din-03.02.2021.pdf
03.02.2021;139P;100558/2019;;Ordin-nr.-139P-din-03.02.2021.pdf
03.02.2021;139P;80038/2019;;Ordin-nr.-139P-din-03.02.2021.pdf
03.02.2021;139P;78171/2019;;Ordin-nr.-139P-din-03.02.2021.pdf
03.02.2021;139P;78173/2019;;Ordin-nr.-139P-din-03.02.2021.pdf
03.02.2021;139P;80776/2018;;Ordin-nr.-139P-din-03.02.2021.pdf
03.02.2021;139P;56262/2019;;Ordin-nr.-139P-din-03.02.2021.pdf
03.02.2021;139P;99436/2019;;Ordin-nr.-139P-din-03.02.2021.pdf
03.02.2021;139P;92761/2017;;Ordin-nr.-139P-din-03.02.2021.pdf
03.02.2021;139P;99075/2019;Copii minori: 2;Ordin-nr.-139P-din-03.02.2021.pdf
03.02.2021;139P;100374/2019;Copii minori: 6;Ordin-nr.-139P-din-03.02.2021.pdf
03.02.2021;139P;80801/2018;;Ordin-nr.-139P-din-03.02.2021.pdf
03.02.2021;139P;79901/2019;;Ordin-nr.-139P-din-03.02.2021.pdf
03.02.2021;139P;79861/2019;;Ordin-nr.-139P-din-03.02.2021.pdf
03.02.2021;139P;79854/2019;;Ordin-nr.-139P-din-03.02.2021.pdf
03.02.2021;139P;24197/2019;;Ordin-nr.-139P-din-03.02.2021.pdf
03.02.2021;139P;79892/2019;;Ordin-nr.-139P-din-03.02.2021.pdf
03.02.2021;139P;26968/2019;;Ordin-nr.-139P-din-03.02.2021.pdf
03.02.2021;139P;37930/2019;;Ordin-nr.-139P-din-03.02.2021.pdf
03.02.2021;139P;37964/2019;;Ordin-nr.-139P-din-03.02.2021.pdf
03.02.2021;139P;80077/2019;;Ordin-nr.-139P-din-03.02.2021.pdf
03.02.2021;139P;79915/2019;;Ordin-nr.-139P-din-03.02.2021.pdf
03.02.2021;139P;37933/2019;;Ordin-nr.-139P-din-03.02.2021.pdf
03.02.2021;139P;62256/2019;Copii minori: 2;Ordin-nr.-139P-din-03.02.2021.pdf
03.02.2021;139P;48287/2019;;Ordin-nr.-139P-din-03.02.2021.pdf
03.02.2021;139P;48287/2019;Copii minori: 2;Ordin-nr.-139P-din-03.02.2021.pdf
03.02.2021;139P;61929/2019;;Ordin-nr.-139P-din-03.02.2021.pdf
03.02.2021;139P;334/2019;Copii minori: 2;Ordin-nr.-139P-din-03.02.2021.pdf
03.02.2021;139P;100376/2019;Copii minori: 5;Ordin-nr.-139P-din-03.02.2021.pdf
03.02.2021;139P;80840/2018;;Ordin-nr.-139P-din-03.02.2021.pdf
03.02.2021;139P;79353/2018;;Ordin-nr.-139P-din-03.02.2021.pdf
03.02.2021;139P;96867/2019;;Ordin-nr.-139P-din-03.02.2021.pdf
03.02.2021;139P;81139/2018;;Ordin-nr.-139P-din-03.02.2021.pdf
03.02.2021;139P;79997/2019;;Ordin-nr.-139P-din-03.02.2021.pdf
03.02.2021;139P;79540/2019;;Ordin-nr.-139P-din-03.02.2021.pdf
29.01.2021;26P;73520/2019;Copii minori:2;Ordin-nr.-26P-din-29.01.2021-art.-10.pdf
29.01.2021;26P;73520/2019;;Ordin-nr.-26P-din-29.01.2021-art.-10.pdf
29.01.2021;26P;73515/2019;Copii minori:4;Ordin-nr.-26P-din-29.01.2021-art.-10.pdf
29.01.2021;26P;99261/2019;;Ordin-nr.-26P-din-29.01.2021-art.-10.pdf
29.01.2021;26P;26909/2019;;Ordin-nr.-26P-din-29.01.2021-art.-10.pdf
29.01.2021;26P;26914/2019;;Ordin-nr.-26P-din-29.01.2021-art.-10.pdf
29.01.2021;26P;60600/2019;Copii minori:2;Ordin-nr.-26P-din-29.01.2021-art.-10.pdf
29.01.2021;26P;57158/2019;;Ordin-nr.-26P-din-29.01.2021-art.-10.pdf
29.01.2021;26P;60412/2019;;Ordin-nr.-26P-din-29.01.2021-art.-10.pdf
29.01.2021;26P;60595/2019;Copii minori:2;Ordin-nr.-26P-din-29.01.2021-art.-10.pdf
29.01.2021;26P;67524/2019;;Ordin-nr.-26P-din-29.01.2021-art.-10.pdf
29.01.2021;26P;58158/2019;Copii minori:1;Ordin-nr.-26P-din-29.01.2021-art.-10.pdf
29.01.2021;26P;58151/2019;;Ordin-nr.-26P-din-29.01.2021-art.-10.pdf
29.01.2021;26P;58155/2019;;Ordin-nr.-26P-din-29.01.2021-art.-10.pdf
29.01.2021;26P;101387/2019;;Ordin-nr.-26P-din-29.01.2021-art.-10.pdf
29.01.2021;26P;73507/2019;Copii minori:2;Ordin-nr.-26P-din-29.01.2021-art.-10.pdf
28.01.2021;17P;96880/2019;Copii minori: 2;Ordin-nr.-17P-din-28.01.2021-art-10.pdf
28.01.2021;17P;96876/2019;Copii minori: 2;Ordin-nr.-17P-din-28.01.2021-art-10.pdf
28.01.2021;17P;96883/2019;Copii minori: 3;Ordin-nr.-17P-din-28.01.2021-art-10.pdf
28.01.2021;17P;96877/2019;;Ordin-nr.-17P-din-28.01.2021-art-10.pdf
28.01.2021;17P;59077/2018;;Ordin-nr.-17P-din-28.01.2021-art-10.pdf
28.01.2021;17P;96879/2019;;Ordin-nr.-17P-din-28.01.2021-art-10.pdf
28.01.2021;17P;96886/2019;;Ordin-nr.-17P-din-28.01.2021-art-10.pdf
28.01.2021;17P;60240/2019;;Ordin-nr.-17P-din-28.01.2021-art-10.pdf
28.01.2021;17P;96873/2019;Copii minori: 1;Ordin-nr.-17P-din-28.01.2021-art-10.pdf
28.01.2021;17P;60245/2019;Copii minori: 2;Ordin-nr.-17P-din-28.01.2021-art-10.pdf
28.01.2021;17P;96878/2019;Copii minori: 1;Ordin-nr.-17P-din-28.01.2021-art-10.pdf
28.01.2021;17P;96885/2019;Copii minori: 3;Ordin-nr.-17P-din-28.01.2021-art-10.pdf
28.01.2021;17P;96868/2019;;Ordin-nr.-17P-din-28.01.2021-art-10.pdf
28.01.2021;17P;96866/2019;;Ordin-nr.-17P-din-28.01.2021-art-10.pdf
28.01.2021;17P;96864/2019;;Ordin-nr.-17P-din-28.01.2021-art-10.pdf
28.01.2021;17P;98042/2019;;Ordin-nr.-17P-din-28.01.2021-art-10.pdf
28.01.2021;17P;96874/2019;;Ordin-nr.-17P-din-28.01.2021-art-10.pdf
28.01.2021;17P;96881/2019;;Ordin-nr.-17P-din-28.01.2021-art-10.pdf
28.01.2021;17P;96887/2019;;Ordin-nr.-17P-din-28.01.2021-art-10.pdf
28.01.2021;17P;96887/2019;Copii minori: 1;Ordin-nr.-17P-din-28.01.2021-art-10.pdf
28.01.2021;17P;35221/2017;;Ordin-nr.-17P-din-28.01.2021-art-10.pdf
28.01.2021;17P;35293/2017;;Ordin-nr.-17P-din-28.01.2021-art-10.pdf
28.01.2021;17P;96884/2019;;Ordin-nr.-17P-din-28.01.2021-art-10.pdf
28.01.2021;17P;98554/2019;Copii minori: 4;Ordin-nr.-17P-din-28.01.2021-art-10.pdf
29.12.2020;10P;82590/2019;;ORDIN-ART-10-nr-2309-P-29-12-2020.pdf
29.12.2020;10P;82596/2019;;ORDIN-ART-10-nr-2309-P-29-12-2020.pdf
29.12.2020;10P;82575/2019;;ORDIN-ART-10-nr-2309-P-29-12-2020.pdf
29.12.2020;10P;82576/2019;;ORDIN-ART-10-nr-2309-P-29-12-2020.pdf
29.12.2020;10P;82589/2019;;ORDIN-ART-10-nr-2309-P-29-12-2020.pdf
29.12.2020;10P;82577/2019;Copii minori: 3;ORDIN-ART-10-nr-2309-P-29-12-2020.pdf
29.12.2020;10P;82581/2019;;ORDIN-ART-10-nr-2309-P-29-12-2020.pdf
29.12.2020;10P;82579/2019;;ORDIN-ART-10-nr-2309-P-29-12-2020.pdf
29.12.2020;10P;82587/2019;;ORDIN-ART-10-nr-2309-P-29-12-2020.pdf
29.12.2020;10P;82578/2019;Copii minori: 2;ORDIN-ART-10-nr-2309-P-29-12-2020.pdf
29.12.2020;10P;82585/2019;;ORDIN-ART-10-nr-2309-P-29-12-2020.pdf
29.12.2020;10P;3812/2018;;ORDIN-ART-10-nr-2309-P-29-12-2020.pdf
29.12.2020;10P;3812/2018;Copii minori: 2;ORDIN-ART-10-nr-2309-P-29-12-2020.pdf
29.12.2020;10P;82586/2019;;ORDIN-ART-10-nr-2309-P-29-12-2020.pdf
29.12.2020;10P;82595/2019;;ORDIN-ART-10-nr-2309-P-29-12-2020.pdf
29.12.2020;10P;82591/2019;Copii minori: 3;ORDIN-ART-10-nr-2309-P-29-12-2020.pdf
29.12.2020;10P;82574/2019;;ORDIN-ART-10-nr-2309-P-29-12-2020.pdf
23.12.2020;2284P;11789/2019;;Ordin-nr-2284-P-23-12-2020-art-10.pdf
23.12.2020;2284P;69886/2019;;Ordin-nr-2284-P-23-12-2020-art-10.pdf
23.12.2020;2284P;69880/2019;;Ordin-nr-2284-P-23-12-2020-art-10.pdf
23.12.2020;2284P;69882/2019;;Ordin-nr-2284-P-23-12-2020-art-10.pdf
23.12.2020;2284P;94401/2019;Copii minori:1;Ordin-nr-2284-P-23-12-2020-art-10.pdf
23.12.2020;2284P;91749/2019;;Ordin-nr-2284-P-23-12-2020-art-10.pdf
23.12.2020;2284P;91726/2019;;Ordin-nr-2284-P-23-12-2020-art-10.pdf
23.12.2020;2284P;37987/2019;;Ordin-nr-2284-P-23-12-2020-art-10.pdf
23.12.2020;2284P;91762/2019;;Ordin-nr-2284-P-23-12-2020-art-10.pdf
23.12.2020;2284P;47789/2019;;Ordin-nr-2284-P-23-12-2020-art-10.pdf
23.12.2020;2284P;91132/2019;;Ordin-nr-2284-P-23-12-2020-art-10.pdf
23.12.2020;2284P;76515/2019;;Ordin-nr-2284-P-23-12-2020-art-10.pdf
23.12.2020;2284P;84237/2019;Copii minori:1;Ordin-nr-2284-P-23-12-2020-art-10.pdf
23.12.2020;2284P;87859/2019;;Ordin-nr-2284-P-23-12-2020-art-10.pdf
23.12.2020;2284P;91747/2019;;Ordin-nr-2284-P-23-12-2020-art-10.pdf
23.12.2020;2284P;76602/2019;;Ordin-nr-2284-P-23-12-2020-art-10.pdf
23.12.2020;2284P;77696/2019;;Ordin-nr-2284-P-23-12-2020-art-10.pdf
23.12.2020;2284P;91748/2019;;Ordin-nr-2284-P-23-12-2020-art-10.pdf
23.12.2020;2284P;91737/2019;;Ordin-nr-2284-P-23-12-2020-art-10.pdf
23.12.2020;2284P;91755/2019;;Ordin-nr-2284-P-23-12-2020-art-10.pdf
23.12.2020;2284P;91751/2019;;Ordin-nr-2284-P-23-12-2020-art-10.pdf
23.12.2020;2284P;77732/2019;;Ordin-nr-2284-P-23-12-2020-art-10.pdf
23.12.2020;2284P;77732/2019;Copii minori:1;Ordin-nr-2284-P-23-12-2020-art-10.pdf
23.12.2020;2284P;91739/2019;;Ordin-nr-2284-P-23-12-2020-art-10.pdf
23.12.2020;2284P;77263/2019;;Ordin-nr-2284-P-23-12-2020-art-10.pdf
23.12.2020;2284P;94391/2019;;Ordin-nr-2284-P-23-12-2020-art-10.pdf
23.12.2020;2284P;76596/2019;;Ordin-nr-2284-P-23-12-2020-art-10.pdf
23.12.2020;2284P;84155/2019;;Ordin-nr-2284-P-23-12-2020-art-10.pdf
23.12.2020;2284P;91753/2019;;Ordin-nr-2284-P-23-12-2020-art-10.pdf
23.12.2020;2284P;91740/2019;;Ordin-nr-2284-P-23-12-2020-art-10.pdf
23.12.2020;2284P;96366/2019;Copii minori:1;Ordin-nr-2284-P-23-12-2020-art-10.pdf
23.12.2020;2284P;96357/2019;Copii minori:1;Ordin-nr-2284-P-23-12-2020-art-10.pdf
23.12.2020;2284P;96372/2019;Copii minori:3;Ordin-nr-2284-P-23-12-2020-art-10.pdf
23.12.2020;2284P;91729/2019;;Ordin-nr-2284-P-23-12-2020-art-10.pdf
23.12.2020;2284P;77725/2019;Copii minori:2;Ordin-nr-2284-P-23-12-2020-art-10.pdf
23.12.2020;2284P;47629/2019;;Ordin-nr-2284-P-23-12-2020-art-10.pdf
23.12.2020;2284P;77719/2019;Copii minori:1;Ordin-nr-2284-P-23-12-2020-art-10.pdf
23.12.2020;2284P;78270/2019;;Ordin-nr-2284-P-23-12-2020-art-10.pdf
23.12.2020;2284P;77830/2019;;Ordin-nr-2284-P-23-12-2020-art-10.pdf
23.12.2020;2284P;77830/2019;Copii minori:1;Ordin-nr-2284-P-23-12-2020-art-10.pdf
23.12.2020;2284P;78262/2019;Copii minori:2;Ordin-nr-2284-P-23-12-2020-art-10.pdf
23.12.2020;2284P;91076/2019;;Ordin-nr-2284-P-23-12-2020-art-10.pdf
23.12.2020;2284P;91066/2019;;Ordin-nr-2284-P-23-12-2020-art-10.pdf
23.12.2020;2284P;91759/2019;Copii minori:3;Ordin-nr-2284-P-23-12-2020-art-10.pdf
23.12.2020;2284P;77313/2019;;Ordin-nr-2284-P-23-12-2020-art-10.pdf
23.12.2020;2284P;91744/2019;;Ordin-nr-2284-P-23-12-2020-art-10.pdf
23.12.2020;2284P;77257/2019;;Ordin-nr-2284-P-23-12-2020-art-10.pdf
23.12.2020;2284P;77252/2019;;Ordin-nr-2284-P-23-12-2020-art-10.pdf
23.12.2020;2284P;77248/2019;;Ordin-nr-2284-P-23-12-2020-art-10.pdf
23.12.2020;2284P;77234/2019;;Ordin-nr-2284-P-23-12-2020-art-10.pdf
23.12.2020;2284P;77241/2019;Copii minori:1;Ordin-nr-2284-P-23-12-2020-art-10.pdf
23.12.2020;2284P;91738/2019;;Ordin-nr-2284-P-23-12-2020-art-10.pdf
23.12.2020;2284P;91736/2019;;Ordin-nr-2284-P-23-12-2020-art-10.pdf
23.12.2020;2284P;76332/2019;;Ordin-nr-2284-P-23-12-2020-art-10.pdf
23.12.2020;2284P;58019/2019;;Ordin-nr-2284-P-23-12-2020-art-10.pdf
23.12.2020;2284P;58026/2019;;Ordin-nr-2284-P-23-12-2020-art-10.pdf
23.12.2020;2284P;91734/2019;;Ordin-nr-2284-P-23-12-2020-art-10.pdf
23.12.2020;2284P;69174/2019;;Ordin-nr-2284-P-23-12-2020-art-10.pdf
04.12.2020;1948P;91723/2019;;O-1948-P-din-04.12.2020-art-10.pdf
04.12.2020;1948P;91720/2019;Copii minori: 1;O-1948-P-din-04.12.2020-art-10.pdf
04.12.2020;1948P;82462/2018;;O-1948-P-din-04.12.2020-art-10.pdf
04.12.2020;1948P;80817/2018;Copii minori: 2;O-1948-P-din-04.12.2020-art-10.pdf
04.12.2020;1948P;91724/2019;;O-1948-P-din-04.12.2020-art-10.pdf
04.12.2020;1948P;96808/2019;;O-1948-P-din-04.12.2020-art-10.pdf
04.12.2020;1948P;96791/2019;;O-1948-P-din-04.12.2020-art-10.pdf
04.12.2020;1948P;96869/2019;;O-1948-P-din-04.12.2020-art-10.pdf
04.12.2020;1948P;96729/2019;;O-1948-P-din-04.12.2020-art-10.pdf
04.12.2020;1948P;96706/2019;;O-1948-P-din-04.12.2020-art-10.pdf
04.12.2020;1948P;96719/2019;;O-1948-P-din-04.12.2020-art-10.pdf
04.12.2020;1948P;96690/2019;;O-1948-P-din-04.12.2020-art-10.pdf
04.12.2020;1948P;96725/2019;;O-1948-P-din-04.12.2020-art-10.pdf
04.12.2020;1948P;96735/2019;;O-1948-P-din-04.12.2020-art-10.pdf
04.12.2020;1948P;96741/2019;;O-1948-P-din-04.12.2020-art-10.pdf
04.12.2020;1948P;91727/2019;;O-1948-P-din-04.12.2020-art-10.pdf
04.12.2020;1948P;96786/2019;;O-1948-P-din-04.12.2020-art-10.pdf
04.12.2020;1948P;96845/2019;;O-1948-P-din-04.12.2020-art-10.pdf
04.12.2020;1948P;96841/2019;Copii minori: 1;O-1948-P-din-04.12.2020-art-10.pdf
04.12.2020;1948P;10939/2019;;O-1948-P-din-04.12.2020-art-10.pdf
04.12.2020;1948P;50851/2019;Copii minori: 1;O-1948-P-din-04.12.2020-art-10.pdf
04.12.2020;1948P;96843/2019;;O-1948-P-din-04.12.2020-art-10.pdf
04.12.2020;1948P;96847/2019;;O-1948-P-din-04.12.2020-art-10.pdf
04.12.2020;1948P;96844/2019;;O-1948-P-din-04.12.2020-art-10.pdf
04.12.2020;1948P;96849/2019;Copii minori: 1;O-1948-P-din-04.12.2020-art-10.pdf
04.12.2020;1948P;96853/2019;;O-1948-P-din-04.12.2020-art-10.pdf
04.12.2020;1948P;91732/2019;;O-1948-P-din-04.12.2020-art-10.pdf
04.12.2020;1948P;46366/2019;;O-1948-P-din-04.12.2020-art-10.pdf
04.12.2020;1948P;46366/2019;;O-1948-P-din-04.12.2020-art-10.pdf
04.12.2020;1948P;46373/2019;;O-1948-P-din-04.12.2020-art-10.pdf
04.12.2020;1948P;91725/2019;;O-1948-P-din-04.12.2020-art-10.pdf
04.12.2020;1948P;96699/2019;;O-1948-P-din-04.12.2020-art-10.pdf
04.12.2020;1948P;91731/2019;;O-1948-P-din-04.12.2020-art-10.pdf
04.12.2020;1948P;48697/2019;;O-1948-P-din-04.12.2020-art-10.pdf
11.11.2020;1893P;74484/2019;;Ordin-nr-1893P-din-11-11-2020.pdf
11.11.2020;1893P;74489/2019;;Ordin-nr-1893P-din-11-11-2020.pdf
11.11.2020;1893P;90070/2019;;Ordin-nr-1893P-din-11-11-2020.pdf
11.11.2020;1893P;91769/2019;;Ordin-nr-1893P-din-11-11-2020.pdf
11.11.2020;1893P;48313/2018;Copii minori:1;Ordin-nr-1893P-din-11-11-2020.pdf
11.11.2020;1893P;74723/2019;Copii minori:1;Ordin-nr-1893P-din-11-11-2020.pdf
11.11.2020;1893P;74702/2019;;Ordin-nr-1893P-din-11-11-2020.pdf
11.11.2020;1893P;74878/2019;;Ordin-nr-1893P-din-11-11-2020.pdf
11.11.2020;1893P;74875/2019;;Ordin-nr-1893P-din-11-11-2020.pdf
11.11.2020;1893P;64117/2019;Copii minori:3;Ordin-nr-1893P-din-11-11-2020.pdf
11.11.2020;1893P;67279/2019;Copii minori:3;Ordin-nr-1893P-din-11-11-2020.pdf
11.11.2020;1893P;74712/2019;Copii minori:1;Ordin-nr-1893P-din-11-11-2020.pdf
11.11.2020;1893P;74909/2019;Copii minori:1;Ordin-nr-1893P-din-11-11-2020.pdf
11.11.2020;1893P;91771/2019;;Ordin-nr-1893P-din-11-11-2020.pdf
11.11.2020;1893P;91763/2019;Copii minori: 2;Ordin-nr-1893P-din-11-11-2020.pdf
11.11.2020;1893P;91768/2019;Copii minori:2;Ordin-nr-1893P-din-11-11-2020.pdf
11.11.2020;1893P;91764/2019;;Ordin-nr-1893P-din-11-11-2020.pdf
11.11.2020;1893P;52271/2018;Copii minori:1;Ordin-nr-1893P-din-11-11-2020.pdf
11.11.2020;1893P;74894/2019;;Ordin-nr-1893P-din-11-11-2020.pdf
11.11.2020;1893P;74897/2019;Copii minori:1;Ordin-nr-1893P-din-11-11-2020.pdf
11.11.2020;1893P;46002/2019;Copii minori: 1;Ordin-nr-1893P-din-11-11-2020.pdf
11.11.2020;1893P;74896/2019;;Ordin-nr-1893P-din-11-11-2020.pdf
11.11.2020;1893P;91765/2019;;Ordin-nr-1893P-din-11-11-2020.pdf
11.11.2020;1893P;91760/2019;;Ordin-nr-1893P-din-11-11-2020.pdf
11.11.2020;1893P;74908/2019;;Ordin-nr-1893P-din-11-11-2020.pdf
11.11.2020;1893P;74900/2019;;Ordin-nr-1893P-din-11-11-2020.pdf
11.11.2020;1893P;54987/2019;Copii minori:1;Ordin-nr-1893P-din-11-11-2020.pdf
11.11.2020;1893P;74903/2019;;Ordin-nr-1893P-din-11-11-2020.pdf
11.11.2020;1893P;74907/2019;;Ordin-nr-1893P-din-11-11-2020.pdf
27.10.2020;1778P;66661/2019;Copii minori: 3;Ordin_nr._1778__-P-27.10.2020.pdf
27.10.2020;1778P;86519/2019;;Ordin_nr._1778__-P-27.10.2020.pdf
27.10.2020;1778P;65534/2019;;Ordin_nr._1778__-P-27.10.2020.pdf
27.10.2020;1778P;65590/2019;Copii minori: 1;Ordin_nr._1778__-P-27.10.2020.pdf
27.10.2020;1778P;96865/2019;;Ordin_nr._1778__-P-27.10.2020.pdf
27.10.2020;1778P;102196/2019;Copii minori: 2;Ordin_nr._1778__-P-27.10.2020.pdf
27.10.2020;1778P;86517/2019;;Ordin_nr._1778__-P-27.10.2020.pdf
27.10.2020;1778P;101907/2019;;Ordin_nr._1778__-P-27.10.2020.pdf
27.10.2020;1778P;101912/2019;;Ordin_nr._1778__-P-27.10.2020.pdf
27.10.2020;1778P;65284/2019;;Ordin_nr._1778__-P-27.10.2020.pdf
27.10.2020;1778P;65280/2019;;Ordin_nr._1778__-P-27.10.2020.pdf
27.10.2020;1778P;65172/2019;;Ordin_nr._1778__-P-27.10.2020.pdf
27.10.2020;1778P;96668/2019;;Ordin_nr._1778__-P-27.10.2020.pdf
27.10.2020;1778P;96663/2019;;Ordin_nr._1778__-P-27.10.2020.pdf
27.10.2020;1778P;96665/2019;;Ordin_nr._1778__-P-27.10.2020.pdf
27.10.2020;1778P;96672/2019;;Ordin_nr._1778__-P-27.10.2020.pdf
27.10.2020;1778P;86341/2019;;Ordin_nr._1778__-P-27.10.2020.pdf
27.10.2020;1778P;95948/2019;;Ordin_nr._1778__-P-27.10.2020.pdf
27.10.2020;1778P;102063/2019;;Ordin_nr._1778__-P-27.10.2020.pdf
27.10.2020;1778P;102057/2019;;Ordin_nr._1778__-P-27.10.2020.pdf
27.10.2020;1778P;66155/2019;;Ordin_nr._1778__-P-27.10.2020.pdf
27.10.2020;1778P;66164/2019;Copii minori: 4;Ordin_nr._1778__-P-27.10.2020.pdf
27.10.2020;1778P;66382/2019;;Ordin_nr._1778__-P-27.10.2020.pdf
27.10.2020;1778P;66481/2019;;Ordin_nr._1778__-P-27.10.2020.pdf
27.10.2020;1778P;102466/2019;;Ordin_nr._1778__-P-27.10.2020.pdf
27.10.2020;1778P;65528/2019;;Ordin_nr._1778__-P-27.10.2020.pdf
27.10.2020;1778P;65528/2019;Copii minori: 3;Ordin_nr._1778__-P-27.10.2020.pdf
27.10.2020;1778P;96308/2019;;Ordin_nr._1778__-P-27.10.2020.pdf
27.10.2020;1778P;102482/2019;;Ordin_nr._1778__-P-27.10.2020.pdf
27.10.2020;1778P;102473/2019;;Ordin_nr._1778__-P-27.10.2020.pdf
27.10.2020;1778P;93298/2019;;Ordin_nr._1778__-P-27.10.2020.pdf
27.10.2020;1778P;101641/2019;;Ordin_nr._1778__-P-27.10.2020.pdf
27.10.2020;1778P;101653/2019;Copii minori: 2;Ordin_nr._1778__-P-27.10.2020.pdf
27.10.2020;1778P;101637/2019;;Ordin_nr._1778__-P-27.10.2020.pdf
27.10.2020;1778P;101644/2019;;Ordin_nr._1778__-P-27.10.2020.pdf
27.10.2020;1778P;101647/2019;;Ordin_nr._1778__-P-27.10.2020.pdf
27.10.2020;1778P;102726/2019;;Ordin_nr._1778__-P-27.10.2020.pdf
27.10.2020;1778P;23482/2019;;Ordin_nr._1778__-P-27.10.2020.pdf
27.10.2020;1778P;102735/2019;;Ordin_nr._1778__-P-27.10.2020.pdf
27.10.2020;1778P;31227/2019;;Ordin_nr._1778__-P-27.10.2020.pdf
27.10.2020;1778P;86392/2019;Copii minori: 2;Ordin_nr._1778__-P-27.10.2020.pdf
27.10.2020;1778P;93520/2019;;Ordin_nr._1778__-P-27.10.2020.pdf
27.10.2020;1778P;65954/2019;;Ordin_nr._1778__-P-27.10.2020.pdf
27.10.2020;1778P;95944/2019;;Ordin_nr._1778__-P-27.10.2020.pdf
27.10.2020;1778P;93293/2019;;Ordin_nr._1778__-P-27.10.2020.pdf
27.10.2020;1778P;86406/2019;;Ordin_nr._1778__-P-27.10.2020.pdf
27.10.2020;1778P;65059/2019;;Ordin_nr._1778__-P-27.10.2020.pdf
27.10.2020;1778P;65059/2019;;Ordin_nr._1778__-P-27.10.2020.pdf
27.10.2020;1778P;93614/2019;;Ordin_nr._1778__-P-27.10.2020.pdf
27.10.2020;1778P;93615/2019;;Ordin_nr._1778__-P-27.10.2020.pdf
19.10.2020;1661P;30990/2019;Copii minori:2;Ordin_nr._1661P_din_19_10_2020.pdf
19.10.2020;1661P;31014/2019;;Ordin_nr._1661P_din_19_10_2020.pdf
19.10.2020;1661P;43969/2019;;Ordin_nr._1661P_din_19_10_2020.pdf
19.10.2020;1661P;37960/2019;;Ordin_nr._1661P_din_19_10_2020.pdf
19.10.2020;1661P;83695/2019;;Ordin_nr._1661P_din_19_10_2020.pdf
19.10.2020;1661P;94481/2019;;Ordin_nr._1661P_din_19_10_2020.pdf
19.10.2020;1661P;43983/2019;;Ordin_nr._1661P_din_19_10_2020.pdf
19.10.2020;1661P;84495/2019;;Ordin_nr._1661P_din_19_10_2020.pdf
19.10.2020;1661P;43956/2019;Copii minori:2;Ordin_nr._1661P_din_19_10_2020.pdf
19.10.2020;1661P;43955/2019;;Ordin_nr._1661P_din_19_10_2020.pdf
19.10.2020;1661P;43957/2019;Copii minori:1;Ordin_nr._1661P_din_19_10_2020.pdf
19.10.2020;1661P;43950/2019;;Ordin_nr._1661P_din_19_10_2020.pdf
19.10.2020;1661P;80602/2018;;Ordin_nr._1661P_din_19_10_2020.pdf
19.10.2020;1661P;80658/2018;;Ordin_nr._1661P_din_19_10_2020.pdf
19.10.2020;1661P;94867/2019;Copii minori:2;Ordin_nr._1661P_din_19_10_2020.pdf
19.10.2020;1661P;94898/2019;;Ordin_nr._1661P_din_19_10_2020.pdf
19.10.2020;1661P;44000/2019;;Ordin_nr._1661P_din_19_10_2020.pdf
19.10.2020;1661P;37980/2019;;Ordin_nr._1661P_din_19_10_2020.pdf
19.10.2020;1661P;87478/2019;;Ordin_nr._1661P_din_19_10_2020.pdf
19.10.2020;1661P;87475/2019;;Ordin_nr._1661P_din_19_10_2020.pdf
19.10.2020;1661P;90360/2019;;Ordin_nr._1661P_din_19_10_2020.pdf
19.10.2020;1661P;37963/2019;;Ordin_nr._1661P_din_19_10_2020.pdf
19.10.2020;1661P;90085/2019;Copii minori:3;Ordin_nr._1661P_din_19_10_2020.pdf
19.10.2020;1661P;90084/2019;;Ordin_nr._1661P_din_19_10_2020.pdf
19.10.2020;1661P;87838/2019;;Ordin_nr._1661P_din_19_10_2020.pdf
19.10.2020;1661P;94905/2019;;Ordin_nr._1661P_din_19_10_2020.pdf
19.10.2020;1661P;31037/2019;;Ordin_nr._1661P_din_19_10_2020.pdf
19.10.2020;1661P;37972/2019;;Ordin_nr._1661P_din_19_10_2020.pdf
19.10.2020;1661P;37989/2019;;Ordin_nr._1661P_din_19_10_2020.pdf
19.10.2020;1661P;30988/2019;Copii minori:2;Ordin_nr._1661P_din_19_10_2020.pdf
19.10.2020;1661P;30998/2019;Copii minori:2;Ordin_nr._1661P_din_19_10_2020.pdf
19.10.2020;1661P;80614/2018;;Ordin_nr._1661P_din_19_10_2020.pdf
19.10.2020;1661P;95249/2019;;Ordin_nr._1661P_din_19_10_2020.pdf
19.10.2020;1661P;43981/2019;;Ordin_nr._1661P_din_19_10_2020.pdf
19.10.2020;1661P;43991/2019;;Ordin_nr._1661P_din_19_10_2020.pdf
19.10.2020;1661P;43960/2019;;Ordin_nr._1661P_din_19_10_2020.pdf
19.10.2020;1661P;85152/2019;;Ordin_nr._1661P_din_19_10_2020.pdf
19.10.2020;1661P;85153/2019;;Ordin_nr._1661P_din_19_10_2020.pdf
19.10.2020;1661P;43951/2019;;Ordin_nr._1661P_din_19_10_2020.pdf
19.10.2020;1661P;84520/2019;;Ordin_nr._1661P_din_19_10_2020.pdf
19.10.2020;1661P;87581/2019;;Ordin_nr._1661P_din_19_10_2020.pdf
19.10.2020;1661P;84859/2019;Copii minori:1;Ordin_nr._1661P_din_19_10_2020.pdf
19.10.2020;1661P;299/2019;;Ordin_nr._1661P_din_19_10_2020.pdf
19.10.2020;1661P;89950/2019;Copii minori:1;Ordin_nr._1661P_din_19_10_2020.pdf
19.10.2020;1661P;89946/2019;;Ordin_nr._1661P_din_19_10_2020.pdf
19.10.2020;1661P;89954/2019;Copii minori:1;Ordin_nr._1661P_din_19_10_2020.pdf
19.10.2020;1661P;94522/2019;;Ordin_nr._1661P_din_19_10_2020.pdf
19.10.2020;1661P;43954/2019;;Ordin_nr._1661P_din_19_10_2020.pdf
19.10.2020;1661P;41461/2019;;Ordin_nr._1661P_din_19_10_2020.pdf
19.10.2020;1661P;28594/2019;;Ordin_nr._1661P_din_19_10_2020.pdf
19.10.2020;1661P;37932/2019;;Ordin_nr._1661P_din_19_10_2020.pdf
19.10.2020;1661P;45987/2018;;Ordin_nr._1661P_din_19_10_2020.pdf
19.10.2020;1661P;89681/2019;;Ordin_nr._1661P_din_19_10_2020.pdf
19.10.2020;1661P;37982/2019;Copii minori:2;Ordin_nr._1661P_din_19_10_2020.pdf
19.10.2020;1661P;43952/2019;;Ordin_nr._1661P_din_19_10_2020.pdf
19.10.2020;1661P;37956/2019;;Ordin_nr._1661P_din_19_10_2020.pdf
19.10.2020;1661P;30991/2019;;Ordin_nr._1661P_din_19_10_2020.pdf
19.10.2020;1661P;87747/2019;;Ordin_nr._1661P_din_19_10_2020.pdf
19.10.2020;1661P;87828/2019;;Ordin_nr._1661P_din_19_10_2020.pdf
19.10.2020;1661P;87747/2019;;Ordin_nr._1661P_din_19_10_2020.pdf
19.10.2020;1661P;31023/2019;;Ordin_nr._1661P_din_19_10_2020.pdf
19.10.2020;1661P;91058/2019;;Ordin_nr._1661P_din_19_10_2020.pdf
19.10.2020;1661P;91081/2019;;Ordin_nr._1661P_din_19_10_2020.pdf
19.10.2020;1661P;31045/2019;Copii minori:2;Ordin_nr._1661P_din_19_10_2020.pdf
19.10.2020;1661P;94990/2019;;Ordin_nr._1661P_din_19_10_2020.pdf
19.10.2020;1661P;94987/2019;;Ordin_nr._1661P_din_19_10_2020.pdf
19.10.2020;1661P;94713/2019;;Ordin_nr._1661P_din_19_10_2020.pdf
19.10.2020;1661P;89573/2019;;Ordin_nr._1661P_din_19_10_2020.pdf
19.10.2020;1661P;37961/2019;;Ordin_nr._1661P_din_19_10_2020.pdf
19.10.2020;1661P;37978/2019;;Ordin_nr._1661P_din_19_10_2020.pdf
19.10.2020;1661P;89255/2019;;Ordin_nr._1661P_din_19_10_2020.pdf
19.10.2020;1661P;88020/2019;;Ordin_nr._1661P_din_19_10_2020.pdf
19.10.2020;1661P;43990/2019;;Ordin_nr._1661P_din_19_10_2020.pdf
19.10.2020;1661P;37946/2019;;Ordin_nr._1661P_din_19_10_2020.pdf
19.10.2020;1661P;37983/2019;;Ordin_nr._1661P_din_19_10_2020.pdf
19.10.2020;1661P;94216/2019;;Ordin_nr._1661P_din_19_10_2020.pdf
19.10.2020;1661P;95341/2019;;Ordin_nr._1661P_din_19_10_2020.pdf
19.10.2020;1661P;94882/2019;Copii minori:2;Ordin_nr._1661P_din_19_10_2020.pdf
19.10.2020;1661P;89622/2019;;Ordin_nr._1661P_din_19_10_2020.pdf
19.10.2020;1661P;89622/2019;Copii minori:3;Ordin_nr._1661P_din_19_10_2020.pdf
19.10.2020;1661P;89901/2019;Copii minori:1;Ordin_nr._1661P_din_19_10_2020.pdf
19.10.2020;1661P;90086/2019;Copii minori:3;Ordin_nr._1661P_din_19_10_2020.pdf
19.10.2020;1661P;43953/2019;;Ordin_nr._1661P_din_19_10_2020.pdf
19.10.2020;1661P;82592/2019;;Ordin_nr._1661P_din_19_10_2020.pdf
19.10.2020;1661P;50836/2019;;Ordin_nr._1661P_din_19_10_2020.pdf
19.10.2020;1661P;37944/2019;Copii minori:2;Ordin_nr._1661P_din_19_10_2020.pdf
19.10.2020;1661P;90426/2019;;Ordin_nr._1661P_din_19_10_2020.pdf
19.10.2020;1661P;37950/2019;;Ordin_nr._1661P_din_19_10_2020.pdf
19.10.2020;1661P;91094/2019;;Ordin_nr._1661P_din_19_10_2020.pdf
19.10.2020;1661P;84113/2019;Copii minori:1;Ordin_nr._1661P_din_19_10_2020.pdf
19.10.2020;1661P;82593/2019;;Ordin_nr._1661P_din_19_10_2020.pdf
19.10.2020;1661P;95981/2019;;Ordin_nr._1661P_din_19_10_2020.pdf
19.10.2020;1660P;82300/2019;;Ordin_nr._1660P_din_19.10.2020.pdf
19.10.2020;1660P;82295/2019;;Ordin_nr._1660P_din_19.10.2020.pdf
19.10.2020;1660P;77914/2019;Copii minori:1;Ordin_nr._1660P_din_19.10.2020.pdf
19.10.2020;1660P;77921/2019;;Ordin_nr._1660P_din_19.10.2020.pdf
19.10.2020;1660P;98740/2019;;Ordin_nr._1660P_din_19.10.2020.pdf
19.10.2020;1660P;98738/2019;;Ordin_nr._1660P_din_19.10.2020.pdf
19.10.2020;1660P;100534/2019;;Ordin_nr._1660P_din_19.10.2020.pdf
19.10.2020;1660P;78461/2019;Copii minori:1;Ordin_nr._1660P_din_19.10.2020.pdf
19.10.2020;1660P;78212/2019;;Ordin_nr._1660P_din_19.10.2020.pdf
19.10.2020;1660P;82566/2019;;Ordin_nr._1660P_din_19.10.2020.pdf
19.10.2020;1660P;78065/2019;;Ordin_nr._1660P_din_19.10.2020.pdf
19.10.2020;1660P;50891/2019;;Ordin_nr._1660P_din_19.10.2020.pdf
19.10.2020;1660P;82326/2019;Copii minori:1;Ordin_nr._1660P_din_19.10.2020.pdf
19.10.2020;1660P;78650/2019;Copii minori:3;Ordin_nr._1660P_din_19.10.2020.pdf
19.10.2020;1660P;78257/2019;;Ordin_nr._1660P_din_19.10.2020.pdf
19.10.2020;1660P;99426/2019;;Ordin_nr._1660P_din_19.10.2020.pdf
19.10.2020;1660P;82569/2019;;Ordin_nr._1660P_din_19.10.2020.pdf
19.10.2020;1660P;99152/2019;;Ordin_nr._1660P_din_19.10.2020.pdf
19.10.2020;1660P;100530/2019;Copii minori:3;Ordin_nr._1660P_din_19.10.2020.pdf
19.10.2020;1660P;75973/2019;;Ordin_nr._1660P_din_19.10.2020.pdf
19.10.2020;1660P;75982/2019;;Ordin_nr._1660P_din_19.10.2020.pdf
19.10.2020;1660P;75957/2019;;Ordin_nr._1660P_din_19.10.2020.pdf
19.10.2020;1660P;75977/2019;;Ordin_nr._1660P_din_19.10.2020.pdf
19.10.2020;1660P;55709/2018;Copii minori:1;Ordin_nr._1660P_din_19.10.2020.pdf
19.10.2020;1660P;78082/2019;Copii minori:1;Ordin_nr._1660P_din_19.10.2020.pdf
19.10.2020;1660P;98652/2019;;Ordin_nr._1660P_din_19.10.2020.pdf
19.10.2020;1660P;82530/2019;;Ordin_nr._1660P_din_19.10.2020.pdf
19.10.2020;1660P;82560/2019;;Ordin_nr._1660P_din_19.10.2020.pdf
19.10.2020;1660P;98578/2019;Copii minori:1;Ordin_nr._1660P_din_19.10.2020.pdf
19.10.2020;1660P;77735/2019;;Ordin_nr._1660P_din_19.10.2020.pdf
19.10.2020;1660P;77735/2019;;Ordin_nr._1660P_din_19.10.2020.pdf
19.10.2020;1660P;74916/2019;;Ordin_nr._1660P_din_19.10.2020.pdf
19.10.2020;1660P;81647/2019;;Ordin_nr._1660P_din_19.10.2020.pdf
19.10.2020;1660P;77992/2019;;Ordin_nr._1660P_din_19.10.2020.pdf
19.10.2020;1660P;6173/2019;Copii minori:2;Ordin_nr._1660P_din_19.10.2020.pdf
19.10.2020;1660P;2104/2019;;Ordin_nr._1660P_din_19.10.2020.pdf
19.10.2020;1660P;100512/2019;Copii minori:2;Ordin_nr._1660P_din_19.10.2020.pdf
19.10.2020;1660P;100485/2019;;Ordin_nr._1660P_din_19.10.2020.pdf
19.10.2020;1660P;82570/2019;;Ordin_nr._1660P_din_19.10.2020.pdf
19.10.2020;1660P;78129/2019;;Ordin_nr._1660P_din_19.10.2020.pdf
19.10.2020;1660P;75948/2019;;Ordin_nr._1660P_din_19.10.2020.pdf
19.10.2020;1660P;99486/2019;Copii minori:2;Ordin_nr._1660P_din_19.10.2020.pdf
19.10.2020;1660P;99475/2019;;Ordin_nr._1660P_din_19.10.2020.pdf
19.10.2020;1660P;82567/2019;;Ordin_nr._1660P_din_19.10.2020.pdf
19.10.2020;1660P;82565/2019;;Ordin_nr._1660P_din_19.10.2020.pdf
19.10.2020;1660P;76203/2019;;Ordin_nr._1660P_din_19.10.2020.pdf
19.10.2020;1660P;76210/2019;Copii minori:3;Ordin_nr._1660P_din_19.10.2020.pdf
19.10.2020;1660P;76200/2019;Copii minori:1;Ordin_nr._1660P_din_19.10.2020.pdf
19.10.2020;1660P;81905/2019;Copii minori:2;Ordin_nr._1660P_din_19.10.2020.pdf
19.10.2020;1660P;77903/2019;;Ordin_nr._1660P_din_19.10.2020.pdf
19.10.2020;1660P;100544/2019;;Ordin_nr._1660P_din_19.10.2020.pdf
19.10.2020;1660P;99156/2019;;Ordin_nr._1660P_din_19.10.2020.pdf
19.10.2020;1660P;82562/2019;;Ordin_nr._1660P_din_19.10.2020.pdf
19.10.2020;1660P;77926/2019;Copii minori:2;Ordin_nr._1660P_din_19.10.2020.pdf
19.10.2020;1660P;60787/2019;;Ordin_nr._1660P_din_19.10.2020.pdf
19.10.2020;1660P;60796/2019;;Ordin_nr._1660P_din_19.10.2020.pdf
19.10.2020;1660P;75969/2019;;Ordin_nr._1660P_din_19.10.2020.pdf
19.10.2020;1660P;75969/2019;;Ordin_nr._1660P_din_19.10.2020.pdf
19.10.2020;1660P;72111/2019;;Ordin_nr._1660P_din_19.10.2020.pdf
19.10.2020;1660P;82559/2019;;Ordin_nr._1660P_din_19.10.2020.pdf
19.10.2020;1660P;11139/2019;;Ordin_nr._1660P_din_19.10.2020.pdf
30.09.2020;1587P;16032/2018;;Ordin_nr._1587__din_30.09.2020__art._10.pdf
30.09.2020;1587P;55635/2019;;Ordin_nr._1587__din_30.09.2020__art._10.pdf
30.09.2020;1587P;55648/2019;;Ordin_nr._1587__din_30.09.2020__art._10.pdf
30.09.2020;1587P;55644/2019;;Ordin_nr._1587__din_30.09.2020__art._10.pdf
30.09.2020;1587P;55637/2019;;Ordin_nr._1587__din_30.09.2020__art._10.pdf
30.09.2020;1587P;55632/2019;;Ordin_nr._1587__din_30.09.2020__art._10.pdf
30.09.2020;1587P;55642/2019;Copii minori: 1;Ordin_nr._1587__din_30.09.2020__art._10.pdf
30.09.2020;1587P;43982/2019;;Ordin_nr._1587__din_30.09.2020__art._10.pdf
30.09.2020;1587P;43987/2019;;Ordin_nr._1587__din_30.09.2020__art._10.pdf
30.09.2020;1587P;21458/2017;;Ordin_nr._1587__din_30.09.2020__art._10.pdf
30.09.2020;1587P;22032/2017;Copii minori: 1;Ordin_nr._1587__din_30.09.2020__art._10.pdf
30.09.2020;1587P;22036/2017;;Ordin_nr._1587__din_30.09.2020__art._10.pdf
30.09.2020;1587P;21466/2017;;Ordin_nr._1587__din_30.09.2020__art._10.pdf
30.09.2020;1587P;55636/2019;;Ordin_nr._1587__din_30.09.2020__art._10.pdf
30.09.2020;1587P;67508/2019;Copii minori: 2;Ordin_nr._1587__din_30.09.2020__art._10.pdf
30.09.2020;1587P;55640/2019;;Ordin_nr._1587__din_30.09.2020__art._10.pdf
30.09.2020;1587P;55634/2019;Copii minori: 2;Ordin_nr._1587__din_30.09.2020__art._10.pdf
30.09.2020;1587P;43992/2019;Copii minori: 3;Ordin_nr._1587__din_30.09.2020__art._10.pdf
30.09.2020;1587P;37948/2019;;Ordin_nr._1587__din_30.09.2020__art._10.pdf
30.09.2020;1587P;37954/2019;;Ordin_nr._1587__din_30.09.2020__art._10.pdf
30.09.2020;1587P;37968/2019;;Ordin_nr._1587__din_30.09.2020__art._10.pdf
30.09.2020;1587P;37974/2019;;Ordin_nr._1587__din_30.09.2020__art._10.pdf
30.09.2020;1587P;43993/2019;;Ordin_nr._1587__din_30.09.2020__art._10.pdf
30.09.2020;1587P;43982/2019;;Ordin_nr._1587__din_30.09.2020__art._10.pdf
30.09.2020;1587P;37967/2019;;Ordin_nr._1587__din_30.09.2020__art._10.pdf
30.09.2020;1587P;37984/2019;;Ordin_nr._1587__din_30.09.2020__art._10.pdf
30.09.2020;1587P;67699/2019;;Ordin_nr._1587__din_30.09.2020__art._10.pdf
30.09.2020;1587P;44003/2019;;Ordin_nr._1587__din_30.09.2020__art._10.pdf
30.09.2020;1587P;44003/2019;Copii minori: 1;Ordin_nr._1587__din_30.09.2020__art._10.pdf
30.09.2020;1587P;55647/2019;;Ordin_nr._1587__din_30.09.2020__art._10.pdf
30.09.2020;1587P;43985/2019;;Ordin_nr._1587__din_30.09.2020__art._10.pdf
30.09.2020;1587P;37975/2019;;Ordin_nr._1587__din_30.09.2020__art._10.pdf
30.09.2020;1587P;55645/2019;Copii minori: 3;Ordin_nr._1587__din_30.09.2020__art._10.pdf
30.09.2020;1587P;43997/2019;Copii minori: 2;Ordin_nr._1587__din_30.09.2020__art._10.pdf
30.09.2020;1587P;43989/2019;Copii minori: 1;Ordin_nr._1587__din_30.09.2020__art._10.pdf
30.09.2020;1587P;44002/2019;Copii minori: 2;Ordin_nr._1587__din_30.09.2020__art._10.pdf
30.09.2020;1587P;44002/2019;;Ordin_nr._1587__din_30.09.2020__art._10.pdf
30.09.2020;1587P;65093/2018;;Ordin_nr._1587__din_30.09.2020__art._10.pdf
30.09.2020;1587P;43988/2019;Copii minori: 3;Ordin_nr._1587__din_30.09.2020__art._10.pdf
30.09.2020;1587P;67497/2019;;Ordin_nr._1587__din_30.09.2020__art._10.pdf
30.09.2020;1587P;55638/2019;;Ordin_nr._1587__din_30.09.2020__art._10.pdf
30.09.2020;1587P;37958/2019;Copii minori: 2;Ordin_nr._1587__din_30.09.2020__art._10.pdf
30.09.2020;1587P;37958/2019;;Ordin_nr._1587__din_30.09.2020__art._10.pdf
30.09.2020;1587P;43994/2019;;Ordin_nr._1587__din_30.09.2020__art._10.pdf
30.09.2020;1587P;55649/2019;;Ordin_nr._1587__din_30.09.2020__art._10.pdf
30.09.2020;1587P;55641/2019;;Ordin_nr._1587__din_30.09.2020__art._10.pdf
30.09.2020;1587P;67491/2019;;Ordin_nr._1587__din_30.09.2020__art._10.pdf
30.09.2020;1587P;67482/2019;;Ordin_nr._1587__din_30.09.2020__art._10.pdf
30.09.2020;1587P;55639/2019;;Ordin_nr._1587__din_30.09.2020__art._10.pdf
30.09.2020;1587P;37931/2019;;Ordin_nr._1587__din_30.09.2020__art._10.pdf
30.09.2020;1587P;37959/2019;;Ordin_nr._1587__din_30.09.2020__art._10.pdf
30.09.2020;1587P;42146/2019;;Ordin_nr._1587__din_30.09.2020__art._10.pdf
30.09.2020;1587P;67935/2019;;Ordin_nr._1587__din_30.09.2020__art._10.pdf
30.09.2020;1587P;6932/2019;;Ordin_nr._1587__din_30.09.2020__art._10.pdf
30.09.2020;1587P;44001/2019;;Ordin_nr._1587__din_30.09.2020__art._10.pdf
30.09.2020;1587P;44004/2019;;Ordin_nr._1587__din_30.09.2020__art._10.pdf
30.09.2020;1587P;43984/2019;;Ordin_nr._1587__din_30.09.2020__art._10.pdf
30.09.2020;1587P;69232/2019;Copii minori: 2;Ordin_nr._1587__din_30.09.2020__art._10.pdf
30.09.2020;1587P;69232/2019;;Ordin_nr._1587__din_30.09.2020__art._10.pdf
30.09.2020;1587P;31001/2019;Copii minori: 1;Ordin_nr._1587__din_30.09.2020__art._10.pdf
30.09.2020;1587P;43999/2019;;Ordin_nr._1587__din_30.09.2020__art._10.pdf
30.09.2020;1587P;39604/2017;;Ordin_nr._1587__din_30.09.2020__art._10.pdf
30.09.2020;1587P;55646/2019;Copii minori: 1;Ordin_nr._1587__din_30.09.2020__art._10.pdf
30.09.2020;1587P;55650/2019;;Ordin_nr._1587__din_30.09.2020__art._10.pdf
30.09.2020;1587P;33632/2018;Copii minori: 1;Ordin_nr._1587__din_30.09.2020__art._10.pdf
30.09.2020;1587P;33632/2018;;Ordin_nr._1587__din_30.09.2020__art._10.pdf
30.09.2020;1587P;2792/2019;;Ordin_nr._1587__din_30.09.2020__art._10.pdf
30.09.2020;1587P;89348/2018;;Ordin_nr._1587__din_30.09.2020__art._10.pdf
30.09.2020;1587P;34468/2019;;Ordin_nr._1587__din_30.09.2020__art._10.pdf
30.09.2020;1587P;4118/2019;Copii minori: 1;Ordin_nr._1587__din_30.09.2020__art._10.pdf
30.09.2020;1587P;55642/2019;;Ordin_nr._1587__din_30.09.2020__art._10.pdf
30.09.2020;1587P;43998/2019;;Ordin_nr._1587__din_30.09.2020__art._10.pdf
30.09.2020;1587P;43986/2019;;Ordin_nr._1587__din_30.09.2020__art._10.pdf
23.09.2020;1531P;43978/2019;Copii minori: 1;Ordin_nr._1531__din_23_09_2020__art_10.pdf
23.09.2020;1531P;46425/2019;;Ordin_nr._1531__din_23_09_2020__art_10.pdf
23.09.2020;1531P;50878/2019;Copii minori: 3;Ordin_nr._1531__din_23_09_2020__art_10.pdf
23.09.2020;1531P;61992/2019;;Ordin_nr._1531__din_23_09_2020__art_10.pdf
23.09.2020;1531P;61986/2019;;Ordin_nr._1531__din_23_09_2020__art_10.pdf
23.09.2020;1531P;43976/2019;;Ordin_nr._1531__din_23_09_2020__art_10.pdf
23.09.2020;1531P;59510/2019;Copii minori: 1;Ordin_nr._1531__din_23_09_2020__art_10.pdf
23.09.2020;1531P;73347/2019;;Ordin_nr._1531__din_23_09_2020__art_10.pdf
23.09.2020;1531P;46038/2019;;Ordin_nr._1531__din_23_09_2020__art_10.pdf
23.09.2020;1531P;46032/2019;;Ordin_nr._1531__din_23_09_2020__art_10.pdf
23.09.2020;1531P;43963/2019;;Ordin_nr._1531__din_23_09_2020__art_10.pdf
23.09.2020;1531P;43958/2019;;Ordin_nr._1531__din_23_09_2020__art_10.pdf
23.09.2020;1531P;43974/2019;;Ordin_nr._1531__din_23_09_2020__art_10.pdf
23.09.2020;1531P;50870/2019;;Ordin_nr._1531__din_23_09_2020__art_10.pdf
23.09.2020;1531P;50827/2019;;Ordin_nr._1531__din_23_09_2020__art_10.pdf
23.09.2020;1531P;43707/2019;;Ordin_nr._1531__din_23_09_2020__art_10.pdf
23.09.2020;1531P;43704/2019;;Ordin_nr._1531__din_23_09_2020__art_10.pdf
23.09.2020;1531P;43726/2019;Copii minori: 2;Ordin_nr._1531__din_23_09_2020__art_10.pdf
23.09.2020;1531P;73465/2019;;Ordin_nr._1531__din_23_09_2020__art_10.pdf
23.09.2020;1531P;73340/2019;;Ordin_nr._1531__din_23_09_2020__art_10.pdf
23.09.2020;1531P;43964/2019;Copii minori: 2;Ordin_nr._1531__din_23_09_2020__art_10.pdf
23.09.2020;1531P;73501/2019;;Ordin_nr._1531__din_23_09_2020__art_10.pdf
23.09.2020;1531P;73496/2019;;Ordin_nr._1531__din_23_09_2020__art_10.pdf
23.09.2020;1531P;43968/2019;;Ordin_nr._1531__din_23_09_2020__art_10.pdf
23.09.2020;1531P;61999/2019;;Ordin_nr._1531__din_23_09_2020__art_10.pdf
23.09.2020;1531P;61997/2019;;Ordin_nr._1531__din_23_09_2020__art_10.pdf
23.09.2020;1531P;74182/2019;Copii minori: 2;Ordin_nr._1531__din_23_09_2020__art_10.pdf
23.09.2020;1531P;50875/2019;;Ordin_nr._1531__din_23_09_2020__art_10.pdf
23.09.2020;1531P;50862/2019;;Ordin_nr._1531__din_23_09_2020__art_10.pdf
23.09.2020;1531P;45593/2019;Copii minori: 1;Ordin_nr._1531__din_23_09_2020__art_10.pdf
23.09.2020;1531P;61983/2019;;Ordin_nr._1531__din_23_09_2020__art_10.pdf
23.09.2020;1531P;61987/2019;;Ordin_nr._1531__din_23_09_2020__art_10.pdf
23.09.2020;1531P;61989/2019;;Ordin_nr._1531__din_23_09_2020__art_10.pdf
23.09.2020;1531P;50867/2019;;Ordin_nr._1531__din_23_09_2020__art_10.pdf
23.09.2020;1531P;50877/2019;Copii minori: 3;Ordin_nr._1531__din_23_09_2020__art_10.pdf
23.09.2020;1531P;73369/2019;;Ordin_nr._1531__din_23_09_2020__art_10.pdf
23.09.2020;1531P;73362/2019;;Ordin_nr._1531__din_23_09_2020__art_10.pdf
23.09.2020;1531P;46490/2019;;Ordin_nr._1531__din_23_09_2020__art_10.pdf
23.09.2020;1531P;46508/2019;Copii minori: 1;Ordin_nr._1531__din_23_09_2020__art_10.pdf
23.09.2020;1531P;50874/2019;Copii minori: 3;Ordin_nr._1531__din_23_09_2020__art_10.pdf
23.09.2020;1531P;50873/2019;;Ordin_nr._1531__din_23_09_2020__art_10.pdf
23.09.2020;1531P;43980/2019;;Ordin_nr._1531__din_23_09_2020__art_10.pdf
23.09.2020;1531P;50863/2019;;Ordin_nr._1531__din_23_09_2020__art_10.pdf
23.09.2020;1531P;50879/2019;;Ordin_nr._1531__din_23_09_2020__art_10.pdf
23.09.2020;1531P;73755/2019;Copii minori: 1;Ordin_nr._1531__din_23_09_2020__art_10.pdf
23.09.2020;1531P;73356/2019;;Ordin_nr._1531__din_23_09_2020__art_10.pdf
23.09.2020;1531P;61996/2019;;Ordin_nr._1531__din_23_09_2020__art_10.pdf
23.09.2020;1531P;61984/2019;;Ordin_nr._1531__din_23_09_2020__art_10.pdf
23.09.2020;1531P;61985/2019;;Ordin_nr._1531__din_23_09_2020__art_10.pdf
23.09.2020;1531P;74048/2019;;Ordin_nr._1531__din_23_09_2020__art_10.pdf
23.09.2020;1531P;43977/2019;;Ordin_nr._1531__din_23_09_2020__art_10.pdf
23.09.2020;1531P;43975/2019;;Ordin_nr._1531__din_23_09_2020__art_10.pdf
23.09.2020;1531P;43959/2019;;Ordin_nr._1531__din_23_09_2020__art_10.pdf
23.09.2020;1531P;61991/2019;;Ordin_nr._1531__din_23_09_2020__art_10.pdf
23.09.2020;1531P;81146/2017;;Ordin_nr._1531__din_23_09_2020__art_10.pdf
23.09.2020;1531P;81163/2017;;Ordin_nr._1531__din_23_09_2020__art_10.pdf
23.09.2020;1531P;45899/2019;Copii minori: 2;Ordin_nr._1531__din_23_09_2020__art_10.pdf
23.09.2020;1531P;43850/2019;Copii minori: 3;Ordin_nr._1531__din_23_09_2020__art_10.pdf
23.09.2020;1531P;43389/2019;Copii minori: 3;Ordin_nr._1531__din_23_09_2020__art_10.pdf
23.09.2020;1531P;61998/2019;;Ordin_nr._1531__din_23_09_2020__art_10.pdf
23.09.2020;1531P;43979/2019;;Ordin_nr._1531__din_23_09_2020__art_10.pdf
23.09.2020;1531P;50838/2019;Copii minori: 2;Ordin_nr._1531__din_23_09_2020__art_10.pdf
23.09.2020;1531P;50866/2019;;Ordin_nr._1531__din_23_09_2020__art_10.pdf
23.09.2020;1531P;50834/2019;;Ordin_nr._1531__din_23_09_2020__art_10.pdf
23.09.2020;1531P;43974/2019;;Ordin_nr._1531__din_23_09_2020__art_10.pdf
23.09.2020;1531P;43961/2019;;Ordin_nr._1531__din_23_09_2020__art_10.pdf
23.09.2020;1531P;43966/2019;;Ordin_nr._1531__din_23_09_2020__art_10.pdf
23.09.2020;1531P;43970/2019;;Ordin_nr._1531__din_23_09_2020__art_10.pdf
23.09.2020;1531P;45692/2019;;Ordin_nr._1531__din_23_09_2020__art_10.pdf
23.09.2020;1531P;73424/2019;Copii minori: 2;Ordin_nr._1531__din_23_09_2020__art_10.pdf
23.09.2020;1531P;43346/2019;Copii minori: 2;Ordin_nr._1531__din_23_09_2020__art_10.pdf
23.09.2020;1531P;43327/2019;;Ordin_nr._1531__din_23_09_2020__art_10.pdf
23.09.2020;1531P;43313/2019;;Ordin_nr._1531__din_23_09_2020__art_10.pdf
23.09.2020;1531P;43324/2019;;Ordin_nr._1531__din_23_09_2020__art_10.pdf
23.09.2020;1531P;43336/2019;;Ordin_nr._1531__din_23_09_2020__art_10.pdf
23.09.2020;1531P;43336/2019;;Ordin_nr._1531__din_23_09_2020__art_10.pdf
23.09.2020;1531P;43333/2019;;Ordin_nr._1531__din_23_09_2020__art_10.pdf
23.09.2020;1531P;43283/2019;;Ordin_nr._1531__din_23_09_2020__art_10.pdf
23.09.2020;1531P;43286/2019;;Ordin_nr._1531__din_23_09_2020__art_10.pdf
23.09.2020;1531P;43296/2019;Copii minori: 2;Ordin_nr._1531__din_23_09_2020__art_10.pdf
23.09.2020;1531P;43306/2019;Copii minori: 3;Ordin_nr._1531__din_23_09_2020__art_10.pdf
23.09.2020;1531P;43324/2019;Copii minori: 2;Ordin_nr._1531__din_23_09_2020__art_10.pdf
23.09.2020;1531P;50829/2019;Copii minori: 2;Ordin_nr._1531__din_23_09_2020__art_10.pdf
23.09.2020;1531P;43962/2019;;Ordin_nr._1531__din_23_09_2020__art_10.pdf
23.09.2020;1531P;73479/2019;;Ordin_nr._1531__din_23_09_2020__art_10.pdf
23.09.2020;1531P;45432/2019;Copii minori: 1;Ordin_nr._1531__din_23_09_2020__art_10.pdf
23.09.2020;1531P;46497/2019;;Ordin_nr._1531__din_23_09_2020__art_10.pdf
23.09.2020;1531P;43973/2019;;Ordin_nr._1531__din_23_09_2020__art_10.pdf
23.09.2020;1531P;61990/2019;Copii minori: 1;Ordin_nr._1531__din_23_09_2020__art_10.pdf
23.09.2020;1531P;50872/2019;;Ordin_nr._1531__din_23_09_2020__art_10.pdf
23.09.2020;1531P;74080/2019;;Ordin_nr._1531__din_23_09_2020__art_10.pdf
23.09.2020;1531P;62001/2019;;Ordin_nr._1531__din_23_09_2020__art_10.pdf
23.09.2020;1531P;43971/2019;;Ordin_nr._1531__din_23_09_2020__art_10.pdf
23.09.2020;1531P;74159/2019;;Ordin_nr._1531__din_23_09_2020__art_10.pdf
23.09.2020;1531P;46486/2019;;Ordin_nr._1531__din_23_09_2020__art_10.pdf
23.09.2020;1531P;46481/2019;;Ordin_nr._1531__din_23_09_2020__art_10.pdf
23.09.2020;1531P;46543/2019;;Ordin_nr._1531__din_23_09_2020__art_10.pdf
23.09.2020;1531P;43967/2019;;Ordin_nr._1531__din_23_09_2020__art_10.pdf
23.09.2020;1531P;43967/2019;;Ordin_nr._1531__din_23_09_2020__art_10.pdf
23.09.2020;1531P;62000/2019;;Ordin_nr._1531__din_23_09_2020__art_10.pdf
23.09.2020;1531P;43700/2019;;Ordin_nr._1531__din_23_09_2020__art_10.pdf
23.09.2020;1531P;43938/2019;Copii minori: 3;Ordin_nr._1531__din_23_09_2020__art_10.pdf
23.09.2020;1531P;43940/2019;Copii minori: 2;Ordin_nr._1531__din_23_09_2020__art_10.pdf
23.09.2020;1531P;43972/2019;;Ordin_nr._1531__din_23_09_2020__art_10.pdf
23.09.2020;1531P;73824/2019;;Ordin_nr._1531__din_23_09_2020__art_10.pdf
21.09.2020;1484P;50844/2019;;Ordin_nr._1484_21_09_2020_Art__10.pdf
21.09.2020;1484P;30989/2019;Copii minori: 1;Ordin_nr._1484_21_09_2020_Art__10.pdf
21.09.2020;1484P;50868/2019;Copii minori: 1;Ordin_nr._1484_21_09_2020_Art__10.pdf
21.09.2020;1484P;50860/2019;;Ordin_nr._1484_21_09_2020_Art__10.pdf
21.09.2020;1484P;50847/2019;;Ordin_nr._1484_21_09_2020_Art__10.pdf
21.09.2020;1484P;50839/2019;;Ordin_nr._1484_21_09_2020_Art__10.pdf
21.09.2020;1484P;69884/2019;;Ordin_nr._1484_21_09_2020_Art__10.pdf
21.09.2020;1484P;49445/2019;;Ordin_nr._1484_21_09_2020_Art__10.pdf
21.09.2020;1484P;49431/2019;;Ordin_nr._1484_21_09_2020_Art__10.pdf
21.09.2020;1484P;49442/2019;;Ordin_nr._1484_21_09_2020_Art__10.pdf
21.09.2020;1484P;22074/2019;;Ordin_nr._1484_21_09_2020_Art__10.pdf
21.09.2020;1484P;50846/2019;Copii minori: 1;Ordin_nr._1484_21_09_2020_Art__10.pdf
21.09.2020;1484P;50846/2019;;Ordin_nr._1484_21_09_2020_Art__10.pdf
21.09.2020;1484P;50869/2019;;Ordin_nr._1484_21_09_2020_Art__10.pdf
21.09.2020;1484P;69885/2019;;Ordin_nr._1484_21_09_2020_Art__10.pdf
21.09.2020;1484P;30984/2019;;Ordin_nr._1484_21_09_2020_Art__10.pdf
21.09.2020;1484P;22082/2019;;Ordin_nr._1484_21_09_2020_Art__10.pdf
21.09.2020;1484P;22058/2019;;Ordin_nr._1484_21_09_2020_Art__10.pdf
21.09.2020;1484P;30987/2019;Copii minori: 1;Ordin_nr._1484_21_09_2020_Art__10.pdf
21.09.2020;1484P;30980/2019;Copii minori: 1;Ordin_nr._1484_21_09_2020_Art__10.pdf
21.09.2020;1484P;63098/2019;;Ordin_nr._1484_21_09_2020_Art__10.pdf
21.09.2020;1484P;22023/2019;;Ordin_nr._1484_21_09_2020_Art__10.pdf
21.09.2020;1484P;22032/2019;;Ordin_nr._1484_21_09_2020_Art__10.pdf
21.09.2020;1484P;69879/2019;;Ordin_nr._1484_21_09_2020_Art__10.pdf
21.09.2020;1484P;22029/2019;;Ordin_nr._1484_21_09_2020_Art__10.pdf
21.09.2020;1484P;22062/2019;;Ordin_nr._1484_21_09_2020_Art__10.pdf
21.09.2020;1484P;50842/2019;;Ordin_nr._1484_21_09_2020_Art__10.pdf
21.09.2020;1484P;50858/2019;Copii minori: 1;Ordin_nr._1484_21_09_2020_Art__10.pdf
21.09.2020;1484P;22063/2019;;Ordin_nr._1484_21_09_2020_Art__10.pdf
21.09.2020;1484P;50835/2019;;Ordin_nr._1484_21_09_2020_Art__10.pdf
21.09.2020;1484P;50830/2019;;Ordin_nr._1484_21_09_2020_Art__10.pdf
21.09.2020;1484P;69877/2019;;Ordin_nr._1484_21_09_2020_Art__10.pdf
21.09.2020;1484P;69878/2019;;Ordin_nr._1484_21_09_2020_Art__10.pdf
21.09.2020;1484P;22019/2019;;Ordin_nr._1484_21_09_2020_Art__10.pdf
21.09.2020;1484P;50095/2019;;Ordin_nr._1484_21_09_2020_Art__10.pdf
21.09.2020;1484P;50841/2019;;Ordin_nr._1484_21_09_2020_Art__10.pdf
21.09.2020;1484P;64104/2019;;Ordin_nr._1484_21_09_2020_Art__10.pdf
21.09.2020;1484P;22072/2019;Copii minori: 2;Ordin_nr._1484_21_09_2020_Art__10.pdf
21.09.2020;1484P;69872/2019;;Ordin_nr._1484_21_09_2020_Art__10.pdf
21.09.2020;1484P;50853/2019;Copii minori: 3;Ordin_nr._1484_21_09_2020_Art__10.pdf
21.09.2020;1484P;62004/2019;;Ordin_nr._1484_21_09_2020_Art__10.pdf
21.09.2020;1484P;62002/2019;;Ordin_nr._1484_21_09_2020_Art__10.pdf
21.09.2020;1484P;50857/2019;;Ordin_nr._1484_21_09_2020_Art__10.pdf
21.09.2020;1484P;62789/2019;;Ordin_nr._1484_21_09_2020_Art__10.pdf
21.09.2020;1484P;49061/2019;;Ordin_nr._1484_21_09_2020_Art__10.pdf
21.09.2020;1484P;78354/2017;;Ordin_nr._1484_21_09_2020_Art__10.pdf
21.09.2020;1484P;30993/2019;;Ordin_nr._1484_21_09_2020_Art__10.pdf
21.09.2020;1484P;14695/2019;;Ordin_nr._1484_21_09_2020_Art__10.pdf
21.09.2020;1484P;69875/2019;Copii minori: 1;Ordin_nr._1484_21_09_2020_Art__10.pdf
21.09.2020;1484P;22085/2019;;Ordin_nr._1484_21_09_2020_Art__10.pdf
21.09.2020;1484P;22050/2019;;Ordin_nr._1484_21_09_2020_Art__10.pdf
21.09.2020;1484P;69181/2019;;Ordin_nr._1484_21_09_2020_Art__10.pdf
21.09.2020;1484P;69186/2019;;Ordin_nr._1484_21_09_2020_Art__10.pdf
21.09.2020;1484P;50852/2019;Copii minori: 3;Ordin_nr._1484_21_09_2020_Art__10.pdf
21.09.2020;1484P;49499/2019;;Ordin_nr._1484_21_09_2020_Art__10.pdf
21.09.2020;1484P;23343/2018;;Ordin_nr._1484_21_09_2020_Art__10.pdf
21.09.2020;1484P;50832/2019;Copii minori: 2;Ordin_nr._1484_21_09_2020_Art__10.pdf
21.09.2020;1484P;49773/2019;;Ordin_nr._1484_21_09_2020_Art__10.pdf
21.09.2020;1484P;58616/2019;;Ordin_nr._1484_21_09_2020_Art__10.pdf
21.09.2020;1484P;50848/2019;;Ordin_nr._1484_21_09_2020_Art__10.pdf
21.09.2020;1484P;50828/2019;;Ordin_nr._1484_21_09_2020_Art__10.pdf
21.09.2020;1484P;50833/2019;;Ordin_nr._1484_21_09_2020_Art__10.pdf
21.09.2020;1484P;49478/2019;Copii minori: 2;Ordin_nr._1484_21_09_2020_Art__10.pdf
21.09.2020;1484P;49463/2019;;Ordin_nr._1484_21_09_2020_Art__10.pdf
21.09.2020;1484P;64377/2019;;Ordin_nr._1484_21_09_2020_Art__10.pdf
21.09.2020;1484P;22079/2019;;Ordin_nr._1484_21_09_2020_Art__10.pdf
21.09.2020;1484P;22079/2019;Copii minori: 1;Ordin_nr._1484_21_09_2020_Art__10.pdf
21.09.2020;1484P;50104/2019;;Ordin_nr._1484_21_09_2020_Art__10.pdf
21.09.2020;1484P;50100/2019;;Ordin_nr._1484_21_09_2020_Art__10.pdf
21.09.2020;1484P;50107/2019;;Ordin_nr._1484_21_09_2020_Art__10.pdf
21.09.2020;1484P;64747/2019;Copii minori: 1;Ordin_nr._1484_21_09_2020_Art__10.pdf
21.09.2020;1484P;64741/2019;;Ordin_nr._1484_21_09_2020_Art__10.pdf
21.09.2020;1484P;64744/2019;Copii minori: 1;Ordin_nr._1484_21_09_2020_Art__10.pdf
21.09.2020;1484P;64739/2019;;Ordin_nr._1484_21_09_2020_Art__10.pdf
21.09.2020;1484P;48704/2019;;Ordin_nr._1484_21_09_2020_Art__10.pdf
21.09.2020;1484P;60460/2017;Copii minori: 1;Ordin_nr._1484_21_09_2020_Art__10.pdf
21.09.2020;1484P;50855/2019;;Ordin_nr._1484_21_09_2020_Art__10.pdf
21.09.2020;1484P;22043/2019;;Ordin_nr._1484_21_09_2020_Art__10.pdf
21.09.2020;1484P;1866/2019;;Ordin_nr._1484_21_09_2020_Art__10.pdf
21.09.2020;1484P;1866/2019;Copii minori: 2;Ordin_nr._1484_21_09_2020_Art__10.pdf
21.09.2020;1484P;91603/2018;;Ordin_nr._1484_21_09_2020_Art__10.pdf
21.09.2020;1484P;63447/2019;;Ordin_nr._1484_21_09_2020_Art__10.pdf
21.09.2020;1484P;44006/2018;Copii minori: 2;Ordin_nr._1484_21_09_2020_Art__10.pdf
21.09.2020;1484P;69883/2019;;Ordin_nr._1484_21_09_2020_Art__10.pdf
21.09.2020;1484P;50845/2019;;Ordin_nr._1484_21_09_2020_Art__10.pdf
21.09.2020;1484P;50398/2019;;Ordin_nr._1484_21_09_2020_Art__10.pdf
21.09.2020;1484P;50831/2019;Copii minori: 2;Ordin_nr._1484_21_09_2020_Art__10.pdf
21.09.2020;1484P;50843/2019;;Ordin_nr._1484_21_09_2020_Art__10.pdf
21.09.2020;1484P;64958/2019;;Ordin_nr._1484_21_09_2020_Art__10.pdf
21.09.2020;1484P;22070/2019;;Ordin_nr._1484_21_09_2020_Art__10.pdf
21.09.2020;1484P;22056/2019;;Ordin_nr._1484_21_09_2020_Art__10.pdf
21.09.2020;1484P;65050/2019;;Ordin_nr._1484_21_09_2020_Art__10.pdf
21.09.2020;1484P;69168/2019;;Ordin_nr._1484_21_09_2020_Art__10.pdf
21.09.2020;1484P;62796/2019;;Ordin_nr._1484_21_09_2020_Art__10.pdf
21.09.2020;1484P;22034/2019;;Ordin_nr._1484_21_09_2020_Art__10.pdf
21.09.2020;1484P;62312/2019;;Ordin_nr._1484_21_09_2020_Art__10.pdf
07.09.2020;1331P;32559/2018;Copii minori: 2;Ordin_nr._1331_Art__10_07_09_2020.pdf
07.09.2020;1331P;55631/2019;Copii minori: 2;Ordin_nr._1331_Art__10_07_09_2020.pdf
07.09.2020;1331P;55615/2019;;Ordin_nr._1331_Art__10_07_09_2020.pdf
07.09.2020;1331P;55618/2019;;Ordin_nr._1331_Art__10_07_09_2020.pdf
07.09.2020;1331P;58450/2019;;Ordin_nr._1331_Art__10_07_09_2020.pdf
07.09.2020;1331P;55607/2019;;Ordin_nr._1331_Art__10_07_09_2020.pdf
07.09.2020;1331P;55607/2019;;Ordin_nr._1331_Art__10_07_09_2020.pdf
07.09.2020;1331P;71852/2019;;Ordin_nr._1331_Art__10_07_09_2020.pdf
07.09.2020;1331P;72161/2019;;Ordin_nr._1331_Art__10_07_09_2020.pdf
07.09.2020;1331P;55622/2019;;Ordin_nr._1331_Art__10_07_09_2020.pdf
07.09.2020;1331P;55628/2019;;Ordin_nr._1331_Art__10_07_09_2020.pdf
07.09.2020;1331P;55623/2019;;Ordin_nr._1331_Art__10_07_09_2020.pdf
07.09.2020;1331P;55617/2019;;Ordin_nr._1331_Art__10_07_09_2020.pdf
07.09.2020;1331P;55627/2019;Copii minori: 1;Ordin_nr._1331_Art__10_07_09_2020.pdf
07.09.2020;1331P;73108/2019;Copii minori: 1;Ordin_nr._1331_Art__10_07_09_2020.pdf
07.09.2020;1331P;73108/2019;;Ordin_nr._1331_Art__10_07_09_2020.pdf
07.09.2020;1331P;57561/2018;;Ordin_nr._1331_Art__10_07_09_2020.pdf
07.09.2020;1331P;56763/2018;;Ordin_nr._1331_Art__10_07_09_2020.pdf
07.09.2020;1331P;55626/2019;;Ordin_nr._1331_Art__10_07_09_2020.pdf
07.09.2020;1331P;59306/2019;Copii minori: 2;Ordin_nr._1331_Art__10_07_09_2020.pdf
07.09.2020;1331P;59300/2019;Copii minori: 1;Ordin_nr._1331_Art__10_07_09_2020.pdf
07.09.2020;1331P;55630/2019;;Ordin_nr._1331_Art__10_07_09_2020.pdf
07.09.2020;1331P;55619/2019;;Ordin_nr._1331_Art__10_07_09_2020.pdf
07.09.2020;1331P;55614/2019;;Ordin_nr._1331_Art__10_07_09_2020.pdf
07.09.2020;1331P;55624/2019;;Ordin_nr._1331_Art__10_07_09_2020.pdf
07.09.2020;1331P;60091/2019;;Ordin_nr._1331_Art__10_07_09_2020.pdf
07.09.2020;1331P;56929/2018;Copii minori: 3;Ordin_nr._1331_Art__10_07_09_2020.pdf
07.09.2020;1331P;59123/2019;;Ordin_nr._1331_Art__10_07_09_2020.pdf
07.09.2020;1331P;59126/2019;;Ordin_nr._1331_Art__10_07_09_2020.pdf
07.09.2020;1331P;59657/2019;;Ordin_nr._1331_Art__10_07_09_2020.pdf
07.09.2020;1331P;58538/2019;Copii minori: 2;Ordin_nr._1331_Art__10_07_09_2020.pdf
07.09.2020;1331P;55616/2019;;Ordin_nr._1331_Art__10_07_09_2020.pdf
07.09.2020;1331P;55944/2018;Copii minori: 1;Ordin_nr._1331_Art__10_07_09_2020.pdf
07.09.2020;1331P;55944/2018;;Ordin_nr._1331_Art__10_07_09_2020.pdf
07.09.2020;1331P;55620/2019;;Ordin_nr._1331_Art__10_07_09_2020.pdf
07.09.2020;1331P;55621/2019;;Ordin_nr._1331_Art__10_07_09_2020.pdf
07.09.2020;1331P;43869/2019;Copii minori: 1;Ordin_nr._1331_Art__10_07_09_2020.pdf
07.09.2020;1331P;59321/2019;;Ordin_nr._1331_Art__10_07_09_2020.pdf
07.09.2020;1331P;60345/2019;;Ordin_nr._1331_Art__10_07_09_2020.pdf
07.09.2020;1331P;60342/2019;;Ordin_nr._1331_Art__10_07_09_2020.pdf
07.09.2020;1331P;35883/2018;;Ordin_nr._1331_Art__10_07_09_2020.pdf
07.09.2020;1331P;60401/2019;;Ordin_nr._1331_Art__10_07_09_2020.pdf
07.09.2020;1331P;59644/2019;;Ordin_nr._1331_Art__10_07_09_2020.pdf
07.09.2020;1331P;55613/2019;Copii minori: 2;Ordin_nr._1331_Art__10_07_09_2020.pdf
07.09.2020;1331P;55612/2019;;Ordin_nr._1331_Art__10_07_09_2020.pdf
07.09.2020;1331P;50876/2019;;Ordin_nr._1331_Art__10_07_09_2020.pdf
07.09.2020;1331P;60041/2019;;Ordin_nr._1331_Art__10_07_09_2020.pdf
07.09.2020;1331P;60556/2019;;Ordin_nr._1331_Art__10_07_09_2020.pdf
07.09.2020;1331P;60549/2019;;Ordin_nr._1331_Art__10_07_09_2020.pdf
07.09.2020;1331P;72375/2019;;Ordin_nr._1331_Art__10_07_09_2020.pdf
07.09.2020;1331P;72538/2019;;Ordin_nr._1331_Art__10_07_09_2020.pdf
07.09.2020;1331P;72536/2019;;Ordin_nr._1331_Art__10_07_09_2020.pdf
07.09.2020;1331P;72375/2019;Copii minori: 1;Ordin_nr._1331_Art__10_07_09_2020.pdf
07.09.2020;1331P;72533/2019;;Ordin_nr._1331_Art__10_07_09_2020.pdf
07.09.2020;1331P;72538/2019;;Ordin_nr._1331_Art__10_07_09_2020.pdf
07.09.2020;1331P;57381/2019;;Ordin_nr._1331_Art__10_07_09_2020.pdf
07.09.2020;1331P;59665/2019;;Ordin_nr._1331_Art__10_07_09_2020.pdf
07.09.2020;1331P;50889/2019;;Ordin_nr._1331_Art__10_07_09_2020.pdf
07.09.2020;1331P;71797/2019;;Ordin_nr._1331_Art__10_07_09_2020.pdf
07.09.2020;1331P;71801/2019;;Ordin_nr._1331_Art__10_07_09_2020.pdf
07.09.2020;1331P;50850/2019;;Ordin_nr._1331_Art__10_07_09_2020.pdf
07.09.2020;1331P;50849/2019;;Ordin_nr._1331_Art__10_07_09_2020.pdf
02.09.2020;1313P;50883/2019;;Ordin_nr._1313_Art__10i.pdf
02.09.2020;1313P;52058/2019;;Ordin_nr._1313_Art__10i.pdf
02.09.2020;1313P;56914/2019;;Ordin_nr._1313_Art__10i.pdf
02.09.2020;1313P;56900/2019;;Ordin_nr._1313_Art__10i.pdf
02.09.2020;1313P;56924/2019;Copii minori: 1;Ordin_nr._1313_Art__10i.pdf
02.09.2020;1313P;57611/2019;;Ordin_nr._1313_Art__10i.pdf
02.09.2020;1313P;50884/2019;;Ordin_nr._1313_Art__10i.pdf
02.09.2020;1313P;50882/2019;;Ordin_nr._1313_Art__10i.pdf
02.09.2020;1313P;50887/2019;;Ordin_nr._1313_Art__10i.pdf
02.09.2020;1313P;52874/2019;Copii minori: 1;Ordin_nr._1313_Art__10i.pdf
02.09.2020;1313P;52480/2019;;Ordin_nr._1313_Art__10i.pdf
02.09.2020;1313P;57233/2019;;Ordin_nr._1313_Art__10i.pdf
02.09.2020;1313P;50885/2019;Copii minori: 1;Ordin_nr._1313_Art__10i.pdf
02.09.2020;1313P;53144/2019;Copii minori: 2;Ordin_nr._1313_Art__10i.pdf
02.09.2020;1313P;52878/2019;;Ordin_nr._1313_Art__10i.pdf
02.09.2020;1313P;56632/2019;Copii minori: 1;Ordin_nr._1313_Art__10i.pdf
02.09.2020;1313P;54588/2019;;Ordin_nr._1313_Art__10i.pdf
02.09.2020;1313P;53682/2019;;Ordin_nr._1313_Art__10i.pdf
02.09.2020;1313P;53679/2019;;Ordin_nr._1313_Art__10i.pdf
02.09.2020;1313P;50888/2019;Copii minori: 3;Ordin_nr._1313_Art__10i.pdf
02.09.2020;1313P;53693/2019;Copii minori: 3;Ordin_nr._1313_Art__10i.pdf
02.09.2020;1313P;50886/2019;;Ordin_nr._1313_Art__10i.pdf
02.09.2020;1313P;57593/2019;;Ordin_nr._1313_Art__10i.pdf
12.08.2020;1173P;31020/2019;;Ordin_nr._1173_P_12.08.2020.pdf
12.08.2020;1173P;31053/2019;;Ordin_nr._1173_P_12.08.2020.pdf
12.08.2020;1173P;31035/2019;;Ordin_nr._1173_P_12.08.2020.pdf
12.08.2020;1173P;31011/2019;;Ordin_nr._1173_P_12.08.2020.pdf
12.08.2020;1173P;31043/2019;;Ordin_nr._1173_P_12.08.2020.pdf
12.08.2020;1173P;48179/2019;;Ordin_nr._1173_P_12.08.2020.pdf
12.08.2020;1173P;48168/2019;;Ordin_nr._1173_P_12.08.2020.pdf
12.08.2020;1173P;48195/2019;Copii minori: 3;Ordin_nr._1173_P_12.08.2020.pdf
12.08.2020;1173P;55600/2019;;Ordin_nr._1173_P_12.08.2020.pdf
12.08.2020;1173P;55602/2019;;Ordin_nr._1173_P_12.08.2020.pdf
12.08.2020;1173P;54920/2019;Copii minori: 1;Ordin_nr._1173_P_12.08.2020.pdf
12.08.2020;1173P;54715/2019;;Ordin_nr._1173_P_12.08.2020.pdf
12.08.2020;1173P;90928/2018;;Ordin_nr._1173_P_12.08.2020.pdf
12.08.2020;1173P;19987/2018;;Ordin_nr._1173_P_12.08.2020.pdf
12.08.2020;1173P;55605/2019;;Ordin_nr._1173_P_12.08.2020.pdf
12.08.2020;1173P;55598/2019;;Ordin_nr._1173_P_12.08.2020.pdf
12.08.2020;1173P;47656/2019;;Ordin_nr._1173_P_12.08.2020.pdf
12.08.2020;1173P;48306/2019;;Ordin_nr._1173_P_12.08.2020.pdf
12.08.2020;1173P;31041/2019;Copii minori: 2;Ordin_nr._1173_P_12.08.2020.pdf
12.08.2020;1173P;48203/2019;;Ordin_nr._1173_P_12.08.2020.pdf
12.08.2020;1173P;74190/2019;Copii minori: 2;Ordin_nr._1173_P_12.08.2020.pdf
12.08.2020;1173P;55609/2019;Copii minori: 1;Ordin_nr._1173_P_12.08.2020.pdf
12.08.2020;1173P;47751/2019;Copii minori: 3;Ordin_nr._1173_P_12.08.2020.pdf
12.08.2020;1173P;31028/2019;;Ordin_nr._1173_P_12.08.2020.pdf
12.08.2020;1173P;31008/2019;;Ordin_nr._1173_P_12.08.2020.pdf
12.08.2020;1173P;55611/2019;;Ordin_nr._1173_P_12.08.2020.pdf
12.08.2020;1173P;55337/2019;Copii minori: 1;Ordin_nr._1173_P_12.08.2020.pdf
12.08.2020;1173P;47642/2019;Copii minori: 2;Ordin_nr._1173_P_12.08.2020.pdf
12.08.2020;1173P;48129/2019;;Ordin_nr._1173_P_12.08.2020.pdf
12.08.2020;1173P;55604/2019;;Ordin_nr._1173_P_12.08.2020.pdf
12.08.2020;1173P;55601/2019;;Ordin_nr._1173_P_12.08.2020.pdf
12.08.2020;1173P;48168/2019;;Ordin_nr._1173_P_12.08.2020.pdf
12.08.2020;1173P;31024/2019;;Ordin_nr._1173_P_12.08.2020.pdf
12.08.2020;1173P;37939/2019;;Ordin_nr._1173_P_12.08.2020.pdf
12.08.2020;1173P;31009/2019;;Ordin_nr._1173_P_12.08.2020.pdf
12.08.2020;1173P;47095/2019;;Ordin_nr._1173_P_12.08.2020.pdf
12.08.2020;1173P;47098/2019;;Ordin_nr._1173_P_12.08.2020.pdf
12.08.2020;1173P;47105/2019;Copii minori: 1;Ordin_nr._1173_P_12.08.2020.pdf
12.08.2020;1173P;48158/2019;;Ordin_nr._1173_P_12.08.2020.pdf
12.08.2020;1173P;31013/2019;;Ordin_nr._1173_P_12.08.2020.pdf
12.08.2020;1173P;55600/2019;Copii minori: 2;Ordin_nr._1173_P_12.08.2020.pdf
12.08.2020;1173P;55608/2019;;Ordin_nr._1173_P_12.08.2020.pdf
12.08.2020;1173P;5366/2019;;Ordin_nr._1173_P_12.08.2020.pdf
12.08.2020;1173P;36492/2019;;Ordin_nr._1173_P_12.08.2020.pdf
12.08.2020;1173P;55341/2019;;Ordin_nr._1173_P_12.08.2020.pdf
12.08.2020;1173P;55603/2019;;Ordin_nr._1173_P_12.08.2020.pdf
12.08.2020;1173P;31042/2019;Copii minori: 1;Ordin_nr._1173_P_12.08.2020.pdf
12.08.2020;1173P;31042/2019;;Ordin_nr._1173_P_12.08.2020.pdf
12.08.2020;1173P;31033/2019;;Ordin_nr._1173_P_12.08.2020.pdf
12.08.2020;1173P;47886/2019;Copii minori: 2;Ordin_nr._1173_P_12.08.2020.pdf
12.08.2020;1173P;47877/2019;Copii minori: 2;Ordin_nr._1173_P_12.08.2020.pdf
12.08.2020;1173P;47862/2019;;Ordin_nr._1173_P_12.08.2020.pdf
12.08.2020;1173P;47877/2019;;Ordin_nr._1173_P_12.08.2020.pdf
12.08.2020;1173P;47942/2019;Copii minori: 2;Ordin_nr._1173_P_12.08.2020.pdf
12.08.2020;1173P;31000/2019;;Ordin_nr._1173_P_12.08.2020.pdf
17.07.2020;947P;9683/2018;;Ordin_nr._947P_din_17.07.2020.pdf
17.07.2020;947P;18289/2018;;Ordin_nr._947P_din_17.07.2020.pdf
17.07.2020;947P;17425/2018;;Ordin_nr._947P_din_17.07.2020.pdf
17.07.2020;947P;31050/2019;;Ordin_nr._947P_din_17.07.2020.pdf
17.07.2020;947P;3971/2019;;Ordin_nr._947P_din_17.07.2020.pdf
17.07.2020;947P;2872/2019;;Ordin_nr._947P_din_17.07.2020.pdf
17.07.2020;947P;2869/2019;;Ordin_nr._947P_din_17.07.2020.pdf
17.07.2020;947P;2867/2019;;Ordin_nr._947P_din_17.07.2020.pdf
17.07.2020;947P;2845/2019;;Ordin_nr._947P_din_17.07.2020.pdf
17.07.2020;947P;84723/2017;;Ordin_nr._947P_din_17.07.2020.pdf
17.07.2020;947P;88502/2018;;Ordin_nr._947P_din_17.07.2020.pdf
17.07.2020;947P;88492/2018;;Ordin_nr._947P_din_17.07.2020.pdf
17.07.2020;947P;88499/2018;;Ordin_nr._947P_din_17.07.2020.pdf
17.07.2020;947P;88508/2018;;Ordin_nr._947P_din_17.07.2020.pdf
17.07.2020;947P;40549/2018;;Ordin_nr._947P_din_17.07.2020.pdf
17.07.2020;947P;17468/2018;;Ordin_nr._947P_din_17.07.2020.pdf
17.07.2020;947P;17459/2018;Copii minori: 1;Ordin_nr._947P_din_17.07.2020.pdf
17.07.2020;947P;12250/2019;Copii minori: 1;Ordin_nr._947P_din_17.07.2020.pdf
17.07.2020;947P;12242/2019;Copii minori: 1;Ordin_nr._947P_din_17.07.2020.pdf
17.07.2020;947P;18285/2018;;Ordin_nr._947P_din_17.07.2020.pdf
17.07.2020;947P;16909/2018;Copii minori: 1;Ordin_nr._947P_din_17.07.2020.pdf
17.07.2020;947P;55532/2018;Copii minori: 1;Ordin_nr._947P_din_17.07.2020.pdf
17.07.2020;947P;59715/2018;;Ordin_nr._947P_din_17.07.2020.pdf
17.07.2020;947P;66101/2018;;Ordin_nr._947P_din_17.07.2020.pdf
17.07.2020;947P;93960/2018;Copii minori: 3;Ordin_nr._947P_din_17.07.2020.pdf
17.07.2020;947P;22059/2019;;Ordin_nr._947P_din_17.07.2020.pdf
17.07.2020;947P;22041/2019;Copii minori: 2;Ordin_nr._947P_din_17.07.2020.pdf
17.07.2020;947P;22067/2019;Copii minori: 1;Ordin_nr._947P_din_17.07.2020.pdf
17.07.2020;947P;36889/2018;;Ordin_nr._947P_din_17.07.2020.pdf
17.07.2020;947P;36889/2018;Copii minori: 2;Ordin_nr._947P_din_17.07.2020.pdf
17.07.2020;947P;40994/2018;Copii minori: 2;Ordin_nr._947P_din_17.07.2020.pdf
17.07.2020;947P;20408/2019;;Ordin_nr._947P_din_17.07.2020.pdf
17.07.2020;947P;112105/2016;Copii minori: 1;Ordin_nr._947P_din_17.07.2020.pdf
17.07.2020;947P;84768/2018;;Ordin_nr._947P_din_17.07.2020.pdf
17.07.2020;947P;82890/2018;;Ordin_nr._947P_din_17.07.2020.pdf
17.07.2020;947P;30994/2019;;Ordin_nr._947P_din_17.07.2020.pdf
17.07.2020;947P;2768/2019;;Ordin_nr._947P_din_17.07.2020.pdf
17.07.2020;947P;2774/2019;;Ordin_nr._947P_din_17.07.2020.pdf
17.07.2020;947P;30538/2019;;Ordin_nr._947P_din_17.07.2020.pdf
17.07.2020;947P;30544/2019;;Ordin_nr._947P_din_17.07.2020.pdf
17.07.2020;947P;65187/2018;;Ordin_nr._947P_din_17.07.2020.pdf
17.07.2020;947P;10984/2019;;Ordin_nr._947P_din_17.07.2020.pdf
17.07.2020;947P;17448/2018;;Ordin_nr._947P_din_17.07.2020.pdf
17.07.2020;947P;19976/2018;Copii minori: 2;Ordin_nr._947P_din_17.07.2020.pdf
17.07.2020;947P;2874/2019;;Ordin_nr._947P_din_17.07.2020.pdf
17.07.2020;947P;98865/2018;;Ordin_nr._947P_din_17.07.2020.pdf
17.07.2020;947P;98829/2018;;Ordin_nr._947P_din_17.07.2020.pdf
17.07.2020;947P;98835/2018;;Ordin_nr._947P_din_17.07.2020.pdf
17.07.2020;947P;98854/2018;;Ordin_nr._947P_din_17.07.2020.pdf
17.07.2020;947P;86883/2017;;Ordin_nr._947P_din_17.07.2020.pdf
17.07.2020;947P;86877/2017;;Ordin_nr._947P_din_17.07.2020.pdf
17.07.2020;947P;24748/2017;Copii minori: 2;Ordin_nr._947P_din_17.07.2020.pdf
17.07.2020;947P;31022/2019;;Ordin_nr._947P_din_17.07.2020.pdf
17.07.2020;947P;65195/2018;;Ordin_nr._947P_din_17.07.2020.pdf
17.07.2020;947P;9913/2018;;Ordin_nr._947P_din_17.07.2020.pdf
17.07.2020;947P;9913/2018;;Ordin_nr._947P_din_17.07.2020.pdf
17.07.2020;947P;32740/2019;;Ordin_nr._947P_din_17.07.2020.pdf
17.07.2020;947P;81526/2018;;Ordin_nr._947P_din_17.07.2020.pdf
17.07.2020;947P;37180/2018;;Ordin_nr._947P_din_17.07.2020.pdf
17.07.2020;947P;3497/2018;Copii minori: 1;Ordin_nr._947P_din_17.07.2020.pdf
17.07.2020;947P;12217/2018;;Ordin_nr._947P_din_17.07.2020.pdf
17.07.2020;947P;86568/2018;;Ordin_nr._947P_din_17.07.2020.pdf
17.07.2020;947P;55316/2016;;Ordin_nr._947P_din_17.07.2020.pdf
25.06.2020;735P;82745/2018;Copii minori: 1;Ordin_nr._735P_din_25.06.2020.pdf
22.06.2020;707P;9759/2018;;Ordin_nr._707P_din_22_06_2020.pdf
22.06.2020;707P;9759/2018;;Ordin_nr._707P_din_22_06_2020.pdf
22.06.2020;707P;81458/2018;;Ordin_nr._707P_din_22_06_2020.pdf
22.06.2020;707P;80451/2018;;Ordin_nr._707P_din_22_06_2020.pdf
22.06.2020;707P;80819/2018;;Ordin_nr._707P_din_22_06_2020.pdf
22.06.2020;707P;80420/2018;Copii minori: 2;Ordin_nr._707P_din_22_06_2020.pdf
22.06.2020;707P;86355/2018;Copii minori: 2;Ordin_nr._707P_din_22_06_2020.pdf
22.06.2020;707P;84468/2018;;Ordin_nr._707P_din_22_06_2020.pdf
22.06.2020;707P;84463/2018;;Ordin_nr._707P_din_22_06_2020.pdf
22.06.2020;707P;37985/2019;;Ordin_nr._707P_din_22_06_2020.pdf
22.06.2020;707P;33394/2017;Copii minori: 1;Ordin_nr._707P_din_22_06_2020.pdf
22.06.2020;707P;82947/2018;;Ordin_nr._707P_din_22_06_2020.pdf
22.06.2020;707P;53990/2016;;Ordin_nr._707P_din_22_06_2020.pdf
22.06.2020;707P;59938/2018;;Ordin_nr._707P_din_22_06_2020.pdf
22.06.2020;707P;57167/2018;;Ordin_nr._707P_din_22_06_2020.pdf
22.06.2020;707P;83574/2018;;Ordin_nr._707P_din_22_06_2020.pdf
22.06.2020;707P;68937/2018;;Ordin_nr._707P_din_22_06_2020.pdf
22.06.2020;707P;59239/2018;;Ordin_nr._707P_din_22_06_2020.pdf
22.06.2020;707P;81365/2018;;Ordin_nr._707P_din_22_06_2020.pdf
22.06.2020;707P;56744/2018;;Ordin_nr._707P_din_22_06_2020.pdf
22.06.2020;707P;57670/2018;;Ordin_nr._707P_din_22_06_2020.pdf
22.06.2020;707P;81341/2018;Copii minori: 2;Ordin_nr._707P_din_22_06_2020.pdf
22.06.2020;707P;80832/2018;;Ordin_nr._707P_din_22_06_2020.pdf
22.06.2020;707P;80832/2018;;Ordin_nr._707P_din_22_06_2020.pdf
22.06.2020;707P;37942/2019;Copii minori: 1;Ordin_nr._707P_din_22_06_2020.pdf
22.06.2020;707P;37969/2019;;Ordin_nr._707P_din_22_06_2020.pdf
22.06.2020;707P;59083/2018;;Ordin_nr._707P_din_22_06_2020.pdf
22.06.2020;707P;65104/2018;Copii minori: 1;Ordin_nr._707P_din_22_06_2020.pdf
22.06.2020;707P;73607/2018;Copii minori: 2;Ordin_nr._707P_din_22_06_2020.pdf
22.06.2020;707P;60386/2018;Copii minori: 3;Ordin_nr._707P_din_22_06_2020.pdf
22.06.2020;707P;72584/2018;Copii minori: 2;Ordin_nr._707P_din_22_06_2020.pdf
22.06.2020;707P;72596/2018;Copii minori: 2;Ordin_nr._707P_din_22_06_2020.pdf
22.06.2020;707P;56995/2018;;Ordin_nr._707P_din_22_06_2020.pdf
22.06.2020;707P;4135/2019;Copii minori: 1;Ordin_nr._707P_din_22_06_2020.pdf
22.06.2020;707P;4135/2019;;Ordin_nr._707P_din_22_06_2020.pdf
04.06.2020;626P;52260/2018;;Ordin_nr._626P_din_04.06.2020.pdf
04.06.2020;626P;52264/2018;;Ordin_nr._626P_din_04.06.2020.pdf
04.06.2020;626P;55854/2018;Copii minori: 1;Ordin_nr._626P_din_04.06.2020.pdf
04.06.2020;626P;55866/2018;Copii minori: 1;Ordin_nr._626P_din_04.06.2020.pdf
04.06.2020;626P;56117/2018;;Ordin_nr._626P_din_04.06.2020.pdf
04.06.2020;626P;57614/2018;;Ordin_nr._626P_din_04.06.2020.pdf
04.06.2020;626P;56961/2018;;Ordin_nr._626P_din_04.06.2020.pdf
04.06.2020;626P;56955/2018;Copii minori: 1;Ordin_nr._626P_din_04.06.2020.pdf
04.06.2020;626P;56748/2018;;Ordin_nr._626P_din_04.06.2020.pdf
04.06.2020;626P;56606/2018;Copii minori: 3;Ordin_nr._626P_din_04.06.2020.pdf
04.06.2020;626P;56135/2018;Copii minori: 1;Ordin_nr._626P_din_04.06.2020.pdf
04.06.2020;626P;57621/2018;;Ordin_nr._626P_din_04.06.2020.pdf
04.06.2020;626P;59717/2018;;Ordin_nr._626P_din_04.06.2020.pdf
04.06.2020;626P;59718/2018;;Ordin_nr._626P_din_04.06.2020.pdf
04.06.2020;626P;50675/2018;;Ordin_nr._626P_din_04.06.2020.pdf
04.06.2020;626P;44203/2018;;Ordin_nr._626P_din_04.06.2020.pdf
04.06.2020;626P;44203/2018;Copii minori: 2;Ordin_nr._626P_din_04.06.2020.pdf
04.06.2020;626P;56998/2018;;Ordin_nr._626P_din_04.06.2020.pdf
04.06.2020;626P;57165/2018;;Ordin_nr._626P_din_04.06.2020.pdf
22.05.2020;581P;59478/2018;;Ordin_nr._581-P-22.05.2020_art._10.pdf
22.05.2020;581P;59481/2018;;Ordin_nr._581-P-22.05.2020_art._10.pdf
22.05.2020;581P;59473/2018;;Ordin_nr._581-P-22.05.2020_art._10.pdf
22.05.2020;581P;57179/2018;;Ordin_nr._581-P-22.05.2020_art._10.pdf
22.05.2020;581P;80947/2018;;Ordin_nr._581-P-22.05.2020_art._10.pdf
22.05.2020;581P;29096/2019;;Ordin_nr._581-P-22.05.2020_art._10.pdf
22.05.2020;581P;56988/2018;;Ordin_nr._581-P-22.05.2020_art._10.pdf
22.05.2020;581P;81253/2018;;Ordin_nr._581-P-22.05.2020_art._10.pdf
22.05.2020;581P;68183/2018;;Ordin_nr._581-P-22.05.2020_art._10.pdf
22.05.2020;581P;84069/2018;;Ordin_nr._581-P-22.05.2020_art._10.pdf
22.05.2020;581P;29372/2019;;Ordin_nr._581-P-22.05.2020_art._10.pdf
22.05.2020;581P;29370/2019;;Ordin_nr._581-P-22.05.2020_art._10.pdf
22.05.2020;581P;82414/2018;;Ordin_nr._581-P-22.05.2020_art._10.pdf
22.05.2020;581P;59725/2018;;Ordin_nr._581-P-22.05.2020_art._10.pdf
22.05.2020;581P;64401/2017;;Ordin_nr._581-P-22.05.2020_art._10.pdf
22.05.2020;581P;17985/2018;;Ordin_nr._581-P-22.05.2020_art._10.pdf
22.05.2020;581P;56793/2018;;Ordin_nr._581-P-22.05.2020_art._10.pdf
22.05.2020;581P;1285/2019;;Ordin_nr._581-P-22.05.2020_art._10.pdf
22.05.2020;581P;91595/2017;Copii minori: 3;Ordin_nr._581-P-22.05.2020_art._10.pdf
22.05.2020;581P;16986/2018;;Ordin_nr._581-P-22.05.2020_art._10.pdf
04.03.2020;286P;62097/2018;;Ordin_nr._286P_din_04.03.2020.pdf
12.02.2020;199P;55582/2017;;Ordin_nr._199P_din_12.02.2020.pdf
11.02.2020;193P;34470/2019;;Ordin_nr._193P_din_11.02.2020.pdf
11.02.2020;193P;34717/2019;Copii minori: 2;Ordin_nr._193P_din_11.02.2020.pdf
11.02.2020;193P;37291/2019;;Ordin_nr._193P_din_11.02.2020.pdf
11.02.2020;193P;34852/2019;;Ordin_nr._193P_din_11.02.2020.pdf
11.02.2020;193P;34656/2019;;Ordin_nr._193P_din_11.02.2020.pdf
11.02.2020;193P;41689/2019;Copii minori:2;Ordin_nr._193P_din_11.02.2020.pdf
11.02.2020;193P;41665/2019;;Ordin_nr._193P_din_11.02.2020.pdf
11.02.2020;193P;85931/2018;;Ordin_nr._193P_din_11.02.2020.pdf
11.02.2020;193P;34953/2019;;Ordin_nr._193P_din_11.02.2020.pdf
11.02.2020;193P;36233/2019;;Ordin_nr._193P_din_11.02.2020.pdf
11.02.2020;193P;31005/2019;;Ordin_nr._193P_din_11.02.2020.pdf
11.02.2020;193P;30983/2019;;Ordin_nr._193P_din_11.02.2020.pdf
11.02.2020;193P;40888/2019;;Ordin_nr._193P_din_11.02.2020.pdf
11.02.2020;193P;36927/2019;;Ordin_nr._193P_din_11.02.2020.pdf
11.02.2020;193P;31015/2019;;Ordin_nr._193P_din_11.02.2020.pdf
11.02.2020;193P;34421/2019;;Ordin_nr._193P_din_11.02.2020.pdf
11.02.2020;193P;34651/2019;;Ordin_nr._193P_din_11.02.2020.pdf
11.02.2020;193P;34638/2019;;Ordin_nr._193P_din_11.02.2020.pdf
11.02.2020;193P;41566/2019;;Ordin_nr._193P_din_11.02.2020.pdf
11.02.2020;193P;37955/2019;Copii minori: 2;Ordin_nr._193P_din_11.02.2020.pdf
11.02.2020;193P;40311/2019;;Ordin_nr._193P_din_11.02.2020.pdf
11.02.2020;193P;37437/2019;;Ordin_nr._193P_din_11.02.2020.pdf
11.02.2020;193P;19289/2018;Copii minori: 3;Ordin_nr._193P_din_11.02.2020.pdf
11.02.2020;193P;34416/2019;;Ordin_nr._193P_din_11.02.2020.pdf
11.02.2020;193P;40319/2019;;Ordin_nr._193P_din_11.02.2020.pdf
06.02.2020;88P;30190/2019;;Ordin_nr._88P_din_06.02.2020.pdf
06.02.2020;88P;29363/2019;;Ordin_nr._88P_din_06.02.2020.pdf
06.02.2020;88P;80816/2018;Copii minori: 2;Ordin_nr._88P_din_06.02.2020.pdf
06.02.2020;88P;52783/2018;Copii minori: 3;Ordin_nr._88P_din_06.02.2020.pdf
06.02.2020;88P;52778/2018;Copii minori: 3;Ordin_nr._88P_din_06.02.2020.pdf
06.02.2020;88P;76516/2017;;Ordin_nr._88P_din_06.02.2020.pdf
06.02.2020;88P;57174/2018;;Ordin_nr._88P_din_06.02.2020.pdf
06.02.2020;88P;57174/2018;Copii minori: 1;Ordin_nr._88P_din_06.02.2020.pdf
06.02.2020;88P;30022/2019;;Ordin_nr._88P_din_06.02.2020.pdf
06.02.2020;88P;27453/2018;;Ordin_nr._88P_din_06.02.2020.pdf
06.02.2020;88P;80818/2018;;Ordin_nr._88P_din_06.02.2020.pdf
06.02.2020;88P;52280/2018;;Ordin_nr._88P_din_06.02.2020.pdf
06.02.2020;88P;41167/2017;;Ordin_nr._88P_din_06.02.2020.pdf
06.02.2020;88P;28349/2019;Copii minori: 2;Ordin_nr._88P_din_06.02.2020.pdf
06.02.2020;88P;86415/2018;;Ordin_nr._88P_din_06.02.2020.pdf
06.02.2020;88P;22040/2019;;Ordin_nr._88P_din_06.02.2020.pdf
06.02.2020;88P;22086/2019;;Ordin_nr._88P_din_06.02.2020.pdf
06.02.2020;88P;22044/2019;;Ordin_nr._88P_din_06.02.2020.pdf
06.02.2020;88P;52291/2018;;Ordin_nr._88P_din_06.02.2020.pdf
06.02.2020;88P;28584/2019;;Ordin_nr._88P_din_06.02.2020.pdf
06.02.2020;88P;28596/2019;;Ordin_nr._88P_din_06.02.2020.pdf
06.02.2020;88P;45477/2017;Copii minori: 1;Ordin_nr._88P_din_06.02.2020.pdf
06.02.2020;88P;29807/2019;Copii minori: 2;Ordin_nr._88P_din_06.02.2020.pdf
06.02.2020;88P;45477/2017;;Ordin_nr._88P_din_06.02.2020.pdf
06.02.2020;88P;56909/2018;Copii minori: 2;Ordin_nr._88P_din_06.02.2020.pdf
06.02.2020;88P;57262/2018;Copii minori: 2;Ordin_nr._88P_din_06.02.2020.pdf
06.02.2020;88P;17566/2019;;Ordin_nr._88P_din_06.02.2020.pdf
06.02.2020;88P;51533/2018;;Ordin_nr._88P_din_06.02.2020.pdf
06.02.2020;88P;21976/2017;Copii minori: 1;Ordin_nr._88P_din_06.02.2020.pdf
06.02.2020;88P;22042/2019;;Ordin_nr._88P_din_06.02.2020.pdf
06.02.2020;88P;22066/2019;;Ordin_nr._88P_din_06.02.2020.pdf
06.02.2020;88P;22078/2019;;Ordin_nr._88P_din_06.02.2020.pdf
06.02.2020;88P;92298/2018;;Ordin_nr._88P_din_06.02.2020.pdf
06.02.2020;88P;55989/2018;Copii minori: 1;Ordin_nr._88P_din_06.02.2020.pdf
06.02.2020;88P;55989/2018;;Ordin_nr._88P_din_06.02.2020.pdf
06.02.2020;88P;86501/2018;;Ordin_nr._88P_din_06.02.2020.pdf
06.02.2020;88P;65200/2018;Copii minori: 1;Ordin_nr._88P_din_06.02.2020.pdf
06.02.2020;88P;86504/2018;;Ordin_nr._88P_din_06.02.2020.pdf
06.02.2020;88P;347/2019;;Ordin_nr._88P_din_06.02.2020.pdf
06.02.2020;88P;17443/2018;;Ordin_nr._88P_din_06.02.2020.pdf
06.02.2020;88P;52770/2018;;Ordin_nr._88P_din_06.02.2020.pdf
06.02.2020;88P;40383/2017;;Ordin_nr._88P_din_06.02.2020.pdf
06.02.2020;88P;17557/2019;;Ordin_nr._88P_din_06.02.2020.pdf
06.02.2020;88P;5665/2018;;Ordin_nr._88P_din_06.02.2020.pdf
06.02.2020;88P;50514/2018;;Ordin_nr._88P_din_06.02.2020.pdf
06.02.2020;88P;22060/2019;Copii minori: 1;Ordin_nr._88P_din_06.02.2020.pdf
06.02.2020;88P;55631/2018;;Ordin_nr._88P_din_06.02.2020.pdf
06.02.2020;88P;52285/2018;;Ordin_nr._88P_din_06.02.2020.pdf
06.02.2020;88P;26227/2019;Copii minori: 1;Ordin_nr._88P_din_06.02.2020.pdf
06.02.2020;88P;26232/2019;;Ordin_nr._88P_din_06.02.2020.pdf
06.02.2020;88P;54045/2017;;Ordin_nr._88P_din_06.02.2020.pdf
06.02.2020;88P;7165/2019;;Ordin_nr._88P_din_06.02.2020.pdf
06.02.2020;88P;82863/2018;;Ordin_nr._88P_din_06.02.2020.pdf
06.02.2020;88P;29808/2019;;Ordin_nr._88P_din_06.02.2020.pdf
06.02.2020;88P;98074/2016;Copii minori: 2;Ordin_nr._88P_din_06.02.2020.pdf
06.02.2020;88P;14816/2019;;Ordin_nr._88P_din_06.02.2020.pdf
06.02.2020;88P;36396/2018;;Ordin_nr._88P_din_06.02.2020.pdf
06.02.2020;88P;22069/2019;Copii minori: 2;Ordin_nr._88P_din_06.02.2020.pdf
06.02.2020;88P;22083/2019;;Ordin_nr._88P_din_06.02.2020.pdf
06.02.2020;88P;22080/2019;Copii minori: 2;Ordin_nr._88P_din_06.02.2020.pdf
06.02.2020;88P;80823/2018;Copii minori: 1;Ordin_nr._88P_din_06.02.2020.pdf
06.02.2020;88P;62643/2018;Copii minori: 2;Ordin_nr._88P_din_06.02.2020.pdf
06.02.2020;88P;82881/2018;;Ordin_nr._88P_din_06.02.2020.pdf
06.02.2020;88P;82558/2018;Copii minori: 1;Ordin_nr._88P_din_06.02.2020.pdf
06.02.2020;88P;56978/2018;Copii minori: 2;Ordin_nr._88P_din_06.02.2020.pdf
06.02.2020;88P;77288/2017;Copii minori: 3;Ordin_nr._88P_din_06.02.2020.pdf
06.02.2020;88P;77288/2017;;Ordin_nr._88P_din_06.02.2020.pdf
06.02.2020;88P;24833/2019;Copii minori: 1;Ordin_nr._88P_din_06.02.2020.pdf
06.02.2020;88P;80582/2018;;Ordin_nr._88P_din_06.02.2020.pdf
06.02.2020;88P;75613/2018;;Ordin_nr._88P_din_06.02.2020.pdf
06.02.2020;88P;29288/2019;;Ordin_nr._88P_din_06.02.2020.pdf
06.02.2020;88P;92734/2018;;Ordin_nr._88P_din_06.02.2020.pdf
06.02.2020;88P;9183/2019;Copii minori: 1;Ordin_nr._88P_din_06.02.2020.pdf
06.02.2020;88P;101340/2016;;Ordin_nr._88P_din_06.02.2020.pdf
06.02.2020;88P;22038/2019;;Ordin_nr._88P_din_06.02.2020.pdf
06.02.2020;88P;22049/2019;;Ordin_nr._88P_din_06.02.2020.pdf
06.02.2020;88P;18782/2018;;Ordin_nr._88P_din_06.02.2020.pdf
06.02.2020;88P;78466/2018;Copii minori: 1;Ordin_nr._88P_din_06.02.2020.pdf
06.02.2020;88P;85665/2018;;Ordin_nr._88P_din_06.02.2020.pdf
06.02.2020;88P;85665/2018;;Ordin_nr._88P_din_06.02.2020.pdf
06.02.2020;88P;85670/2018;;Ordin_nr._88P_din_06.02.2020.pdf
06.02.2020;88P;55413/2018;;Ordin_nr._88P_din_06.02.2020.pdf
06.02.2020;88P;87957/2017;;Ordin_nr._88P_din_06.02.2020.pdf
06.02.2020;88P;9161/2019;Copii minori: 2;Ordin_nr._88P_din_06.02.2020.pdf
06.02.2020;88P;28579/2019;Copii minori: 1;Ordin_nr._88P_din_06.02.2020.pdf
06.02.2020;88P;2123/2019;Copii minori: 1;Ordin_nr._88P_din_06.02.2020.pdf
06.02.2020;88P;40091/2016;Copii minori: 2;Ordin_nr._88P_din_06.02.2020.pdf
06.02.2020;88P;22084/2019;Copii minori: 1;Ordin_nr._88P_din_06.02.2020.pdf
06.02.2020;88P;14474/2018;;Ordin_nr._88P_din_06.02.2020.pdf
06.02.2020;88P;14474/2018;Copii minori: 2;Ordin_nr._88P_din_06.02.2020.pdf
06.02.2020;88P;92178/2018;;Ordin_nr._88P_din_06.02.2020.pdf
06.02.2020;88P;16925/2018;Copii minori: 1;Ordin_nr._88P_din_06.02.2020.pdf
06.02.2020;88P;16925/2018;;Ordin_nr._88P_din_06.02.2020.pdf
06.02.2020;88P;16925/2018;;Ordin_nr._88P_din_06.02.2020.pdf
06.02.2020;88P;40559/2018;;Ordin_nr._88P_din_06.02.2020.pdf
06.02.2020;88P;103842/2016;Copii minori: 2;Ordin_nr._88P_din_06.02.2020.pdf
06.02.2020;88P;78350/2018;;Ordin_nr._88P_din_06.02.2020.pdf
06.02.2020;88P;83759/2018;;Ordin_nr._88P_din_06.02.2020.pdf
06.02.2020;88P;9147/2018;Copii minori: 1;Ordin_nr._88P_din_06.02.2020.pdf
06.02.2020;88P;9147/2018;;Ordin_nr._88P_din_06.02.2020.pdf
06.02.2020;88P;82439/2018;;Ordin_nr._88P_din_06.02.2020.pdf
06.02.2020;88P;86589/2018;Copii minori: 2;Ordin_nr._88P_din_06.02.2020.pdf
06.02.2020;88P;17432/2018;;Ordin_nr._88P_din_06.02.2020.pdf
06.02.2020;88P;92169/2018;;Ordin_nr._88P_din_06.02.2020.pdf
06.02.2020;88P;42870/2017;Copii minori: 1;Ordin_nr._88P_din_06.02.2020.pdf
06.02.2020;88P;29354/2019;;Ordin_nr._88P_din_06.02.2020.pdf
06.02.2020;88P;43752/2018;Copii minori: 2;Ordin_nr._88P_din_06.02.2020.pdf
06.02.2020;88P;35597/2019;;Ordin_nr._88P_din_06.02.2020.pdf
06.02.2020;88P;29267/2019;Copii minori: 1;Ordin_nr._88P_din_06.02.2020.pdf
06.02.2020;88P;29274/2019;Copii minori: 2;Ordin_nr._88P_din_06.02.2020.pdf
06.02.2020;88P;29281/2019;;Ordin_nr._88P_din_06.02.2020.pdf
06.02.2020;88P;41621/2018;;Ordin_nr._88P_din_06.02.2020.pdf
06.02.2020;88P;41626/2018;;Ordin_nr._88P_din_06.02.2020.pdf
06.02.2020;88P;101656/2016;;Ordin_nr._88P_din_06.02.2020.pdf
02.12.2019;2431P;81539/2018;;Ordin_nr._2431P_din_02.12.2019.pdf
02.12.2019;2431P;33196/2019;;Ordin_nr._2431P_din_02.12.2019.pdf
02.12.2019;2431P;81641/2018;;Ordin_nr._2431P_din_02.12.2019.pdf
02.12.2019;2431P;81535/2018;;Ordin_nr._2431P_din_02.12.2019.pdf
02.12.2019;2431P;22053/2019;;Ordin_nr._2431P_din_02.12.2019.pdf
02.12.2019;2431P;22012/2019;;Ordin_nr._2431P_din_02.12.2019.pdf
02.12.2019;2431P;25673/2019;;Ordin_nr._2431P_din_02.12.2019.pdf
13.08.2019;2147P;70379/2018;;Ordin_nr._2147P_din_13.08.2019.pdf
13.08.2019;2147P;70374/2018;;Ordin_nr._2147P_din_13.08.2019.pdf
13.08.2019;2147P;20783/2018;;Ordin_nr._2147P_din_13.08.2019.pdf
13.08.2019;2147P;20790/2018;Copii minori: 4;Ordin_nr._2147P_din_13.08.2019.pdf
13.08.2019;2147P;20780/2018;;Ordin_nr._2147P_din_13.08.2019.pdf
13.08.2019;2147P;20780/2018;Copii minori: 4;Ordin_nr._2147P_din_13.08.2019.pdf
13.08.2019;2147P;21645/2018;;Ordin_nr._2147P_din_13.08.2019.pdf
13.08.2019;2147P;21649/2018;;Ordin_nr._2147P_din_13.08.2019.pdf
13.08.2019;2147P;2836/2019;Copii minori: 2;Ordin_nr._2147P_din_13.08.2019.pdf
13.08.2019;2147P;21640/2018;;Ordin_nr._2147P_din_13.08.2019.pdf
13.08.2019;2147P;20794/2018;;Ordin_nr._2147P_din_13.08.2019.pdf
13.08.2019;2147P;20792/2018;;Ordin_nr._2147P_din_13.08.2019.pdf
13.08.2019;2147P;20796/2018;;Ordin_nr._2147P_din_13.08.2019.pdf
13.08.2019;2147P;22518/2018;;Ordin_nr._2147P_din_13.08.2019.pdf
13.08.2019;2147P;2800/2019;Copii minori: 1;Ordin_nr._2147P_din_13.08.2019.pdf
13.08.2019;2147P;20944/2018;Copii minori: 1;Ordin_nr._2147P_din_13.08.2019.pdf
13.08.2019;2147P;20947/2018;;Ordin_nr._2147P_din_13.08.2019.pdf
13.08.2019;2147P;20952/2018;;Ordin_nr._2147P_din_13.08.2019.pdf
13.08.2019;2147P;21597/2018;;Ordin_nr._2147P_din_13.08.2019.pdf
13.08.2019;2147P;21603/2018;;Ordin_nr._2147P_din_13.08.2019.pdf
13.08.2019;2147P;21034/2018;;Ordin_nr._2147P_din_13.08.2019.pdf
13.08.2019;2147P;20838/2018;;Ordin_nr._2147P_din_13.08.2019.pdf
13.08.2019;2147P;21673/2018;;Ordin_nr._2147P_din_13.08.2019.pdf
13.08.2019;2147P;2819/2019;Copii minori: 2;Ordin_nr._2147P_din_13.08.2019.pdf
13.08.2019;2147P;21591/2018;Copii minori: 2;Ordin_nr._2147P_din_13.08.2019.pdf
13.08.2019;2147P;21655/2018;;Ordin_nr._2147P_din_13.08.2019.pdf
13.08.2019;2147P;21143/2018;;Ordin_nr._2147P_din_13.08.2019.pdf
29.07.2019;1813P;32552/2018;;Ordin_nr._1813P_din_29.07.2019.pdf
29.07.2019;1813P;90777/2018;;Ordin_nr._1813P_din_29.07.2019.pdf
29.07.2019;1813P;89830/2018;Copii minori: 1;Ordin_nr._1813P_din_29.07.2019.pdf
29.07.2019;1813P;90829/2018;;Ordin_nr._1813P_din_29.07.2019.pdf
29.07.2019;1813P;90852/2018;;Ordin_nr._1813P_din_29.07.2019.pdf
29.07.2019;1813P;90642/2018;;Ordin_nr._1813P_din_29.07.2019.pdf
29.07.2019;1813P;90538/2018;;Ordin_nr._1813P_din_29.07.2019.pdf
29.07.2019;1813P;90534/2018;;Ordin_nr._1813P_din_29.07.2019.pdf
29.07.2019;1813P;13124/2019;;Ordin_nr._1813P_din_29.07.2019.pdf
29.07.2019;1813P;13118/2019;;Ordin_nr._1813P_din_29.07.2019.pdf
29.07.2019;1813P;90901/2018;;Ordin_nr._1813P_din_29.07.2019.pdf
29.07.2019;1813P;12335/2019;Copii minori: 1;Ordin_nr._1813P_din_29.07.2019.pdf
29.07.2019;1813P;88991/2018;;Ordin_nr._1813P_din_29.07.2019.pdf
29.07.2019;1813P;90712/2018;Copii minori: 2;Ordin_nr._1813P_din_29.07.2019.pdf
29.07.2019;1813P;103875/2016;;Ordin_nr._1813P_din_29.07.2019.pdf
29.07.2019;1813P;29316/2017;Copii minori: 2;Ordin_nr._1813P_din_29.07.2019.pdf
29.07.2019;1813P;90875/2018;;Ordin_nr._1813P_din_29.07.2019.pdf
29.07.2019;1813P;90866/2018;;Ordin_nr._1813P_din_29.07.2019.pdf
29.07.2019;1813P;89802/2018;;Ordin_nr._1813P_din_29.07.2019.pdf
29.07.2019;1813P;88997/2018;;Ordin_nr._1813P_din_29.07.2019.pdf
29.07.2019;1813P;89004/2018;;Ordin_nr._1813P_din_29.07.2019.pdf
29.07.2019;1813P;90704/2018;;Ordin_nr._1813P_din_29.07.2019.pdf
29.07.2019;1813P;89935/2018;;Ordin_nr._1813P_din_29.07.2019.pdf
29.07.2019;1813P;90762/2018;;Ordin_nr._1813P_din_29.07.2019.pdf
29.07.2019;1813P;14240/2019;Copii minori: 1;Ordin_nr._1813P_din_29.07.2019.pdf
29.07.2019;1813P;90765/2018;;Ordin_nr._1813P_din_29.07.2019.pdf
29.07.2019;1813P;90755/2018;;Ordin_nr._1813P_din_29.07.2019.pdf
29.07.2019;1813P;90492/2018;;Ordin_nr._1813P_din_29.07.2019.pdf
29.07.2019;1813P;90663/2018;;Ordin_nr._1813P_din_29.07.2019.pdf
29.07.2019;1813P;103768/2016;;Ordin_nr._1813P_din_29.07.2019.pdf
29.07.2019;1813P;90723/2018;;Ordin_nr._1813P_din_29.07.2019.pdf
29.07.2019;1813P;90738/2018;;Ordin_nr._1813P_din_29.07.2019.pdf
29.07.2019;1813P;90506/2018;;Ordin_nr._1813P_din_29.07.2019.pdf
29.07.2019;1813P;13927/2019;;Ordin_nr._1813P_din_29.07.2019.pdf
29.07.2019;1813P;90693/2018;Copii minori: 2;Ordin_nr._1813P_din_29.07.2019.pdf
29.07.2019;1813P;90543/2018;Copii minori: 1;Ordin_nr._1813P_din_29.07.2019.pdf
29.07.2019;1813P;90815/2018;;Ordin_nr._1813P_din_29.07.2019.pdf
29.07.2019;1813P;90771/2018;;Ordin_nr._1813P_din_29.07.2019.pdf
29.07.2019;1813P;90788/2018;;Ordin_nr._1813P_din_29.07.2019.pdf
29.07.2019;1813P;90027/2018;;Ordin_nr._1813P_din_29.07.2019.pdf
29.07.2019;1813P;89798/2018;;Ordin_nr._1813P_din_29.07.2019.pdf
29.07.2019;1813P;90674/2018;;Ordin_nr._1813P_din_29.07.2019.pdf
29.07.2019;1813P;90681/2018;;Ordin_nr._1813P_din_29.07.2019.pdf
29.07.2019;1813P;90396/2018;;Ordin_nr._1813P_din_29.07.2019.pdf
29.07.2019;1813P;89819/2018;;Ordin_nr._1813P_din_29.07.2019.pdf
29.07.2019;1813P;90843/2018;;Ordin_nr._1813P_din_29.07.2019.pdf
29.07.2019;1813P;90522/2018;;Ordin_nr._1813P_din_29.07.2019.pdf
29.07.2019;1813P;90645/2018;;Ordin_nr._1813P_din_29.07.2019.pdf
29.07.2019;1813P;90653/2018;Copii minori: 2;Ordin_nr._1813P_din_29.07.2019.pdf
29.07.2019;1813P;89267/2018;;Ordin_nr._1813P_din_29.07.2019.pdf
29.07.2019;1813P;90912/2018;;Ordin_nr._1813P_din_29.07.2019.pdf
29.07.2019;1813P;90905/2018;;Ordin_nr._1813P_din_29.07.2019.pdf
29.07.2019;1813P;14376/2019;;Ordin_nr._1813P_din_29.07.2019.pdf
29.07.2019;1813P;14371/2019;;Ordin_nr._1813P_din_29.07.2019.pdf
29.07.2019;1813P;90801/2018;;Ordin_nr._1813P_din_29.07.2019.pdf
29.07.2019;1813P;90775/2018;;Ordin_nr._1813P_din_29.07.2019.pdf
29.07.2019;1813P;12306/2019;;Ordin_nr._1813P_din_29.07.2019.pdf
29.07.2019;1813P;12315/2019;;Ordin_nr._1813P_din_29.07.2019.pdf
29.07.2019;1813P;101650/2016;;Ordin_nr._1813P_din_29.07.2019.pdf
29.07.2019;1813P;99867/2016;;Ordin_nr._1813P_din_29.07.2019.pdf
29.07.2019;1801P;80427/2018;;Ordin_nr._1801P_din_29.07.2019.pdf
29.07.2019;1801P;80443/2018;Copii minori: 3;Ordin_nr._1801P_din_29.07.2019.pdf
29.07.2019;1801P;37953/2019;;Ordin_nr._1801P_din_29.07.2019.pdf
29.07.2019;1801P;37977/2019;;Ordin_nr._1801P_din_29.07.2019.pdf
29.07.2019;1801P;80358/2018;Copii minori: 1;Ordin_nr._1801P_din_29.07.2019.pdf
29.07.2019;1801P;80851/2018;;Ordin_nr._1801P_din_29.07.2019.pdf
29.07.2019;1801P;37965/2019;;Ordin_nr._1801P_din_29.07.2019.pdf
29.07.2019;1801P;37934/2019;;Ordin_nr._1801P_din_29.07.2019.pdf
29.07.2019;1801P;37949/2019;;Ordin_nr._1801P_din_29.07.2019.pdf
29.07.2019;1801P;36987/2019;;Ordin_nr._1801P_din_29.07.2019.pdf
29.07.2019;1801P;37976/2019;;Ordin_nr._1801P_din_29.07.2019.pdf
29.07.2019;1801P;36916/2019;;Ordin_nr._1801P_din_29.07.2019.pdf
29.07.2019;1801P;36919/2019;;Ordin_nr._1801P_din_29.07.2019.pdf
29.07.2019;1801P;37979/2019;Copii minori: 2;Ordin_nr._1801P_din_29.07.2019.pdf
29.07.2019;1801P;37937/2019;Copii minori: 2;Ordin_nr._1801P_din_29.07.2019.pdf
29.07.2019;1801P;37945/2019;;Ordin_nr._1801P_din_29.07.2019.pdf
29.07.2019;1801P;81102/2018;Copii minori: 2;Ordin_nr._1801P_din_29.07.2019.pdf
29.07.2019;1801P;80271/2018;Copii minori: 1;Ordin_nr._1801P_din_29.07.2019.pdf
29.07.2019;1801P;39127/2019;;Ordin_nr._1801P_din_29.07.2019.pdf
29.07.2019;1801P;80488/2018;;Ordin_nr._1801P_din_29.07.2019.pdf
29.07.2019;1801P;37962/2019;;Ordin_nr._1801P_din_29.07.2019.pdf
29.07.2019;1801P;36976/2019;;Ordin_nr._1801P_din_29.07.2019.pdf
29.07.2019;1801P;37971/2019;Copii minori: 4;Ordin_nr._1801P_din_29.07.2019.pdf
29.07.2019;1801P;37929/2019;;Ordin_nr._1801P_din_29.07.2019.pdf
29.07.2019;1801P;37952/2019;;Ordin_nr._1801P_din_29.07.2019.pdf
29.07.2019;1801P;41451/2019;;Ordin_nr._1801P_din_29.07.2019.pdf
29.07.2019;1801P;41476/2019;;Ordin_nr._1801P_din_29.07.2019.pdf
29.07.2019;1801P;40037/2019;;Ordin_nr._1801P_din_29.07.2019.pdf
29.07.2019;1801P;37935/2019;Copii minori: 1;Ordin_nr._1801P_din_29.07.2019.pdf
29.07.2019;1801P;37966/2019;;Ordin_nr._1801P_din_29.07.2019.pdf
29.07.2019;1801P;37941/2019;;Ordin_nr._1801P_din_29.07.2019.pdf
29.07.2019;1801P;80459/2018;;Ordin_nr._1801P_din_29.07.2019.pdf
29.07.2019;1801P;80487/2018;;Ordin_nr._1801P_din_29.07.2019.pdf
29.07.2019;1801P;80464/2018;;Ordin_nr._1801P_din_29.07.2019.pdf
29.07.2019;1801P;37576/2019;;Ordin_nr._1801P_din_29.07.2019.pdf
29.07.2019;1801P;81219/2018;;Ordin_nr._1801P_din_29.07.2019.pdf
29.07.2019;1801P;81252/2018;Copii minori: 2;Ordin_nr._1801P_din_29.07.2019.pdf
29.07.2019;1801P;39308/2019;;Ordin_nr._1801P_din_29.07.2019.pdf
29.07.2019;1801P;39314/2019;;Ordin_nr._1801P_din_29.07.2019.pdf
29.07.2019;1801P;39311/2019;;Ordin_nr._1801P_din_29.07.2019.pdf
29.07.2019;1801P;37943/2019;Copii minori: 1;Ordin_nr._1801P_din_29.07.2019.pdf
29.07.2019;1801P;37981/2019;Copii minori: 2;Ordin_nr._1801P_din_29.07.2019.pdf
29.07.2019;1801P;37936/2019;;Ordin_nr._1801P_din_29.07.2019.pdf
29.07.2019;1801P;37938/2019;;Ordin_nr._1801P_din_29.07.2019.pdf
29.07.2019;1801P;80861/2018;;Ordin_nr._1801P_din_29.07.2019.pdf
29.07.2019;1801P;40352/2019;Copii minori: 2;Ordin_nr._1801P_din_29.07.2019.pdf
29.07.2019;1801P;39535/2019;;Ordin_nr._1801P_din_29.07.2019.pdf
29.07.2019;1801P;37973/2019;;Ordin_nr._1801P_din_29.07.2019.pdf
29.07.2019;1801P;37951/2019;Copii minori: 4;Ordin_nr._1801P_din_29.07.2019.pdf
29.07.2019;1801P;37986/2019;;Ordin_nr._1801P_din_29.07.2019.pdf
29.07.2019;1801P;81148/2018;;Ordin_nr._1801P_din_29.07.2019.pdf
29.07.2019;1801P;81227/2018;;Ordin_nr._1801P_din_29.07.2019.pdf
29.07.2019;1801P;40344/2019;;Ordin_nr._1801P_din_29.07.2019.pdf
29.07.2019;1801P;40361/2019;Copii minori: 2;Ordin_nr._1801P_din_29.07.2019.pdf
29.07.2019;1801P;80372/2018;;Ordin_nr._1801P_din_29.07.2019.pdf
29.07.2019;1801P;33213/2018;;Ordin_nr._1801P_din_29.07.2019.pdf
26.07.2019;1780P;63683/2018;;Ordin_nr._1780P_din_26.07.2019.pdf
26.07.2019;1780P;2708/2019;;Ordin_nr._1780P_din_26.07.2019.pdf
26.07.2019;1780P;68606/2018;;Ordin_nr._1780P_din_26.07.2019.pdf
26.07.2019;1780P;68610/2018;;Ordin_nr._1780P_din_26.07.2019.pdf
26.07.2019;1780P;2680/2019;Copii minori: 2;Ordin_nr._1780P_din_26.07.2019.pdf
26.07.2019;1780P;2313/2019;;Ordin_nr._1780P_din_26.07.2019.pdf
26.07.2019;1780P;2671/2019;Copii minori: 1;Ordin_nr._1780P_din_26.07.2019.pdf
26.07.2019;1780P;2307/2019;;Ordin_nr._1780P_din_26.07.2019.pdf
26.07.2019;1780P;2794/2019;Copii minori: 1;Ordin_nr._1780P_din_26.07.2019.pdf
26.07.2019;1780P;66461/2018;;Ordin_nr._1780P_din_26.07.2019.pdf
26.07.2019;1780P;64613/2018;;Ordin_nr._1780P_din_26.07.2019.pdf
26.07.2019;1780P;64613/2018;Copii minori: 1;Ordin_nr._1780P_din_26.07.2019.pdf
26.07.2019;1780P;2232/2019;;Ordin_nr._1780P_din_26.07.2019.pdf
26.07.2019;1780P;66253/2018;;Ordin_nr._1780P_din_26.07.2019.pdf
26.07.2019;1780P;2767/2019;;Ordin_nr._1780P_din_26.07.2019.pdf
26.07.2019;1780P;2763/2019;;Ordin_nr._1780P_din_26.07.2019.pdf
26.07.2019;1780P;2754/2019;;Ordin_nr._1780P_din_26.07.2019.pdf
26.07.2019;1780P;73586/2018;Copii minori: 1;Ordin_nr._1780P_din_26.07.2019.pdf
26.07.2019;1780P;60636/2018;;Ordin_nr._1780P_din_26.07.2019.pdf
26.07.2019;1780P;70224/2018;;Ordin_nr._1780P_din_26.07.2019.pdf
26.07.2019;1780P;70224/2018;;Ordin_nr._1780P_din_26.07.2019.pdf
26.07.2019;1780P;68683/2018;;Ordin_nr._1780P_din_26.07.2019.pdf
26.07.2019;1780P;2782/2019;;Ordin_nr._1780P_din_26.07.2019.pdf
26.07.2019;1780P;2798/2019;;Ordin_nr._1780P_din_26.07.2019.pdf
26.07.2019;1780P;68945/2018;;Ordin_nr._1780P_din_26.07.2019.pdf
26.07.2019;1780P;66096/2018;Copii minori: 1;Ordin_nr._1780P_din_26.07.2019.pdf
26.07.2019;1780P;2789/2019;;Ordin_nr._1780P_din_26.07.2019.pdf
26.07.2019;1780P;60644/2018;;Ordin_nr._1780P_din_26.07.2019.pdf
26.07.2019;1780P;2756/2019;;Ordin_nr._1780P_din_26.07.2019.pdf
26.07.2019;1780P;2689/2019;;Ordin_nr._1780P_din_26.07.2019.pdf
26.07.2019;1780P;2672/2019;;Ordin_nr._1780P_din_26.07.2019.pdf
26.07.2019;1780P;2690/2019;;Ordin_nr._1780P_din_26.07.2019.pdf
26.07.2019;1780P;2690/2019;Copii minori: 2;Ordin_nr._1780P_din_26.07.2019.pdf
26.07.2019;1780P;64624/2018;Copii minori: 2;Ordin_nr._1780P_din_26.07.2019.pdf
26.07.2019;1780P;2298/2019;;Ordin_nr._1780P_din_26.07.2019.pdf
26.07.2019;1780P;73590/2018;;Ordin_nr._1780P_din_26.07.2019.pdf
26.07.2019;1780P;73598/2018;Copii minori: 1;Ordin_nr._1780P_din_26.07.2019.pdf
26.07.2019;1780P;65228/2018;;Ordin_nr._1780P_din_26.07.2019.pdf
26.07.2019;1780P;65223/2018;;Ordin_nr._1780P_din_26.07.2019.pdf
26.07.2019;1780P;66241/2018;Copii minori: 2;Ordin_nr._1780P_din_26.07.2019.pdf
26.07.2019;1780P;2660/2019;Copii minori: 1;Ordin_nr._1780P_din_26.07.2019.pdf
26.07.2019;1780P;2862/2019;;Ordin_nr._1780P_din_26.07.2019.pdf
26.07.2019;1780P;67806/2018;Copii minori: 3;Ordin_nr._1780P_din_26.07.2019.pdf
26.07.2019;1780P;67802/2018;;Ordin_nr._1780P_din_26.07.2019.pdf
26.07.2019;1780P;67799/2018;;Ordin_nr._1780P_din_26.07.2019.pdf
26.07.2019;1780P;60649/2018;Copii minori: 2;Ordin_nr._1780P_din_26.07.2019.pdf
26.07.2019;1780P;2731/2019;;Ordin_nr._1780P_din_26.07.2019.pdf
26.07.2019;1780P;66898/2018;;Ordin_nr._1780P_din_26.07.2019.pdf
26.07.2019;1780P;2375/2019;;Ordin_nr._1780P_din_26.07.2019.pdf
26.07.2019;1780P;2372/2019;Copii minori: 1;Ordin_nr._1780P_din_26.07.2019.pdf
26.07.2019;1780P;2756/2019;Copii minori: 1;Ordin_nr._1780P_din_26.07.2019.pdf
26.07.2019;1780P;61563/2018;Copii minori: 2;Ordin_nr._1780P_din_26.07.2019.pdf
26.07.2019;1780P;61575/2018;;Ordin_nr._1780P_din_26.07.2019.pdf
26.07.2019;1780P;66907/2018;Copii minori: 4;Ordin_nr._1780P_din_26.07.2019.pdf
26.07.2019;1780P;2240/2019;;Ordin_nr._1780P_din_26.07.2019.pdf
26.07.2019;1780P;70240/2018;;Ordin_nr._1780P_din_26.07.2019.pdf
26.07.2019;1780P;68741/2018;;Ordin_nr._1780P_din_26.07.2019.pdf
26.07.2019;1780P;68949/2018;;Ordin_nr._1780P_din_26.07.2019.pdf
26.07.2019;1780P;70170/2018;;Ordin_nr._1780P_din_26.07.2019.pdf
26.07.2019;1780P;68616/2018;;Ordin_nr._1780P_din_26.07.2019.pdf
26.07.2019;1780P;62583/2018;;Ordin_nr._1780P_din_26.07.2019.pdf
26.07.2019;1780P;69429/2018;;Ordin_nr._1780P_din_26.07.2019.pdf
26.07.2019;1780P;69105/2018;;Ordin_nr._1780P_din_26.07.2019.pdf
26.07.2019;1779P;18622/2019;Copii minori: 1;Ordin_nr._1779P_din_26.07.2019.pdf
26.07.2019;1779P;18597/2019;Copii minori: 1;Ordin_nr._1779P_din_26.07.2019.pdf
26.07.2019;1779P;18605/2019;;Ordin_nr._1779P_din_26.07.2019.pdf
26.07.2019;1779P;17553/2019;;Ordin_nr._1779P_din_26.07.2019.pdf
26.07.2019;1779P;17020/2019;Copii minori: 2;Ordin_nr._1779P_din_26.07.2019.pdf
26.07.2019;1779P;11643/2019;Copii minori: 3;Ordin_nr._1779P_din_26.07.2019.pdf
26.07.2019;1779P;11588/2019;;Ordin_nr._1779P_din_26.07.2019.pdf
26.07.2019;1779P;17173/2019;Copii minori: 2;Ordin_nr._1779P_din_26.07.2019.pdf
26.07.2019;1779P;11567/2019;;Ordin_nr._1779P_din_26.07.2019.pdf
26.07.2019;1779P;15352/2019;;Ordin_nr._1779P_din_26.07.2019.pdf
26.07.2019;1779P;15356/2019;;Ordin_nr._1779P_din_26.07.2019.pdf
26.07.2019;1779P;15354/2019;;Ordin_nr._1779P_din_26.07.2019.pdf
26.07.2019;1779P;11614/2019;;Ordin_nr._1779P_din_26.07.2019.pdf
26.07.2019;1779P;17116/2019;;Ordin_nr._1779P_din_26.07.2019.pdf
26.07.2019;1779P;11729/2019;;Ordin_nr._1779P_din_26.07.2019.pdf
26.07.2019;1779P;18614/2019;;Ordin_nr._1779P_din_26.07.2019.pdf
26.07.2019;1779P;11723/2019;;Ordin_nr._1779P_din_26.07.2019.pdf
26.07.2019;1779P;17247/2019;;Ordin_nr._1779P_din_26.07.2019.pdf
26.07.2019;1779P;11650/2019;;Ordin_nr._1779P_din_26.07.2019.pdf
26.07.2019;1779P;11728/2019;;Ordin_nr._1779P_din_26.07.2019.pdf
26.07.2019;1779P;17166/2019;;Ordin_nr._1779P_din_26.07.2019.pdf
26.07.2019;1779P;17161/2019;;Ordin_nr._1779P_din_26.07.2019.pdf
26.07.2019;1779P;16352/2019;;Ordin_nr._1779P_din_26.07.2019.pdf
26.07.2019;1779P;16366/2019;;Ordin_nr._1779P_din_26.07.2019.pdf
26.07.2019;1779P;18411/2019;;Ordin_nr._1779P_din_26.07.2019.pdf
26.07.2019;1779P;14825/2019;;Ordin_nr._1779P_din_26.07.2019.pdf
26.07.2019;1779P;16934/2019;;Ordin_nr._1779P_din_26.07.2019.pdf
26.07.2019;1779P;11622/2019;;Ordin_nr._1779P_din_26.07.2019.pdf
26.07.2019;1779P;11630/2019;;Ordin_nr._1779P_din_26.07.2019.pdf
26.07.2019;1779P;17140/2019;;Ordin_nr._1779P_din_26.07.2019.pdf
26.07.2019;1779P;17211/2019;;Ordin_nr._1779P_din_26.07.2019.pdf
26.07.2019;1779P;17041/2019;;Ordin_nr._1779P_din_26.07.2019.pdf
26.07.2019;1779P;17153/2019;;Ordin_nr._1779P_din_26.07.2019.pdf
26.07.2019;1779P;17150/2019;;Ordin_nr._1779P_din_26.07.2019.pdf
26.07.2019;1779P;17146/2019;;Ordin_nr._1779P_din_26.07.2019.pdf
26.07.2019;1779P;17126/2019;;Ordin_nr._1779P_din_26.07.2019.pdf
26.07.2019;1779P;18077/2019;Copii minori: 4;Ordin_nr._1779P_din_26.07.2019.pdf
26.07.2019;1779P;18089/2019;Copii minori: 3;Ordin_nr._1779P_din_26.07.2019.pdf
26.07.2019;1779P;18084/2019;Copii minori: 1;Ordin_nr._1779P_din_26.07.2019.pdf
26.07.2019;1779P;18073/2019;;Ordin_nr._1779P_din_26.07.2019.pdf
26.07.2019;1779P;11596/2019;;Ordin_nr._1779P_din_26.07.2019.pdf
26.07.2019;1779P;11551/2019;;Ordin_nr._1779P_din_26.07.2019.pdf
26.07.2019;1779P;11601/2019;;Ordin_nr._1779P_din_26.07.2019.pdf
26.07.2019;1779P;18385/2019;Copii minori: 1;Ordin_nr._1779P_din_26.07.2019.pdf
26.07.2019;1779P;16519/2019;;Ordin_nr._1779P_din_26.07.2019.pdf
26.07.2019;1779P;16987/2019;;Ordin_nr._1779P_din_26.07.2019.pdf
26.07.2019;1779P;16996/2019;;Ordin_nr._1779P_din_26.07.2019.pdf
26.07.2019;1779P;10204/2018;;Ordin_nr._1779P_din_26.07.2019.pdf
26.07.2019;1779P;17579/2019;Copii minori: 2;Ordin_nr._1779P_din_26.07.2019.pdf
26.07.2019;1779P;17108/2019;;Ordin_nr._1779P_din_26.07.2019.pdf
26.07.2019;1779P;14821/2019;;Ordin_nr._1779P_din_26.07.2019.pdf
26.07.2019;1779P;17177/2019;;Ordin_nr._1779P_din_26.07.2019.pdf
26.07.2019;1779P;17058/2019;;Ordin_nr._1779P_din_26.07.2019.pdf
26.07.2019;1779P;18399/2019;;Ordin_nr._1779P_din_26.07.2019.pdf
26.07.2019;1779P;11732/2019;;Ordin_nr._1779P_din_26.07.2019.pdf
26.07.2019;1779P;16527/2019;;Ordin_nr._1779P_din_26.07.2019.pdf
26.07.2019;1779P;16529/2019;;Ordin_nr._1779P_din_26.07.2019.pdf
26.07.2019;1779P;18362/2019;;Ordin_nr._1779P_din_26.07.2019.pdf
26.07.2019;1779P;15270/2019;Copii minori: 1;Ordin_nr._1779P_din_26.07.2019.pdf
26.07.2019;1779P;11526/2019;;Ordin_nr._1779P_din_26.07.2019.pdf
26.07.2019;1779P;17049/2019;;Ordin_nr._1779P_din_26.07.2019.pdf
26.07.2019;1779P;17546/2019;;Ordin_nr._1779P_din_26.07.2019.pdf
26.07.2019;1779P;16922/2019;;Ordin_nr._1779P_din_26.07.2019.pdf
26.07.2019;1779P;16917/2019;;Ordin_nr._1779P_din_26.07.2019.pdf
26.07.2019;1779P;16925/2019;;Ordin_nr._1779P_din_26.07.2019.pdf
26.07.2019;1779P;16930/2019;;Ordin_nr._1779P_din_26.07.2019.pdf
26.07.2019;1779P;17074/2019;;Ordin_nr._1779P_din_26.07.2019.pdf
26.07.2019;1779P;18415/2019;;Ordin_nr._1779P_din_26.07.2019.pdf
26.07.2019;1779P;18401/2019;;Ordin_nr._1779P_din_26.07.2019.pdf
26.07.2019;1779P;18407/2019;;Ordin_nr._1779P_din_26.07.2019.pdf
26.07.2019;1779P;16360/2019;;Ordin_nr._1779P_din_26.07.2019.pdf
26.07.2019;1779P;16356/2019;Copii minori: 1;Ordin_nr._1779P_din_26.07.2019.pdf
26.07.2019;1779P;13077/2019;;Ordin_nr._1779P_din_26.07.2019.pdf
26.07.2019;1779P;18629/2019;;Ordin_nr._1779P_din_26.07.2019.pdf
26.07.2019;1778P;35269/2019;;Ordin_nr._1778P_din_26.07.2019_art._10.pdf
26.07.2019;1778P;35271/2019;;Ordin_nr._1778P_din_26.07.2019_art._10.pdf
26.07.2019;1778P;31003/2019;;Ordin_nr._1778P_din_26.07.2019_art._10.pdf
26.07.2019;1778P;34425/2019;;Ordin_nr._1778P_din_26.07.2019_art._10.pdf
26.07.2019;1778P;32729/2019;;Ordin_nr._1778P_din_26.07.2019_art._10.pdf
26.07.2019;1778P;30979/2019;;Ordin_nr._1778P_din_26.07.2019_art._10.pdf
26.07.2019;1778P;32546/2019;Copii minori: 1;Ordin_nr._1778P_din_26.07.2019_art._10.pdf
26.07.2019;1778P;32557/2019;;Ordin_nr._1778P_din_26.07.2019_art._10.pdf
26.07.2019;1778P;32560/2019;;Ordin_nr._1778P_din_26.07.2019_art._10.pdf
26.07.2019;1778P;35449/2019;;Ordin_nr._1778P_din_26.07.2019_art._10.pdf
26.07.2019;1778P;31047/2019;Copii minori: 1;Ordin_nr._1778P_din_26.07.2019_art._10.pdf
26.07.2019;1778P;34880/2019;;Ordin_nr._1778P_din_26.07.2019_art._10.pdf
26.07.2019;1778P;34956/2019;;Ordin_nr._1778P_din_26.07.2019_art._10.pdf
26.07.2019;1778P;34884/2019;;Ordin_nr._1778P_din_26.07.2019_art._10.pdf
26.07.2019;1778P;34872/2019;;Ordin_nr._1778P_din_26.07.2019_art._10.pdf
26.07.2019;1778P;30992/2019;Copii minori: 2;Ordin_nr._1778P_din_26.07.2019_art._10.pdf
26.07.2019;1778P;31021/2019;Copii minori: 3;Ordin_nr._1778P_din_26.07.2019_art._10.pdf
26.07.2019;1778P;31006/2019;;Ordin_nr._1778P_din_26.07.2019_art._10.pdf
26.07.2019;1778P;30996/2019;;Ordin_nr._1778P_din_26.07.2019_art._10.pdf
26.07.2019;1778P;34678/2019;;Ordin_nr._1778P_din_26.07.2019_art._10.pdf
26.07.2019;1778P;31036/2019;Copii minori: 2;Ordin_nr._1778P_din_26.07.2019_art._10.pdf
26.07.2019;1778P;31030/2019;;Ordin_nr._1778P_din_26.07.2019_art._10.pdf
26.07.2019;1778P;31046/2019;;Ordin_nr._1778P_din_26.07.2019_art._10.pdf
26.07.2019;1778P;30995/2019;;Ordin_nr._1778P_din_26.07.2019_art._10.pdf
26.07.2019;1778P;31019/2019;;Ordin_nr._1778P_din_26.07.2019_art._10.pdf
26.07.2019;1778P;31048/2019;;Ordin_nr._1778P_din_26.07.2019_art._10.pdf
26.07.2019;1778P;34920/2019;;Ordin_nr._1778P_din_26.07.2019_art._10.pdf
26.07.2019;1778P;33154/2019;;Ordin_nr._1778P_din_26.07.2019_art._10.pdf
26.07.2019;1778P;35279/2019;;Ordin_nr._1778P_din_26.07.2019_art._10.pdf
26.07.2019;1778P;33438/2019;;Ordin_nr._1778P_din_26.07.2019_art._10.pdf
26.07.2019;1778P;35226/2019;Copii minori: 1;Ordin_nr._1778P_din_26.07.2019_art._10.pdf
26.07.2019;1778P;34938/2019;;Ordin_nr._1778P_din_26.07.2019_art._10.pdf
26.07.2019;1778P;34946/2019;;Ordin_nr._1778P_din_26.07.2019_art._10.pdf
26.07.2019;1778P;34963/2019;;Ordin_nr._1778P_din_26.07.2019_art._10.pdf
26.07.2019;1778P;35144/2019;;Ordin_nr._1778P_din_26.07.2019_art._10.pdf
26.07.2019;1778P;31016/2019;Copii minori: 1;Ordin_nr._1778P_din_26.07.2019_art._10.pdf
26.07.2019;1778P;35250/2019;;Ordin_nr._1778P_din_26.07.2019_art._10.pdf
26.07.2019;1778P;35244/2019;;Ordin_nr._1778P_din_26.07.2019_art._10.pdf
26.07.2019;1778P;31026/2019;Copii minori: 1;Ordin_nr._1778P_din_26.07.2019_art._10.pdf
26.07.2019;1778P;33206/2019;;Ordin_nr._1778P_din_26.07.2019_art._10.pdf
26.07.2019;1778P;35319/2019;;Ordin_nr._1778P_din_26.07.2019_art._10.pdf
26.07.2019;1778P;35317/2019;;Ordin_nr._1778P_din_26.07.2019_art._10.pdf
26.07.2019;1778P;34685/2019;;Ordin_nr._1778P_din_26.07.2019_art._10.pdf
26.07.2019;1778P;34663/2019;;Ordin_nr._1778P_din_26.07.2019_art._10.pdf
26.07.2019;1778P;33699/2019;;Ordin_nr._1778P_din_26.07.2019_art._10.pdf
26.07.2019;1778P;34886/2019;;Ordin_nr._1778P_din_26.07.2019_art._10.pdf
26.07.2019;1778P;34932/2019;;Ordin_nr._1778P_din_26.07.2019_art._10.pdf
26.07.2019;1778P;32679/2019;Copii minori: 2;Ordin_nr._1778P_din_26.07.2019_art._10.pdf
26.07.2019;1778P;30986/2019;;Ordin_nr._1778P_din_26.07.2019_art._10.pdf
26.07.2019;1778P;35274/2019;;Ordin_nr._1778P_din_26.07.2019_art._10.pdf
26.07.2019;1778P;31025/2019;Copii minori: 3;Ordin_nr._1778P_din_26.07.2019_art._10.pdf
26.07.2019;1778P;31039/2019;Copii minori: 2;Ordin_nr._1778P_din_26.07.2019_art._10.pdf
26.07.2019;1778P;32973/2019;;Ordin_nr._1778P_din_26.07.2019_art._10.pdf
26.07.2019;1778P;33218/2019;;Ordin_nr._1778P_din_26.07.2019_art._10.pdf
26.07.2019;1778P;34915/2019;;Ordin_nr._1778P_din_26.07.2019_art._10.pdf
26.07.2019;1778P;31052/2019;;Ordin_nr._1778P_din_26.07.2019_art._10.pdf
26.07.2019;1778P;31049/2019;;Ordin_nr._1778P_din_26.07.2019_art._10.pdf
26.07.2019;1778P;31031/2019;Copii minori: 3;Ordin_nr._1778P_din_26.07.2019_art._10.pdf
26.07.2019;1777P;10980/2019;;Ordin_nr._1777P_din_26.07.2019.pdf
26.07.2019;1777P;59723/2018;;Ordin_nr._1777P_din_26.07.2019.pdf
26.07.2019;1777P;57630/2018;Copii minori: 1;Ordin_nr._1777P_din_26.07.2019.pdf
26.07.2019;1777P;57650/2018;;Ordin_nr._1777P_din_26.07.2019.pdf
26.07.2019;1777P;11678/2019;Copii minori: 2;Ordin_nr._1777P_din_26.07.2019.pdf
26.07.2019;1777P;11668/2019;Copii minori: 4;Ordin_nr._1777P_din_26.07.2019.pdf
26.07.2019;1777P;10975/2019;Copii minori: 2;Ordin_nr._1777P_din_26.07.2019.pdf
26.07.2019;1777P;11008/2019;;Ordin_nr._1777P_din_26.07.2019.pdf
26.07.2019;1777P;11713/2019;Copii minori: 1;Ordin_nr._1777P_din_26.07.2019.pdf
26.07.2019;1777P;59599/2018;;Ordin_nr._1777P_din_26.07.2019.pdf
26.07.2019;1777P;57665/2018;;Ordin_nr._1777P_din_26.07.2019.pdf
26.07.2019;1777P;11518/2019;Copii minori: 3;Ordin_nr._1777P_din_26.07.2019.pdf
26.07.2019;1777P;60635/2018;Copii minori: 2;Ordin_nr._1777P_din_26.07.2019.pdf
26.07.2019;1777P;11315/2019;;Ordin_nr._1777P_din_26.07.2019.pdf
26.07.2019;1777P;11689/2019;Copii minori: 2;Ordin_nr._1777P_din_26.07.2019.pdf
26.07.2019;1777P;11279/2019;;Ordin_nr._1777P_din_26.07.2019.pdf
26.07.2019;1777P;11328/2019;Copii minori: 2;Ordin_nr._1777P_din_26.07.2019.pdf
26.07.2019;1777P;59599/2018;Copii minori: 1;Ordin_nr._1777P_din_26.07.2019.pdf
26.07.2019;1777P;11002/2019;Copii minori: 1;Ordin_nr._1777P_din_26.07.2019.pdf
26.07.2019;1777P;57868/2018;;Ordin_nr._1777P_din_26.07.2019.pdf
26.07.2019;1777P;57876/2018;Copii minori: 3;Ordin_nr._1777P_din_26.07.2019.pdf
26.07.2019;1777P;57172/2018;;Ordin_nr._1777P_din_26.07.2019.pdf
26.07.2019;1777P;57172/2018;Copii minori: 1;Ordin_nr._1777P_din_26.07.2019.pdf
26.07.2019;1777P;57626/2018;Copii minori: 3;Ordin_nr._1777P_din_26.07.2019.pdf
26.07.2019;1777P;57641/2018;;Ordin_nr._1777P_din_26.07.2019.pdf
26.07.2019;1777P;11268/2019;;Ordin_nr._1777P_din_26.07.2019.pdf
26.07.2019;1777P;59721/2018;;Ordin_nr._1777P_din_26.07.2019.pdf
26.07.2019;1777P;57584/2018;;Ordin_nr._1777P_din_26.07.2019.pdf
26.07.2019;1777P;57674/2018;Copii minori: 1;Ordin_nr._1777P_din_26.07.2019.pdf
26.07.2019;1777P;57668/2018;;Ordin_nr._1777P_din_26.07.2019.pdf
26.07.2019;1777P;57635/2018;Copii minori: 1;Ordin_nr._1777P_din_26.07.2019.pdf
26.07.2019;1777P;11513/2019;;Ordin_nr._1777P_din_26.07.2019.pdf
26.07.2019;1777P;11506/2019;;Ordin_nr._1777P_din_26.07.2019.pdf
26.07.2019;1777P;11297/2019;;Ordin_nr._1777P_din_26.07.2019.pdf
26.07.2019;1777P;11283/2019;;Ordin_nr._1777P_din_26.07.2019.pdf
26.07.2019;1777P;11293/2019;;Ordin_nr._1777P_din_26.07.2019.pdf
26.07.2019;1777P;60514/2018;;Ordin_nr._1777P_din_26.07.2019.pdf
26.07.2019;1777P;57606/2018;;Ordin_nr._1777P_din_26.07.2019.pdf
26.07.2019;1777P;10961/2019;;Ordin_nr._1777P_din_26.07.2019.pdf
26.07.2019;1777P;11005/2019;;Ordin_nr._1777P_din_26.07.2019.pdf
26.07.2019;1777P;11317/2019;;Ordin_nr._1777P_din_26.07.2019.pdf
26.07.2019;1777P;11344/2019;Copii minori: 1;Ordin_nr._1777P_din_26.07.2019.pdf
26.07.2019;1777P;11339/2019;Copii minori: 3;Ordin_nr._1777P_din_26.07.2019.pdf
26.07.2019;1777P;57687/2018;Copii minori: 2;Ordin_nr._1777P_din_26.07.2019.pdf
26.07.2019;1777P;60445/2018;Copii minori: 2;Ordin_nr._1777P_din_26.07.2019.pdf
26.07.2019;1777P;10967/2019;;Ordin_nr._1777P_din_26.07.2019.pdf
26.07.2019;1777P;10956/2019;;Ordin_nr._1777P_din_26.07.2019.pdf
26.07.2019;1777P;10953/2019;;Ordin_nr._1777P_din_26.07.2019.pdf
26.07.2019;1777P;10953/2019;;Ordin_nr._1777P_din_26.07.2019.pdf
26.07.2019;1777P;10949/2019;;Ordin_nr._1777P_din_26.07.2019.pdf
26.07.2019;1777P;11718/2019;;Ordin_nr._1777P_din_26.07.2019.pdf
26.07.2019;1777P;11334/2019;Copii minori: 3;Ordin_nr._1777P_din_26.07.2019.pdf
26.07.2019;1777P;11328/2019;;Ordin_nr._1777P_din_26.07.2019.pdf
26.07.2019;1776P;29366/2019;;Ordin_nr._1776P_din_26.07.2019.pdf
26.07.2019;1776P;29366/2019;Copii minori: 2;Ordin_nr._1776P_din_26.07.2019.pdf
26.07.2019;1776P;92783/2018;;Ordin_nr._1776P_din_26.07.2019.pdf
26.07.2019;1776P;29433/2019;Copii minori: 3;Ordin_nr._1776P_din_26.07.2019.pdf
26.07.2019;1776P;25689/2019;;Ordin_nr._1776P_din_26.07.2019.pdf
26.07.2019;1776P;25697/2019;;Ordin_nr._1776P_din_26.07.2019.pdf
26.07.2019;1776P;93231/2018;Copii minori: 3;Ordin_nr._1776P_din_26.07.2019.pdf
26.07.2019;1776P;91973/2018;;Ordin_nr._1776P_din_26.07.2019.pdf
26.07.2019;1776P;93144/2018;;Ordin_nr._1776P_din_26.07.2019.pdf
26.07.2019;1776P;93163/2018;;Ordin_nr._1776P_din_26.07.2019.pdf
26.07.2019;1776P;92813/2018;;Ordin_nr._1776P_din_26.07.2019.pdf
26.07.2019;1776P;91150/2018;Copii minori: 3;Ordin_nr._1776P_din_26.07.2019.pdf
26.07.2019;1776P;93114/2018;;Ordin_nr._1776P_din_26.07.2019.pdf
26.07.2019;1776P;25566/2019;Copii minori: 1;Ordin_nr._1776P_din_26.07.2019.pdf
26.07.2019;1776P;25575/2019;Copii minori: 1;Ordin_nr._1776P_din_26.07.2019.pdf
26.07.2019;1776P;91958/2018;;Ordin_nr._1776P_din_26.07.2019.pdf
26.07.2019;1776P;92787/2018;;Ordin_nr._1776P_din_26.07.2019.pdf
26.07.2019;1776P;92759/2018;Copii minori: 2;Ordin_nr._1776P_din_26.07.2019.pdf
26.07.2019;1776P;93187/2018;;Ordin_nr._1776P_din_26.07.2019.pdf
26.07.2019;1776P;29827/2019;Copii minori: 3;Ordin_nr._1776P_din_26.07.2019.pdf
26.07.2019;1776P;93181/2018;;Ordin_nr._1776P_din_26.07.2019.pdf
26.07.2019;1776P;93101/2018;;Ordin_nr._1776P_din_26.07.2019.pdf
26.07.2019;1776P;92769/2018;Copii minori: 1;Ordin_nr._1776P_din_26.07.2019.pdf
26.07.2019;1776P;92607/2018;;Ordin_nr._1776P_din_26.07.2019.pdf
26.07.2019;1776P;93133/2018;;Ordin_nr._1776P_din_26.07.2019.pdf
26.07.2019;1776P;92587/2018;Copii minori: 2;Ordin_nr._1776P_din_26.07.2019.pdf
26.07.2019;1776P;29360/2019;;Ordin_nr._1776P_din_26.07.2019.pdf
26.07.2019;1776P;91418/2018;;Ordin_nr._1776P_din_26.07.2019.pdf
26.07.2019;1776P;92702/2018;;Ordin_nr._1776P_din_26.07.2019.pdf
26.07.2019;1776P;93218/2018;Copii minori: 1;Ordin_nr._1776P_din_26.07.2019.pdf
26.07.2019;1776P;92031/2018;;Ordin_nr._1776P_din_26.07.2019.pdf
26.07.2019;1776P;92693/2018;;Ordin_nr._1776P_din_26.07.2019.pdf
26.07.2019;1776P;91988/2018;Copii minori: 1;Ordin_nr._1776P_din_26.07.2019.pdf
26.07.2019;1776P;93158/2018;;Ordin_nr._1776P_din_26.07.2019.pdf
26.07.2019;1776P;93253/2018;;Ordin_nr._1776P_din_26.07.2019.pdf
26.07.2019;1776P;92726/2018;Copii minori: 3;Ordin_nr._1776P_din_26.07.2019.pdf
26.07.2019;1776P;93241/2018;;Ordin_nr._1776P_din_26.07.2019.pdf
26.07.2019;1776P;83269/2018;Copii minori: 2;Ordin_nr._1776P_din_26.07.2019.pdf
26.07.2019;1776P;91995/2018;;Ordin_nr._1776P_din_26.07.2019.pdf
26.07.2019;1776P;92778/2018;;Ordin_nr._1776P_din_26.07.2019.pdf
26.07.2019;1776P;92803/2018;Copii minori: 1;Ordin_nr._1776P_din_26.07.2019.pdf
26.07.2019;1776P;92598/2018;;Ordin_nr._1776P_din_26.07.2019.pdf
26.07.2019;1776P;92592/2018;;Ordin_nr._1776P_din_26.07.2019.pdf
26.07.2019;1776P;24923/2019;Copii minori: 1;Ordin_nr._1776P_din_26.07.2019.pdf
26.07.2019;1776P;10992/2019;;Ordin_nr._1776P_din_26.07.2019.pdf
26.07.2019;1776P;93170/2018;;Ordin_nr._1776P_din_26.07.2019.pdf
26.07.2019;1776P;30549/2019;Copii minori: 2;Ordin_nr._1776P_din_26.07.2019.pdf
26.07.2019;1776P;92748/2018;Copii minori: 3;Ordin_nr._1776P_din_26.07.2019.pdf
26.07.2019;1776P;93300/2018;;Ordin_nr._1776P_din_26.07.2019.pdf
26.07.2019;1776P;93197/2018;;Ordin_nr._1776P_din_26.07.2019.pdf
26.07.2019;1776P;93048/2018;Copii minori: 1;Ordin_nr._1776P_din_26.07.2019.pdf
26.07.2019;1776P;93051/2018;;Ordin_nr._1776P_din_26.07.2019.pdf
26.07.2019;1776P;93094/2018;;Ordin_nr._1776P_din_26.07.2019.pdf
26.07.2019;1776P;26387/2019;;Ordin_nr._1776P_din_26.07.2019.pdf
26.07.2019;1776P;31002/2019;;Ordin_nr._1776P_din_26.07.2019.pdf
26.07.2019;1776P;31012/2019;;Ordin_nr._1776P_din_26.07.2019.pdf
26.07.2019;1776P;92710/2018;;Ordin_nr._1776P_din_26.07.2019.pdf
26.07.2019;1776P;93391/2018;;Ordin_nr._1776P_din_26.07.2019.pdf
26.07.2019;1776P;93379/2018;;Ordin_nr._1776P_din_26.07.2019.pdf
26.07.2019;1776P;30982/2019;Copii minori: 2;Ordin_nr._1776P_din_26.07.2019.pdf
26.07.2019;1776P;92873/2018;;Ordin_nr._1776P_din_26.07.2019.pdf
26.07.2019;1776P;92022/2018;;Ordin_nr._1776P_din_26.07.2019.pdf
26.07.2019;1776P;25554/2019;;Ordin_nr._1776P_din_26.07.2019.pdf
26.07.2019;1776P;29340/2019;;Ordin_nr._1776P_din_26.07.2019.pdf
26.07.2019;1776P;93268/2018;Copii minori: 3;Ordin_nr._1776P_din_26.07.2019.pdf
26.07.2019;1776P;93257/2018;;Ordin_nr._1776P_din_26.07.2019.pdf
26.07.2019;1776P;93277/2018;;Ordin_nr._1776P_din_26.07.2019.pdf
26.07.2019;1776P;29818/2019;;Ordin_nr._1776P_din_26.07.2019.pdf
26.07.2019;1775P;13232/2019;;Ordin_nr._1775P_din_26.07.2019.pdf
26.07.2019;1775P;13231/2019;Copii minori: 2;Ordin_nr._1775P_din_26.07.2019.pdf
26.07.2019;1775P;56946/2018;;Ordin_nr._1775P_din_26.07.2019.pdf
26.07.2019;1775P;56663/2018;Copii minori: 2;Ordin_nr._1775P_din_26.07.2019.pdf
26.07.2019;1775P;56663/2018;;Ordin_nr._1775P_din_26.07.2019.pdf
26.07.2019;1775P;56471/2018;;Ordin_nr._1775P_din_26.07.2019.pdf
26.07.2019;1775P;56471/2018;Copii minori: 1;Ordin_nr._1775P_din_26.07.2019.pdf
26.07.2019;1775P;56667/2018;;Ordin_nr._1775P_din_26.07.2019.pdf
26.07.2019;1775P;56669/2018;;Ordin_nr._1775P_din_26.07.2019.pdf
26.07.2019;1775P;56943/2018;Copii minori: 1;Ordin_nr._1775P_din_26.07.2019.pdf
26.07.2019;1775P;15906/2019;;Ordin_nr._1775P_din_26.07.2019.pdf
26.07.2019;1775P;56703/2018;;Ordin_nr._1775P_din_26.07.2019.pdf
26.07.2019;1775P;56710/2018;;Ordin_nr._1775P_din_26.07.2019.pdf
26.07.2019;1775P;56686/2018;;Ordin_nr._1775P_din_26.07.2019.pdf
26.07.2019;1775P;56714/2018;;Ordin_nr._1775P_din_26.07.2019.pdf
26.07.2019;1775P;56689/2018;;Ordin_nr._1775P_din_26.07.2019.pdf
26.07.2019;1775P;56696/2018;;Ordin_nr._1775P_din_26.07.2019.pdf
26.07.2019;1775P;56485/2018;Copii minori: 1;Ordin_nr._1775P_din_26.07.2019.pdf
26.07.2019;1775P;13238/2019;;Ordin_nr._1775P_din_26.07.2019.pdf
26.07.2019;1775P;56489/2018;;Ordin_nr._1775P_din_26.07.2019.pdf
26.07.2019;1775P;56551/2018;;Ordin_nr._1775P_din_26.07.2019.pdf
26.07.2019;1775P;14812/2019;;Ordin_nr._1775P_din_26.07.2019.pdf
26.07.2019;1775P;12500/2019;;Ordin_nr._1775P_din_26.07.2019.pdf
26.07.2019;1775P;12435/2019;;Ordin_nr._1775P_din_26.07.2019.pdf
26.07.2019;1775P;12430/2019;Copii minori: 2;Ordin_nr._1775P_din_26.07.2019.pdf
26.07.2019;1775P;12419/2019;;Ordin_nr._1775P_din_26.07.2019.pdf
26.07.2019;1775P;13319/2019;;Ordin_nr._1775P_din_26.07.2019.pdf
26.07.2019;1775P;16965/2019;;Ordin_nr._1775P_din_26.07.2019.pdf
26.07.2019;1775P;56682/2018;;Ordin_nr._1775P_din_26.07.2019.pdf
26.07.2019;1775P;16972/2019;;Ordin_nr._1775P_din_26.07.2019.pdf
26.07.2019;1775P;16967/2019;;Ordin_nr._1775P_din_26.07.2019.pdf
26.07.2019;1775P;16956/2019;;Ordin_nr._1775P_din_26.07.2019.pdf
26.07.2019;1775P;13160/2019;;Ordin_nr._1775P_din_26.07.2019.pdf
26.07.2019;1775P;56787/2018;;Ordin_nr._1775P_din_26.07.2019.pdf
26.07.2019;1775P;56785/2018;;Ordin_nr._1775P_din_26.07.2019.pdf
26.07.2019;1775P;56780/2018;;Ordin_nr._1775P_din_26.07.2019.pdf
26.07.2019;1775P;16945/2019;Copii minori: 1;Ordin_nr._1775P_din_26.07.2019.pdf
26.07.2019;1775P;14293/2019;;Ordin_nr._1775P_din_26.07.2019.pdf
26.07.2019;1775P;14287/2019;;Ordin_nr._1775P_din_26.07.2019.pdf
26.07.2019;1775P;14289/2019;;Ordin_nr._1775P_din_26.07.2019.pdf
26.07.2019;1775P;14281/2019;;Ordin_nr._1775P_din_26.07.2019.pdf
26.07.2019;1775P;11907/2019;;Ordin_nr._1775P_din_26.07.2019.pdf
26.07.2019;1775P;56526/2018;;Ordin_nr._1775P_din_26.07.2019.pdf
26.07.2019;1775P;56526/2018;;Ordin_nr._1775P_din_26.07.2019.pdf
26.07.2019;1775P;56448/2018;;Ordin_nr._1775P_din_26.07.2019.pdf
26.07.2019;1775P;56531/2018;;Ordin_nr._1775P_din_26.07.2019.pdf
26.07.2019;1775P;56516/2018;;Ordin_nr._1775P_din_26.07.2019.pdf
26.07.2019;1775P;56460/2018;;Ordin_nr._1775P_din_26.07.2019.pdf
26.07.2019;1775P;15458/2019;;Ordin_nr._1775P_din_26.07.2019.pdf
26.07.2019;1775P;15463/2019;;Ordin_nr._1775P_din_26.07.2019.pdf
26.07.2019;1775P;15467/2019;;Ordin_nr._1775P_din_26.07.2019.pdf
26.07.2019;1775P;56902/2018;;Ordin_nr._1775P_din_26.07.2019.pdf
26.07.2019;1775P;56538/2018;;Ordin_nr._1775P_din_26.07.2019.pdf
26.07.2019;1775P;56504/2018;;Ordin_nr._1775P_din_26.07.2019.pdf
26.07.2019;1775P;12516/2019;;Ordin_nr._1775P_din_26.07.2019.pdf
26.07.2019;1775P;56901/2018;;Ordin_nr._1775P_din_26.07.2019.pdf
26.07.2019;1775P;56676/2018;;Ordin_nr._1775P_din_26.07.2019.pdf
26.07.2019;1775P;11742/2019;Copii minori: 4;Ordin_nr._1775P_din_26.07.2019.pdf
26.07.2019;1775P;56898/2018;;Ordin_nr._1775P_din_26.07.2019.pdf
26.07.2019;1775P;12526/2019;;Ordin_nr._1775P_din_26.07.2019.pdf
26.07.2019;1775P;14213/2019;;Ordin_nr._1775P_din_26.07.2019.pdf
26.07.2019;1775P;12403/2019;Copii minori: 1;Ordin_nr._1775P_din_26.07.2019.pdf
26.07.2019;1775P;56722/2018;;Ordin_nr._1775P_din_26.07.2019.pdf
26.07.2019;1775P;56546/2018;;Ordin_nr._1775P_din_26.07.2019.pdf
26.07.2019;1775P;56943/2018;;Ordin_nr._1775P_din_26.07.2019.pdf
26.07.2019;1775P;56967/2018;;Ordin_nr._1775P_din_26.07.2019.pdf
26.07.2019;1775P;56556/2018;;Ordin_nr._1775P_din_26.07.2019.pdf
26.07.2019;1775P;14232/2019;;Ordin_nr._1775P_din_26.07.2019.pdf
26.07.2019;1775P;56620/2018;;Ordin_nr._1775P_din_26.07.2019.pdf
26.07.2019;1774P;55697/2018;;Ordin_nr._1774P_din_26.07.2019.pdf
26.07.2019;1774P;55857/2018;Copii minori: 2;Ordin_nr._1774P_din_26.07.2019.pdf
26.07.2019;1774P;55638/2018;;Ordin_nr._1774P_din_26.07.2019.pdf
26.07.2019;1774P;55629/2018;;Ordin_nr._1774P_din_26.07.2019.pdf
26.07.2019;1774P;55536/2018;;Ordin_nr._1774P_din_26.07.2019.pdf
26.07.2019;1774P;85942/2018;;Ordin_nr._1774P_din_26.07.2019.pdf
26.07.2019;1774P;87107/2018;;Ordin_nr._1774P_din_26.07.2019.pdf
26.07.2019;1774P;55868/2018;;Ordin_nr._1774P_din_26.07.2019.pdf
26.07.2019;1774P;55879/2018;;Ordin_nr._1774P_din_26.07.2019.pdf
26.07.2019;1774P;55407/2018;Copii minori: 1;Ordin_nr._1774P_din_26.07.2019.pdf
26.07.2019;1774P;55402/2018;;Ordin_nr._1774P_din_26.07.2019.pdf
26.07.2019;1774P;55451/2018;;Ordin_nr._1774P_din_26.07.2019.pdf
26.07.2019;1774P;88766/2018;Copii minori: 1;Ordin_nr._1774P_din_26.07.2019.pdf
26.07.2019;1774P;87112/2018;;Ordin_nr._1774P_din_26.07.2019.pdf
26.07.2019;1774P;88979/2018;;Ordin_nr._1774P_din_26.07.2019.pdf
26.07.2019;1774P;88946/2018;Copii minori: 1;Ordin_nr._1774P_din_26.07.2019.pdf
26.07.2019;1774P;88926/2018;;Ordin_nr._1774P_din_26.07.2019.pdf
26.07.2019;1774P;87101/2018;;Ordin_nr._1774P_din_26.07.2019.pdf
26.07.2019;1774P;88024/2018;;Ordin_nr._1774P_din_26.07.2019.pdf
26.07.2019;1774P;88032/2018;;Ordin_nr._1774P_din_26.07.2019.pdf
26.07.2019;1774P;55514/2018;;Ordin_nr._1774P_din_26.07.2019.pdf
26.07.2019;1774P;55517/2018;;Ordin_nr._1774P_din_26.07.2019.pdf
26.07.2019;1774P;55862/2018;;Ordin_nr._1774P_din_26.07.2019.pdf
26.07.2019;1774P;55481/2018;Copii minori: 3;Ordin_nr._1774P_din_26.07.2019.pdf
26.07.2019;1774P;55886/2018;Copii minori: 2;Ordin_nr._1774P_din_26.07.2019.pdf
26.07.2019;1774P;55347/2018;;Ordin_nr._1774P_din_26.07.2019.pdf
26.07.2019;1774P;55360/2018;Copii minori: 2;Ordin_nr._1774P_din_26.07.2019.pdf
26.07.2019;1774P;55356/2018;Copii minori: 2;Ordin_nr._1774P_din_26.07.2019.pdf
26.07.2019;1774P;55352/2018;Copii minori: 1;Ordin_nr._1774P_din_26.07.2019.pdf
26.07.2019;1774P;55332/2018;;Ordin_nr._1774P_din_26.07.2019.pdf
26.07.2019;1774P;83241/2018;;Ordin_nr._1774P_din_26.07.2019.pdf
26.07.2019;1774P;83235/2018;;Ordin_nr._1774P_din_26.07.2019.pdf
26.07.2019;1774P;55713/2018;;Ordin_nr._1774P_din_26.07.2019.pdf
26.07.2019;1774P;85759/2018;;Ordin_nr._1774P_din_26.07.2019.pdf
26.07.2019;1774P;55523/2018;;Ordin_nr._1774P_din_26.07.2019.pdf
26.07.2019;1774P;55859/2018;;Ordin_nr._1774P_din_26.07.2019.pdf
26.07.2019;1774P;55751/2018;Copii minori: 2;Ordin_nr._1774P_din_26.07.2019.pdf
26.07.2019;1774P;55692/2018;;Ordin_nr._1774P_din_26.07.2019.pdf
26.07.2019;1774P;55692/2018;Copii minori: 1;Ordin_nr._1774P_din_26.07.2019.pdf
26.07.2019;1774P;87126/2018;Copii minori: 2;Ordin_nr._1774P_din_26.07.2019.pdf
26.07.2019;1774P;87122/2018;;Ordin_nr._1774P_din_26.07.2019.pdf
26.07.2019;1774P;87116/2018;;Ordin_nr._1774P_din_26.07.2019.pdf
26.07.2019;1774P;87119/2018;;Ordin_nr._1774P_din_26.07.2019.pdf
26.07.2019;1774P;55395/2018;;Ordin_nr._1774P_din_26.07.2019.pdf
26.07.2019;1774P;55399/2018;;Ordin_nr._1774P_din_26.07.2019.pdf
26.07.2019;1774P;55393/2018;;Ordin_nr._1774P_din_26.07.2019.pdf
26.07.2019;1774P;55396/2018;;Ordin_nr._1774P_din_26.07.2019.pdf
26.07.2019;1774P;88173/2018;;Ordin_nr._1774P_din_26.07.2019.pdf
26.07.2019;1774P;86559/2018;Copii minori: 2;Ordin_nr._1774P_din_26.07.2019.pdf
26.07.2019;1774P;55856/2018;;Ordin_nr._1774P_din_26.07.2019.pdf
26.07.2019;1774P;55852/2018;;Ordin_nr._1774P_din_26.07.2019.pdf
26.07.2019;1774P;87127/2018;Copii minori: 1;Ordin_nr._1774P_din_26.07.2019.pdf
26.07.2019;1774P;55446/2018;;Ordin_nr._1774P_din_26.07.2019.pdf
26.07.2019;1774P;55717/2018;;Ordin_nr._1774P_din_26.07.2019.pdf
26.07.2019;1774P;55874/2018;;Ordin_nr._1774P_din_26.07.2019.pdf
26.07.2019;1774P;88976/2018;;Ordin_nr._1774P_din_26.07.2019.pdf
26.07.2019;1774P;88912/2018;;Ordin_nr._1774P_din_26.07.2019.pdf
26.07.2019;1774P;88973/2018;;Ordin_nr._1774P_din_26.07.2019.pdf
26.07.2019;1774P;55392/2018;Copii minori: 3;Ordin_nr._1774P_din_26.07.2019.pdf
26.07.2019;1774P;55426/2018;;Ordin_nr._1774P_din_26.07.2019.pdf
26.07.2019;1774P;83191/2018;Copii minori: 2;Ordin_nr._1774P_din_26.07.2019.pdf
26.07.2019;1774P;83207/2018;Copii minori: 1;Ordin_nr._1774P_din_26.07.2019.pdf
26.07.2019;1774P;83199/2018;;Ordin_nr._1774P_din_26.07.2019.pdf
26.07.2019;1774P;55367/2018;;Ordin_nr._1774P_din_26.07.2019.pdf
26.07.2019;1774P;55339/2018;;Ordin_nr._1774P_din_26.07.2019.pdf
26.07.2019;1774P;55370/2018;Copii minori: 1;Ordin_nr._1774P_din_26.07.2019.pdf
26.07.2019;1774P;83282/2018;;Ordin_nr._1774P_din_26.07.2019.pdf
26.07.2019;1774P;55337/2018;;Ordin_nr._1774P_din_26.07.2019.pdf
26.07.2019;1774P;55495/2018;;Ordin_nr._1774P_din_26.07.2019.pdf
26.07.2019;1773P;82953/2018;;Ordin_nr._1773P_din_26.07.2019.pdf
26.07.2019;1773P;82846/2018;;Ordin_nr._1773P_din_26.07.2019.pdf
26.07.2019;1773P;74086/2018;;Ordin_nr._1773P_din_26.07.2019.pdf
26.07.2019;1773P;82866/2018;;Ordin_nr._1773P_din_26.07.2019.pdf
26.07.2019;1773P;82853/2018;;Ordin_nr._1773P_din_26.07.2019.pdf
26.07.2019;1773P;74094/2018;;Ordin_nr._1773P_din_26.07.2019.pdf
26.07.2019;1773P;72057/2018;;Ordin_nr._1773P_din_26.07.2019.pdf
26.07.2019;1773P;82780/2018;Copii minori: 2;Ordin_nr._1773P_din_26.07.2019.pdf
26.07.2019;1773P;74143/2018;;Ordin_nr._1773P_din_26.07.2019.pdf
26.07.2019;1773P;82496/2018;Copii minori: 2;Ordin_nr._1773P_din_26.07.2019.pdf
26.07.2019;1773P;82471/2018;;Ordin_nr._1773P_din_26.07.2019.pdf
26.07.2019;1773P;82483/2018;Copii minori: 1;Ordin_nr._1773P_din_26.07.2019.pdf
26.07.2019;1773P;74136/2018;;Ordin_nr._1773P_din_26.07.2019.pdf
26.07.2019;1773P;72995/2018;;Ordin_nr._1773P_din_26.07.2019.pdf
26.07.2019;1773P;72992/2018;;Ordin_nr._1773P_din_26.07.2019.pdf
26.07.2019;1773P;72988/2018;;Ordin_nr._1773P_din_26.07.2019.pdf
26.07.2019;1773P;74300/2018;;Ordin_nr._1773P_din_26.07.2019.pdf
26.07.2019;1773P;71169/2018;;Ordin_nr._1773P_din_26.07.2019.pdf
26.07.2019;1773P;71152/2018;;Ordin_nr._1773P_din_26.07.2019.pdf
26.07.2019;1773P;71164/2018;;Ordin_nr._1773P_din_26.07.2019.pdf
26.07.2019;1773P;71157/2018;;Ordin_nr._1773P_din_26.07.2019.pdf
26.07.2019;1773P;71176/2018;Copii minori: 1;Ordin_nr._1773P_din_26.07.2019.pdf
26.07.2019;1773P;74335/2018;;Ordin_nr._1773P_din_26.07.2019.pdf
26.07.2019;1773P;82571/2018;;Ordin_nr._1773P_din_26.07.2019.pdf
26.07.2019;1773P;73574/2018;;Ordin_nr._1773P_din_26.07.2019.pdf
26.07.2019;1773P;70342/2018;Copii minori: 4;Ordin_nr._1773P_din_26.07.2019.pdf
26.07.2019;1773P;82945/2018;;Ordin_nr._1773P_din_26.07.2019.pdf
26.07.2019;1773P;82949/2018;;Ordin_nr._1773P_din_26.07.2019.pdf
26.07.2019;1773P;70353/2018;;Ordin_nr._1773P_din_26.07.2019.pdf
26.07.2019;1773P;82587/2018;;Ordin_nr._1773P_din_26.07.2019.pdf
26.07.2019;1773P;70475/2018;;Ordin_nr._1773P_din_26.07.2019.pdf
26.07.2019;1773P;82575/2018;;Ordin_nr._1773P_din_26.07.2019.pdf
26.07.2019;1773P;71860/2018;;Ordin_nr._1773P_din_26.07.2019.pdf
26.07.2019;1773P;72385/2018;;Ordin_nr._1773P_din_26.07.2019.pdf
26.07.2019;1773P;73567/2018;;Ordin_nr._1773P_din_26.07.2019.pdf
26.07.2019;1773P;82857/2018;;Ordin_nr._1773P_din_26.07.2019.pdf
26.07.2019;1773P;70340/2018;;Ordin_nr._1773P_din_26.07.2019.pdf
26.07.2019;1773P;70325/2018;;Ordin_nr._1773P_din_26.07.2019.pdf
26.07.2019;1773P;70333/2018;;Ordin_nr._1773P_din_26.07.2019.pdf
26.07.2019;1773P;82765/2018;;Ordin_nr._1773P_din_26.07.2019.pdf
26.07.2019;1773P;72049/2018;;Ordin_nr._1773P_din_26.07.2019.pdf
26.07.2019;1773P;72053/2018;;Ordin_nr._1773P_din_26.07.2019.pdf
26.07.2019;1773P;73603/2018;;Ordin_nr._1773P_din_26.07.2019.pdf
26.07.2019;1773P;82775/2018;;Ordin_nr._1773P_din_26.07.2019.pdf
26.07.2019;1773P;82775/2018;;Ordin_nr._1773P_din_26.07.2019.pdf
26.07.2019;1773P;82487/2018;;Ordin_nr._1773P_din_26.07.2019.pdf
26.07.2019;1773P;82756/2018;;Ordin_nr._1773P_din_26.07.2019.pdf
26.07.2019;1773P;82761/2018;;Ordin_nr._1773P_din_26.07.2019.pdf
26.07.2019;1773P;72340/2018;;Ordin_nr._1773P_din_26.07.2019.pdf
26.07.2019;1773P;72352/2018;;Ordin_nr._1773P_din_26.07.2019.pdf
26.07.2019;1773P;72348/2018;;Ordin_nr._1773P_din_26.07.2019.pdf
26.07.2019;1773P;82872/2018;Copii minori: 3;Ordin_nr._1773P_din_26.07.2019.pdf
26.07.2019;1773P;82959/2018;Copii minori: 2;Ordin_nr._1773P_din_26.07.2019.pdf
26.07.2019;1773P;70646/2018;;Ordin_nr._1773P_din_26.07.2019.pdf
26.07.2019;1773P;70641/2018;;Ordin_nr._1773P_din_26.07.2019.pdf
26.07.2019;1773P;82828/2018;;Ordin_nr._1773P_din_26.07.2019.pdf
26.07.2019;1773P;72578/2018;Copii minori: 2;Ordin_nr._1773P_din_26.07.2019.pdf
26.07.2019;1773P;82506/2018;;Ordin_nr._1773P_din_26.07.2019.pdf
26.07.2019;1773P;83232/2018;;Ordin_nr._1773P_din_26.07.2019.pdf
26.07.2019;1773P;82501/2018;Copii minori: 1;Ordin_nr._1773P_din_26.07.2019.pdf
26.07.2019;1773P;83177/2018;;Ordin_nr._1773P_din_26.07.2019.pdf
26.07.2019;1773P;82576/2018;;Ordin_nr._1773P_din_26.07.2019.pdf
26.07.2019;1773P;82792/2018;Copii minori: 3;Ordin_nr._1773P_din_26.07.2019.pdf
26.07.2019;1773P;82885/2018;;Ordin_nr._1773P_din_26.07.2019.pdf
26.07.2019;1773P;70930/2018;;Ordin_nr._1773P_din_26.07.2019.pdf
26.07.2019;1772P;92201/2018;Copii minori: 3;Ordin_nr._1772P_din_26.07.2019.pdf
26.07.2019;1772P;34594/2018;;Ordin_nr._1772P_din_26.07.2019.pdf
26.07.2019;1772P;34590/2018;;Ordin_nr._1772P_din_26.07.2019.pdf
26.07.2019;1772P;33840/2018;Copii minori: 1;Ordin_nr._1772P_din_26.07.2019.pdf
26.07.2019;1772P;33846/2018;;Ordin_nr._1772P_din_26.07.2019.pdf
26.07.2019;1772P;33840/2018;;Ordin_nr._1772P_din_26.07.2019.pdf
26.07.2019;1772P;91745/2018;Copii minori: 1;Ordin_nr._1772P_din_26.07.2019.pdf
26.07.2019;1772P;91745/2018;;Ordin_nr._1772P_din_26.07.2019.pdf
26.07.2019;1772P;92363/2018;;Ordin_nr._1772P_din_26.07.2019.pdf
26.07.2019;1772P;92244/2018;;Ordin_nr._1772P_din_26.07.2019.pdf
26.07.2019;1772P;92248/2018;;Ordin_nr._1772P_din_26.07.2019.pdf
26.07.2019;1772P;92244/2018;Copii minori: 1;Ordin_nr._1772P_din_26.07.2019.pdf
26.07.2019;1772P;92207/2018;;Ordin_nr._1772P_din_26.07.2019.pdf
26.07.2019;1772P;92345/2018;;Ordin_nr._1772P_din_26.07.2019.pdf
26.07.2019;1772P;35010/2018;;Ordin_nr._1772P_din_26.07.2019.pdf
26.07.2019;1772P;92534/2018;Copii minori: 1;Ordin_nr._1772P_din_26.07.2019.pdf
26.07.2019;1772P;92522/2018;;Ordin_nr._1772P_din_26.07.2019.pdf
26.07.2019;1772P;92145/2018;;Ordin_nr._1772P_din_26.07.2019.pdf
26.07.2019;1772P;33797/2018;;Ordin_nr._1772P_din_26.07.2019.pdf
26.07.2019;1772P;92548/2018;;Ordin_nr._1772P_din_26.07.2019.pdf
26.07.2019;1772P;91667/2018;;Ordin_nr._1772P_din_26.07.2019.pdf
26.07.2019;1772P;92157/2018;Copii minori: 3;Ordin_nr._1772P_din_26.07.2019.pdf
26.07.2019;1772P;33640/2018;;Ordin_nr._1772P_din_26.07.2019.pdf
26.07.2019;1772P;37665/2018;;Ordin_nr._1772P_din_26.07.2019.pdf
26.07.2019;1772P;92286/2018;Copii minori: 1;Ordin_nr._1772P_din_26.07.2019.pdf
26.07.2019;1772P;33485/2018;;Ordin_nr._1772P_din_26.07.2019.pdf
26.07.2019;1772P;91657/2018;;Ordin_nr._1772P_din_26.07.2019.pdf
26.07.2019;1772P;92129/2018;;Ordin_nr._1772P_din_26.07.2019.pdf
26.07.2019;1772P;91676/2018;;Ordin_nr._1772P_din_26.07.2019.pdf
26.07.2019;1772P;91809/2018;;Ordin_nr._1772P_din_26.07.2019.pdf
26.07.2019;1772P;92359/2018;;Ordin_nr._1772P_din_26.07.2019.pdf
26.07.2019;1772P;92122/2018;Copii minori: 2;Ordin_nr._1772P_din_26.07.2019.pdf
26.07.2019;1772P;92162/2018;Copii minori: 2;Ordin_nr._1772P_din_26.07.2019.pdf
26.07.2019;1772P;91750/2018;Copii minori: 3;Ordin_nr._1772P_din_26.07.2019.pdf
26.07.2019;1772P;92575/2018;;Ordin_nr._1772P_din_26.07.2019.pdf
26.07.2019;1772P;92333/2018;;Ordin_nr._1772P_din_26.07.2019.pdf
26.07.2019;1772P;33356/2018;;Ordin_nr._1772P_din_26.07.2019.pdf
26.07.2019;1772P;34218/2018;;Ordin_nr._1772P_din_26.07.2019.pdf
26.07.2019;1772P;34230/2018;Copii minori: 1;Ordin_nr._1772P_din_26.07.2019.pdf
26.07.2019;1772P;34218/2018;;Ordin_nr._1772P_din_26.07.2019.pdf
26.07.2019;1772P;34218/2018;;Ordin_nr._1772P_din_26.07.2019.pdf
26.07.2019;1772P;92515/2018;;Ordin_nr._1772P_din_26.07.2019.pdf
26.07.2019;1772P;34230/2018;;Ordin_nr._1772P_din_26.07.2019.pdf
26.07.2019;1772P;34230/2018;;Ordin_nr._1772P_din_26.07.2019.pdf
26.07.2019;1772P;92406/2018;;Ordin_nr._1772P_din_26.07.2019.pdf
26.07.2019;1772P;92399/2018;Copii minori: 3;Ordin_nr._1772P_din_26.07.2019.pdf
26.07.2019;1772P;92194/2018;Copii minori: 3;Ordin_nr._1772P_din_26.07.2019.pdf
26.07.2019;1772P;92175/2018;Copii minori: 3;Ordin_nr._1772P_din_26.07.2019.pdf
26.07.2019;1772P;92001/2018;Copii minori: 1;Ordin_nr._1772P_din_26.07.2019.pdf
26.07.2019;1772P;92183/2018;;Ordin_nr._1772P_din_26.07.2019.pdf
26.07.2019;1772P;92015/2018;;Ordin_nr._1772P_din_26.07.2019.pdf
26.07.2019;1772P;91722/2018;;Ordin_nr._1772P_din_26.07.2019.pdf
26.07.2019;1772P;91682/2018;;Ordin_nr._1772P_din_26.07.2019.pdf
26.07.2019;1772P;33831/2018;;Ordin_nr._1772P_din_26.07.2019.pdf
26.07.2019;1772P;91733/2018;;Ordin_nr._1772P_din_26.07.2019.pdf
26.07.2019;1772P;35367/2018;;Ordin_nr._1772P_din_26.07.2019.pdf
26.07.2019;1772P;35362/2018;Copii minori: 2;Ordin_nr._1772P_din_26.07.2019.pdf
26.07.2019;1772P;33826/2018;;Ordin_nr._1772P_din_26.07.2019.pdf
26.07.2019;1772P;92107/2018;;Ordin_nr._1772P_din_26.07.2019.pdf
26.07.2019;1772P;92580/2018;;Ordin_nr._1772P_din_26.07.2019.pdf
26.07.2019;1772P;92137/2018;;Ordin_nr._1772P_din_26.07.2019.pdf
26.07.2019;1772P;92552/2018;;Ordin_nr._1772P_din_26.07.2019.pdf
26.07.2019;1772P;35071/2018;Copii minori: 5;Ordin_nr._1772P_din_26.07.2019.pdf
26.07.2019;1772P;92558/2018;;Ordin_nr._1772P_din_26.07.2019.pdf
26.07.2019;1772P;33807/2018;Copii minori: 2;Ordin_nr._1772P_din_26.07.2019.pdf
26.07.2019;1772P;33787/2018;;Ordin_nr._1772P_din_26.07.2019.pdf
26.07.2019;1772P;37658/2018;;Ordin_nr._1772P_din_26.07.2019.pdf
26.07.2019;1772P;92186/2018;;Ordin_nr._1772P_din_26.07.2019.pdf
26.07.2019;1772P;92324/2018;;Ordin_nr._1772P_din_26.07.2019.pdf
26.07.2019;1772P;92320/2018;;Ordin_nr._1772P_din_26.07.2019.pdf
26.07.2019;1772P;92310/2018;;Ordin_nr._1772P_din_26.07.2019.pdf
26.07.2019;1772P;91699/2018;Copii minori: 2;Ordin_nr._1772P_din_26.07.2019.pdf
26.07.2019;1772P;35812/2018;;Ordin_nr._1772P_din_26.07.2019.pdf
26.07.2019;1772P;92540/2018;;Ordin_nr._1772P_din_26.07.2019.pdf
26.07.2019;1772P;92339/2018;;Ordin_nr._1772P_din_26.07.2019.pdf
26.07.2019;1772P;91711/2018;Copii minori: 2;Ordin_nr._1772P_din_26.07.2019.pdf
26.07.2019;1772P;35063/2018;;Ordin_nr._1772P_din_26.07.2019.pdf
26.07.2019;1771P;28051/2019;;Ordin_nr._1771P_din_26.07.2019.pdf
26.07.2019;1771P;3653/2019;;Ordin_nr._1771P_din_26.07.2019.pdf
26.07.2019;1771P;3664/2019;Copii minori: 1;Ordin_nr._1771P_din_26.07.2019.pdf
26.07.2019;1771P;22073/2019;;Ordin_nr._1771P_din_26.07.2019.pdf
26.07.2019;1771P;3690/2019;;Ordin_nr._1771P_din_26.07.2019.pdf
26.07.2019;1771P;22068/2019;;Ordin_nr._1771P_din_26.07.2019.pdf
26.07.2019;1771P;5312/2019;;Ordin_nr._1771P_din_26.07.2019.pdf
26.07.2019;1771P;5352/2019;;Ordin_nr._1771P_din_26.07.2019.pdf
26.07.2019;1771P;5339/2019;;Ordin_nr._1771P_din_26.07.2019.pdf
26.07.2019;1771P;5361/2019;;Ordin_nr._1771P_din_26.07.2019.pdf
26.07.2019;1771P;3652/2019;;Ordin_nr._1771P_din_26.07.2019.pdf
26.07.2019;1771P;99458/2018;;Ordin_nr._1771P_din_26.07.2019.pdf
26.07.2019;1771P;5355/2019;;Ordin_nr._1771P_din_26.07.2019.pdf
26.07.2019;1771P;5304/2019;;Ordin_nr._1771P_din_26.07.2019.pdf
26.07.2019;1771P;3660/2019;Copii minori: 2;Ordin_nr._1771P_din_26.07.2019.pdf
26.07.2019;1771P;26891/2019;;Ordin_nr._1771P_din_26.07.2019.pdf
26.07.2019;1771P;26882/2019;;Ordin_nr._1771P_din_26.07.2019.pdf
26.07.2019;1771P;22052/2019;Copii minori: 3;Ordin_nr._1771P_din_26.07.2019.pdf
26.07.2019;1771P;22018/2019;;Ordin_nr._1771P_din_26.07.2019.pdf
26.07.2019;1771P;3182/2019;;Ordin_nr._1771P_din_26.07.2019.pdf
26.07.2019;1771P;22051/2019;;Ordin_nr._1771P_din_26.07.2019.pdf
26.07.2019;1771P;22064/2019;;Ordin_nr._1771P_din_26.07.2019.pdf
26.07.2019;1771P;3963/2019;Copii minori: 3;Ordin_nr._1771P_din_26.07.2019.pdf
26.07.2019;1771P;3954/2019;;Ordin_nr._1771P_din_26.07.2019.pdf
26.07.2019;1771P;26960/2019;Copii minori: 2;Ordin_nr._1771P_din_26.07.2019.pdf
26.07.2019;1771P;22081/2019;;Ordin_nr._1771P_din_26.07.2019.pdf
26.07.2019;1771P;3181/2019;;Ordin_nr._1771P_din_26.07.2019.pdf
26.07.2019;1771P;3646/2019;Copii minori: 1;Ordin_nr._1771P_din_26.07.2019.pdf
26.07.2019;1771P;27012/2019;;Ordin_nr._1771P_din_26.07.2019.pdf
26.07.2019;1771P;3699/2019;;Ordin_nr._1771P_din_26.07.2019.pdf
26.07.2019;1771P;22010/2019;;Ordin_nr._1771P_din_26.07.2019.pdf
26.07.2019;1771P;22033/2019;;Ordin_nr._1771P_din_26.07.2019.pdf
26.07.2019;1771P;3658/2019;;Ordin_nr._1771P_din_26.07.2019.pdf
26.07.2019;1771P;5332/2019;;Ordin_nr._1771P_din_26.07.2019.pdf
26.07.2019;1771P;5345/2019;;Ordin_nr._1771P_din_26.07.2019.pdf
26.07.2019;1771P;3580/2019;Copii minori: 1;Ordin_nr._1771P_din_26.07.2019.pdf
26.07.2019;1771P;3595/2019;;Ordin_nr._1771P_din_26.07.2019.pdf
26.07.2019;1771P;3576/2019;;Ordin_nr._1771P_din_26.07.2019.pdf
26.07.2019;1771P;3591/2019;;Ordin_nr._1771P_din_26.07.2019.pdf
26.07.2019;1771P;5300/2019;;Ordin_nr._1771P_din_26.07.2019.pdf
26.07.2019;1771P;5319/2019;;Ordin_nr._1771P_din_26.07.2019.pdf
26.07.2019;1771P;22020/2019;;Ordin_nr._1771P_din_26.07.2019.pdf
26.07.2019;1771P;22021/2019;;Ordin_nr._1771P_din_26.07.2019.pdf
26.07.2019;1771P;28217/2019;Copii minori: 2;Ordin_nr._1771P_din_26.07.2019.pdf
26.07.2019;1771P;95403/2018;;Ordin_nr._1771P_din_26.07.2019.pdf
26.07.2019;1771P;22054/2019;;Ordin_nr._1771P_din_26.07.2019.pdf
26.07.2019;1771P;28560/2019;Copii minori: 2;Ordin_nr._1771P_din_26.07.2019.pdf
26.07.2019;1771P;28571/2019;Copii minori: 1;Ordin_nr._1771P_din_26.07.2019.pdf
26.07.2019;1771P;22017/2019;;Ordin_nr._1771P_din_26.07.2019.pdf
26.07.2019;1771P;22031/2019;Copii minori: 2;Ordin_nr._1771P_din_26.07.2019.pdf
26.07.2019;1771P;25384/2019;;Ordin_nr._1771P_din_26.07.2019.pdf
26.07.2019;1771P;25879/2019;Copii minori: 1;Ordin_nr._1771P_din_26.07.2019.pdf
26.07.2019;1771P;25374/2019;;Ordin_nr._1771P_din_26.07.2019.pdf
26.07.2019;1771P;25406/2019;;Ordin_nr._1771P_din_26.07.2019.pdf
26.07.2019;1771P;22011/2019;;Ordin_nr._1771P_din_26.07.2019.pdf
26.07.2019;1771P;4540/2019;;Ordin_nr._1771P_din_26.07.2019.pdf
26.07.2019;1771P;4534/2019;;Ordin_nr._1771P_din_26.07.2019.pdf
26.07.2019;1771P;4538/2019;;Ordin_nr._1771P_din_26.07.2019.pdf
26.07.2019;1771P;28497/2019;;Ordin_nr._1771P_din_26.07.2019.pdf
26.07.2019;1771P;22015/2019;;Ordin_nr._1771P_din_26.07.2019.pdf
26.07.2019;1771P;93940/2018;;Ordin_nr._1771P_din_26.07.2019.pdf
26.07.2019;1771P;28468/2019;;Ordin_nr._1771P_din_26.07.2019.pdf
26.07.2019;1771P;3892/2019;;Ordin_nr._1771P_din_26.07.2019.pdf
26.07.2019;1771P;28067/2019;;Ordin_nr._1771P_din_26.07.2019.pdf
23.07.2019;1770P;10866/2019;;Ordin_nr._1770_P_23.07.2019_art._10.pdf
23.07.2019;1770P;10876/2019;;Ordin_nr._1770_P_23.07.2019_art._10.pdf
23.07.2019;1770P;9180/2019;;Ordin_nr._1770_P_23.07.2019_art._10.pdf
23.07.2019;1770P;9191/2019;;Ordin_nr._1770_P_23.07.2019_art._10.pdf
23.07.2019;1770P;10526/2019;Copii minori: 2;Ordin_nr._1770_P_23.07.2019_art._10.pdf
23.07.2019;1770P;10186/2019;;Ordin_nr._1770_P_23.07.2019_art._10.pdf
23.07.2019;1770P;10882/2019;;Ordin_nr._1770_P_23.07.2019_art._10.pdf
23.07.2019;1770P;10913/2019;;Ordin_nr._1770_P_23.07.2019_art._10.pdf
23.07.2019;1770P;9192/2019;;Ordin_nr._1770_P_23.07.2019_art._10.pdf
23.07.2019;1770P;9199/2019;;Ordin_nr._1770_P_23.07.2019_art._10.pdf
23.07.2019;1770P;9833/2019;;Ordin_nr._1770_P_23.07.2019_art._10.pdf
23.07.2019;1770P;10860/2019;;Ordin_nr._1770_P_23.07.2019_art._10.pdf
23.07.2019;1770P;9188/2019;;Ordin_nr._1770_P_23.07.2019_art._10.pdf
23.07.2019;1770P;9184/2019;Copii minori: 2;Ordin_nr._1770_P_23.07.2019_art._10.pdf
23.07.2019;1770P;10461/2019;;Ordin_nr._1770_P_23.07.2019_art._10.pdf
23.07.2019;1770P;10519/2019;;Ordin_nr._1770_P_23.07.2019_art._10.pdf
23.07.2019;1770P;10511/2019;;Ordin_nr._1770_P_23.07.2019_art._10.pdf
23.07.2019;1770P;10508/2019;;Ordin_nr._1770_P_23.07.2019_art._10.pdf
23.07.2019;1770P;10491/2019;;Ordin_nr._1770_P_23.07.2019_art._10.pdf
23.07.2019;1770P;10539/2019;;Ordin_nr._1770_P_23.07.2019_art._10.pdf
23.07.2019;1770P;10536/2019;;Ordin_nr._1770_P_23.07.2019_art._10.pdf
23.07.2019;1770P;10536/2019;;Ordin_nr._1770_P_23.07.2019_art._10.pdf
23.07.2019;1770P;9196/2019;;Ordin_nr._1770_P_23.07.2019_art._10.pdf
23.07.2019;1770P;9187/2019;Copii minori: 2;Ordin_nr._1770_P_23.07.2019_art._10.pdf
23.07.2019;1770P;9181/2019;;Ordin_nr._1770_P_23.07.2019_art._10.pdf
23.07.2019;1770P;9194/2019;Copii minori: 2;Ordin_nr._1770_P_23.07.2019_art._10.pdf
23.07.2019;1770P;9189/2019;;Ordin_nr._1770_P_23.07.2019_art._10.pdf
23.07.2019;1770P;10854/2019;;Ordin_nr._1770_P_23.07.2019_art._10.pdf
23.07.2019;1770P;10923/2019;;Ordin_nr._1770_P_23.07.2019_art._10.pdf
23.07.2019;1770P;9185/2019;Copii minori: 2;Ordin_nr._1770_P_23.07.2019_art._10.pdf
23.07.2019;1770P;9179/2019;;Ordin_nr._1770_P_23.07.2019_art._10.pdf
23.07.2019;1770P;9197/2019;Copii minori: 1;Ordin_nr._1770_P_23.07.2019_art._10.pdf
23.07.2019;1770P;9193/2019;Copii minori: 1;Ordin_nr._1770_P_23.07.2019_art._10.pdf
23.07.2019;1770P;9195/2019;;Ordin_nr._1770_P_23.07.2019_art._10.pdf
23.07.2019;1770P;10906/2019;;Ordin_nr._1770_P_23.07.2019_art._10.pdf
23.07.2019;1770P;9182/2019;;Ordin_nr._1770_P_23.07.2019_art._10.pdf
23.07.2019;1766P;55262/2018;;Ordin_nr._1766P_din_23_07_2019.pdf
23.07.2019;1766P;55322/2018;;Ordin_nr._1766P_din_23_07_2019.pdf
23.07.2019;1766P;55305/2018;Copii minori: 1;Ordin_nr._1766P_din_23_07_2019.pdf
23.07.2019;1766P;94092/2018;;Ordin_nr._1766P_din_23_07_2019.pdf
23.07.2019;1766P;94036/2018;Copii minori: 3;Ordin_nr._1766P_din_23_07_2019.pdf
23.07.2019;1766P;55238/2018;;Ordin_nr._1766P_din_23_07_2019.pdf
23.07.2019;1766P;55210/2018;;Ordin_nr._1766P_din_23_07_2019.pdf
23.07.2019;1766P;55225/2018;Copii minori: 1;Ordin_nr._1766P_din_23_07_2019.pdf
23.07.2019;1766P;93425/2018;;Ordin_nr._1766P_din_23_07_2019.pdf
23.07.2019;1766P;93753/2018;;Ordin_nr._1766P_din_23_07_2019.pdf
23.07.2019;1766P;93949/2018;;Ordin_nr._1766P_din_23_07_2019.pdf
23.07.2019;1766P;55199/2018;;Ordin_nr._1766P_din_23_07_2019.pdf
23.07.2019;1766P;55184/2018;Copii minori: 2;Ordin_nr._1766P_din_23_07_2019.pdf
23.07.2019;1766P;55250/2018;Copii minori: 3;Ordin_nr._1766P_din_23_07_2019.pdf
23.07.2019;1766P;55255/2018;;Ordin_nr._1766P_din_23_07_2019.pdf
23.07.2019;1766P;93452/2018;;Ordin_nr._1766P_din_23_07_2019.pdf
23.07.2019;1766P;55293/2018;;Ordin_nr._1766P_din_23_07_2019.pdf
23.07.2019;1766P;93512/2018;Copii minori: 2;Ordin_nr._1766P_din_23_07_2019.pdf
23.07.2019;1766P;94214/2018;;Ordin_nr._1766P_din_23_07_2019.pdf
23.07.2019;1766P;94000/2018;;Ordin_nr._1766P_din_23_07_2019.pdf
23.07.2019;1766P;93726/2018;;Ordin_nr._1766P_din_23_07_2019.pdf
23.07.2019;1766P;93763/2018;;Ordin_nr._1766P_din_23_07_2019.pdf
23.07.2019;1766P;93771/2018;;Ordin_nr._1766P_din_23_07_2019.pdf
23.07.2019;1766P;93767/2018;;Ordin_nr._1766P_din_23_07_2019.pdf
23.07.2019;1766P;94068/2018;;Ordin_nr._1766P_din_23_07_2019.pdf
23.07.2019;1766P;93701/2018;Copii minori: 3;Ordin_nr._1766P_din_23_07_2019.pdf
23.07.2019;1766P;93996/2018;;Ordin_nr._1766P_din_23_07_2019.pdf
23.07.2019;1766P;94101/2018;Copii minori: 1;Ordin_nr._1766P_din_23_07_2019.pdf
23.07.2019;1766P;93433/2018;;Ordin_nr._1766P_din_23_07_2019.pdf
23.07.2019;1766P;94019/2018;Copii minori: 3;Ordin_nr._1766P_din_23_07_2019.pdf
23.07.2019;1766P;93422/2018;;Ordin_nr._1766P_din_23_07_2019.pdf
23.07.2019;1766P;55330/2018;;Ordin_nr._1766P_din_23_07_2019.pdf
23.07.2019;1766P;55293/2018;Copii minori: 1;Ordin_nr._1766P_din_23_07_2019.pdf
23.07.2019;1766P;55281/2018;;Ordin_nr._1766P_din_23_07_2019.pdf
23.07.2019;1766P;55281/2018;Copii minori: 2;Ordin_nr._1766P_din_23_07_2019.pdf
23.07.2019;1766P;94199/2018;;Ordin_nr._1766P_din_23_07_2019.pdf
23.07.2019;1766P;93741/2018;;Ordin_nr._1766P_din_23_07_2019.pdf
23.07.2019;1766P;55313/2018;Copii minori: 2;Ordin_nr._1766P_din_23_07_2019.pdf
23.07.2019;1766P;93490/2018;Copii minori: 3;Ordin_nr._1766P_din_23_07_2019.pdf
23.07.2019;1766P;55296/2018;;Ordin_nr._1766P_din_23_07_2019.pdf
23.07.2019;1766P;55284/2018;;Ordin_nr._1766P_din_23_07_2019.pdf
23.07.2019;1766P;93750/2018;;Ordin_nr._1766P_din_23_07_2019.pdf
23.07.2019;1766P;93687/2018;Copii minori: 1;Ordin_nr._1766P_din_23_07_2019.pdf
23.07.2019;1766P;93706/2018;;Ordin_nr._1766P_din_23_07_2019.pdf
23.07.2019;1766P;94120/2018;;Ordin_nr._1766P_din_23_07_2019.pdf
23.07.2019;1766P;94114/2018;Copii minori: 2;Ordin_nr._1766P_din_23_07_2019.pdf
23.07.2019;1766P;55269/2018;;Ordin_nr._1766P_din_23_07_2019.pdf
23.07.2019;1766P;93442/2018;;Ordin_nr._1766P_din_23_07_2019.pdf
23.07.2019;1766P;93416/2018;;Ordin_nr._1766P_din_23_07_2019.pdf
23.07.2019;1766P;93405/2018;;Ordin_nr._1766P_din_23_07_2019.pdf
23.07.2019;1766P;93500/2018;Copii minori: 3;Ordin_nr._1766P_din_23_07_2019.pdf
23.07.2019;1766P;93439/2018;;Ordin_nr._1766P_din_23_07_2019.pdf
23.07.2019;1766P;93483/2018;;Ordin_nr._1766P_din_23_07_2019.pdf
23.07.2019;1766P;94202/2018;;Ordin_nr._1766P_din_23_07_2019.pdf
23.07.2019;1766P;94207/2018;;Ordin_nr._1766P_din_23_07_2019.pdf
23.07.2019;1766P;94003/2018;;Ordin_nr._1766P_din_23_07_2019.pdf
23.07.2019;1766P;93737/2018;;Ordin_nr._1766P_din_23_07_2019.pdf
23.07.2019;1766P;93730/2018;;Ordin_nr._1766P_din_23_07_2019.pdf
23.07.2019;1766P;94121/2018;;Ordin_nr._1766P_din_23_07_2019.pdf
23.07.2019;1766P;93718/2018;;Ordin_nr._1766P_din_23_07_2019.pdf
23.07.2019;1766P;93718/2018;;Ordin_nr._1766P_din_23_07_2019.pdf
23.07.2019;1766P;93932/2018;;Ordin_nr._1766P_din_23_07_2019.pdf
23.07.2019;1766P;93399/2018;;Ordin_nr._1766P_din_23_07_2019.pdf
23.07.2019;1766P;55234/2018;;Ordin_nr._1766P_din_23_07_2019.pdf
23.07.2019;1766P;55192/2018;Copii minori: 3;Ordin_nr._1766P_din_23_07_2019.pdf
23.07.2019;1766P;55170/2018;;Ordin_nr._1766P_din_23_07_2019.pdf
23.07.2019;1766P;93484/2018;;Ordin_nr._1766P_din_23_07_2019.pdf
23.07.2019;1766P;94106/2018;;Ordin_nr._1766P_din_23_07_2019.pdf
23.07.2019;1766P;94081/2018;Copii minori: 1;Ordin_nr._1766P_din_23_07_2019.pdf
23.07.2019;1766P;94042/2018;;Ordin_nr._1766P_din_23_07_2019.pdf
23.07.2019;1766P;93623/2018;;Ordin_nr._1766P_din_23_07_2019.pdf
23.07.2019;1766P;93413/2018;;Ordin_nr._1766P_din_23_07_2019.pdf
23.07.2019;1765P;19967/2019;;Ordin_nr._1765P_din_23.07.2019.pdf
23.07.2019;1765P;19973/2019;;Ordin_nr._1765P_din_23.07.2019.pdf
23.07.2019;1765P;18964/2019;;Ordin_nr._1765P_din_23.07.2019.pdf
23.07.2019;1765P;2043/2019;;Ordin_nr._1765P_din_23.07.2019.pdf
23.07.2019;1765P;24805/2019;;Ordin_nr._1765P_din_23.07.2019.pdf
23.07.2019;1765P;21731/2019;;Ordin_nr._1765P_din_23.07.2019.pdf
23.07.2019;1765P;21738/2019;;Ordin_nr._1765P_din_23.07.2019.pdf
23.07.2019;1765P;21741/2019;;Ordin_nr._1765P_din_23.07.2019.pdf
23.07.2019;1765P;1391/2019;;Ordin_nr._1765P_din_23.07.2019.pdf
23.07.2019;1765P;1389/2019;;Ordin_nr._1765P_din_23.07.2019.pdf
23.07.2019;1765P;18959/2019;;Ordin_nr._1765P_din_23.07.2019.pdf
23.07.2019;1765P;585/2019;;Ordin_nr._1765P_din_23.07.2019.pdf
23.07.2019;1765P;20373/2019;;Ordin_nr._1765P_din_23.07.2019.pdf
23.07.2019;1765P;20388/2019;Copii minori: 2;Ordin_nr._1765P_din_23.07.2019.pdf
23.07.2019;1765P;20380/2019;Copii minori: 1;Ordin_nr._1765P_din_23.07.2019.pdf
23.07.2019;1765P;20394/2019;Copii minori: 1;Ordin_nr._1765P_din_23.07.2019.pdf
23.07.2019;1765P;694/2019;;Ordin_nr._1765P_din_23.07.2019.pdf
23.07.2019;1765P;2095/2019;;Ordin_nr._1765P_din_23.07.2019.pdf
23.07.2019;1765P;2041/2019;;Ordin_nr._1765P_din_23.07.2019.pdf
23.07.2019;1765P;18924/2019;Copii minori: 1;Ordin_nr._1765P_din_23.07.2019.pdf
23.07.2019;1765P;24882/2019;;Ordin_nr._1765P_din_23.07.2019.pdf
23.07.2019;1765P;24886/2019;;Ordin_nr._1765P_din_23.07.2019.pdf
23.07.2019;1765P;19910/2019;;Ordin_nr._1765P_din_23.07.2019.pdf
23.07.2019;1765P;18928/2019;;Ordin_nr._1765P_din_23.07.2019.pdf
23.07.2019;1765P;21565/2019;Copii minori: 1;Ordin_nr._1765P_din_23.07.2019.pdf
23.07.2019;1765P;19117/2019;;Ordin_nr._1765P_din_23.07.2019.pdf
23.07.2019;1765P;2010/2019;;Ordin_nr._1765P_din_23.07.2019.pdf
23.07.2019;1765P;18947/2019;;Ordin_nr._1765P_din_23.07.2019.pdf
23.07.2019;1765P;603/2019;;Ordin_nr._1765P_din_23.07.2019.pdf
23.07.2019;1765P;2078/2019;Copii minori: 3;Ordin_nr._1765P_din_23.07.2019.pdf
23.07.2019;1765P;2050/2019;;Ordin_nr._1765P_din_23.07.2019.pdf
23.07.2019;1765P;2096/2019;;Ordin_nr._1765P_din_23.07.2019.pdf
23.07.2019;1765P;2053/2019;;Ordin_nr._1765P_din_23.07.2019.pdf
23.07.2019;1765P;1848/2019;;Ordin_nr._1765P_din_23.07.2019.pdf
23.07.2019;1765P;1469/2019;;Ordin_nr._1765P_din_23.07.2019.pdf
23.07.2019;1765P;20635/2019;;Ordin_nr._1765P_din_23.07.2019.pdf
23.07.2019;1765P;205/2019;;Ordin_nr._1765P_din_23.07.2019.pdf
23.07.2019;1765P;685/2019;;Ordin_nr._1765P_din_23.07.2019.pdf
23.07.2019;1765P;19733/2019;;Ordin_nr._1765P_din_23.07.2019.pdf
23.07.2019;1765P;19730/2019;;Ordin_nr._1765P_din_23.07.2019.pdf
23.07.2019;1765P;19728/2019;;Ordin_nr._1765P_din_23.07.2019.pdf
23.07.2019;1765P;2093/2019;;Ordin_nr._1765P_din_23.07.2019.pdf
23.07.2019;1765P;2100/2019;;Ordin_nr._1765P_din_23.07.2019.pdf
23.07.2019;1765P;2059/2019;;Ordin_nr._1765P_din_23.07.2019.pdf
23.07.2019;1765P;1/2019;;Ordin_nr._1765P_din_23.07.2019.pdf
23.07.2019;1765P;2083/2019;;Ordin_nr._1765P_din_23.07.2019.pdf
23.07.2019;1765P;2094/2019;;Ordin_nr._1765P_din_23.07.2019.pdf
23.07.2019;1765P;2081/2019;;Ordin_nr._1765P_din_23.07.2019.pdf
23.07.2019;1765P;18931/2019;;Ordin_nr._1765P_din_23.07.2019.pdf
23.07.2019;1765P;18855/2019;;Ordin_nr._1765P_din_23.07.2019.pdf
23.07.2019;1765P;18890/2019;Copii minori: 2;Ordin_nr._1765P_din_23.07.2019.pdf
23.07.2019;1765P;2021/2019;;Ordin_nr._1765P_din_23.07.2019.pdf
23.07.2019;1765P;2031/2019;;Ordin_nr._1765P_din_23.07.2019.pdf
23.07.2019;1765P;2037/2019;;Ordin_nr._1765P_din_23.07.2019.pdf
23.07.2019;1765P;2110/2019;;Ordin_nr._1765P_din_23.07.2019.pdf
23.07.2019;1765P;2116/2019;;Ordin_nr._1765P_din_23.07.2019.pdf
23.07.2019;1765P;21367/2019;;Ordin_nr._1765P_din_23.07.2019.pdf
23.07.2019;1765P;165/2019;;Ordin_nr._1765P_din_23.07.2019.pdf
23.07.2019;1765P;21206/2019;;Ordin_nr._1765P_din_23.07.2019.pdf
23.07.2019;1765P;18910/2019;;Ordin_nr._1765P_din_23.07.2019.pdf
23.07.2019;1765P;24908/2019;;Ordin_nr._1765P_din_23.07.2019.pdf
23.07.2019;1765P;21565/2019;;Ordin_nr._1765P_din_23.07.2019.pdf
23.07.2019;1765P;1873/2019;Copii minori: 2;Ordin_nr._1765P_din_23.07.2019.pdf
23.07.2019;1765P;19962/2019;;Ordin_nr._1765P_din_23.07.2019.pdf
23.07.2019;1765P;1890/2019;;Ordin_nr._1765P_din_23.07.2019.pdf
23.07.2019;1765P;18886/2019;;Ordin_nr._1765P_din_23.07.2019.pdf
23.07.2019;1765P;18883/2019;;Ordin_nr._1765P_din_23.07.2019.pdf
23.07.2019;1765P;18957/2019;;Ordin_nr._1765P_din_23.07.2019.pdf
23.07.2019;1765P;18954/2019;;Ordin_nr._1765P_din_23.07.2019.pdf
23.07.2019;1763P;99140/2018;Copii minori: 1;Ordin_nr._1763P_din_23.07.2019.pdf
23.07.2019;1763P;51988/2018;;Ordin_nr._1763P_din_23.07.2019.pdf
23.07.2019;1763P;96611/2018;;Ordin_nr._1763P_din_23.07.2019.pdf
23.07.2019;1763P;96606/2018;Copii minori: 2;Ordin_nr._1763P_din_23.07.2019.pdf
23.07.2019;1763P;96026/2018;;Ordin_nr._1763P_din_23.07.2019.pdf
23.07.2019;1763P;96554/2018;;Ordin_nr._1763P_din_23.07.2019.pdf
23.07.2019;1763P;96549/2018;;Ordin_nr._1763P_din_23.07.2019.pdf
23.07.2019;1763P;96556/2018;;Ordin_nr._1763P_din_23.07.2019.pdf
23.07.2019;1763P;98818/2018;;Ordin_nr._1763P_din_23.07.2019.pdf
23.07.2019;1763P;96500/2018;Copii minori: 2;Ordin_nr._1763P_din_23.07.2019.pdf
23.07.2019;1763P;94803/2018;;Ordin_nr._1763P_din_23.07.2019.pdf
23.07.2019;1763P;95396/2018;;Ordin_nr._1763P_din_23.07.2019.pdf
23.07.2019;1763P;94221/2018;Copii minori: 3;Ordin_nr._1763P_din_23.07.2019.pdf
23.07.2019;1763P;98922/2018;;Ordin_nr._1763P_din_23.07.2019.pdf
23.07.2019;1763P;52316/2018;;Ordin_nr._1763P_din_23.07.2019.pdf
23.07.2019;1763P;52309/2018;;Ordin_nr._1763P_din_23.07.2019.pdf
23.07.2019;1763P;52313/2018;;Ordin_nr._1763P_din_23.07.2019.pdf
23.07.2019;1763P;94662/2018;;Ordin_nr._1763P_din_23.07.2019.pdf
23.07.2019;1763P;97433/2018;;Ordin_nr._1763P_din_23.07.2019.pdf
23.07.2019;1763P;96564/2018;;Ordin_nr._1763P_din_23.07.2019.pdf
23.07.2019;1763P;95571/2018;;Ordin_nr._1763P_din_23.07.2019.pdf
23.07.2019;1763P;95573/2018;;Ordin_nr._1763P_din_23.07.2019.pdf
23.07.2019;1763P;97416/2018;;Ordin_nr._1763P_din_23.07.2019.pdf
23.07.2019;1763P;94389/2018;;Ordin_nr._1763P_din_23.07.2019.pdf
23.07.2019;1763P;95194/2018;;Ordin_nr._1763P_din_23.07.2019.pdf
23.07.2019;1763P;52695/2018;;Ordin_nr._1763P_din_23.07.2019.pdf
23.07.2019;1763P;52701/2018;;Ordin_nr._1763P_din_23.07.2019.pdf
23.07.2019;1763P;96578/2018;;Ordin_nr._1763P_din_23.07.2019.pdf
23.07.2019;1763P;96572/2018;;Ordin_nr._1763P_din_23.07.2019.pdf
23.07.2019;1763P;97833/2018;;Ordin_nr._1763P_din_23.07.2019.pdf
23.07.2019;1763P;96566/2018;;Ordin_nr._1763P_din_23.07.2019.pdf
23.07.2019;1763P;96560/2018;;Ordin_nr._1763P_din_23.07.2019.pdf
23.07.2019;1763P;96590/2018;;Ordin_nr._1763P_din_23.07.2019.pdf
23.07.2019;1763P;96601/2018;Copii minori: 1;Ordin_nr._1763P_din_23.07.2019.pdf
23.07.2019;1763P;96595/2018;;Ordin_nr._1763P_din_23.07.2019.pdf
23.07.2019;1763P;94392/2018;;Ordin_nr._1763P_din_23.07.2019.pdf
23.07.2019;1763P;96003/2018;;Ordin_nr._1763P_din_23.07.2019.pdf
23.07.2019;1763P;96013/2018;;Ordin_nr._1763P_din_23.07.2019.pdf
23.07.2019;1763P;97280/2018;Copii minori: 1;Ordin_nr._1763P_din_23.07.2019.pdf
23.07.2019;1763P;95413/2018;;Ordin_nr._1763P_din_23.07.2019.pdf
23.07.2019;1763P;95415/2018;;Ordin_nr._1763P_din_23.07.2019.pdf
23.07.2019;1763P;95411/2018;;Ordin_nr._1763P_din_23.07.2019.pdf
23.07.2019;1763P;97529/2018;;Ordin_nr._1763P_din_23.07.2019.pdf
23.07.2019;1763P;94401/2018;;Ordin_nr._1763P_din_23.07.2019.pdf
23.07.2019;1763P;96585/2018;;Ordin_nr._1763P_din_23.07.2019.pdf
23.07.2019;1763P;95798/2018;;Ordin_nr._1763P_din_23.07.2019.pdf
23.07.2019;1763P;95802/2018;;Ordin_nr._1763P_din_23.07.2019.pdf
23.07.2019;1763P;94819/2018;;Ordin_nr._1763P_din_23.07.2019.pdf
23.07.2019;1763P;95182/2018;Copii minori: 2;Ordin_nr._1763P_din_23.07.2019.pdf
23.07.2019;1763P;95186/2018;;Ordin_nr._1763P_din_23.07.2019.pdf
23.07.2019;1763P;95186/2018;;Ordin_nr._1763P_din_23.07.2019.pdf
23.07.2019;1763P;95989/2018;Copii minori: 1;Ordin_nr._1763P_din_23.07.2019.pdf
23.07.2019;1763P;97424/2018;;Ordin_nr._1763P_din_23.07.2019.pdf
23.07.2019;1763P;97418/2018;;Ordin_nr._1763P_din_23.07.2019.pdf
23.07.2019;1763P;95816/2018;;Ordin_nr._1763P_din_23.07.2019.pdf
23.07.2019;1763P;96194/2018;;Ordin_nr._1763P_din_23.07.2019.pdf
23.07.2019;1763P;97463/2018;;Ordin_nr._1763P_din_23.07.2019.pdf
23.07.2019;1763P;52168/2018;;Ordin_nr._1763P_din_23.07.2019.pdf
23.07.2019;1763P;52170/2018;;Ordin_nr._1763P_din_23.07.2019.pdf
23.07.2019;1763P;52231/2018;Copii minori: 4;Ordin_nr._1763P_din_23.07.2019.pdf
23.07.2019;1763P;52223/2018;Copii minori: 1;Ordin_nr._1763P_din_23.07.2019.pdf
23.07.2019;1763P;95289/2018;;Ordin_nr._1763P_din_23.07.2019.pdf
23.07.2019;1763P;96833/2018;;Ordin_nr._1763P_din_23.07.2019.pdf
22.07.2019;1762P;78237/2018;;Ordin_nr._1762P_din_22.07.2019.pdf
22.07.2019;1762P;80628/2018;;Ordin_nr._1762P_din_22.07.2019.pdf
22.07.2019;1762P;74341/2018;;Ordin_nr._1762P_din_22.07.2019.pdf
22.07.2019;1762P;78295/2018;;Ordin_nr._1762P_din_22.07.2019.pdf
22.07.2019;1762P;78512/2018;;Ordin_nr._1762P_din_22.07.2019.pdf
22.07.2019;1762P;78351/2018;Copii minori: 2;Ordin_nr._1762P_din_22.07.2019.pdf
22.07.2019;1762P;78351/2018;;Ordin_nr._1762P_din_22.07.2019.pdf
22.07.2019;1762P;78474/2018;Copii minori: 1;Ordin_nr._1762P_din_22.07.2019.pdf
22.07.2019;1762P;75090/2018;;Ordin_nr._1762P_din_22.07.2019.pdf
22.07.2019;1762P;75070/2018;;Ordin_nr._1762P_din_22.07.2019.pdf
22.07.2019;1762P;75080/2018;;Ordin_nr._1762P_din_22.07.2019.pdf
22.07.2019;1762P;78370/2018;;Ordin_nr._1762P_din_22.07.2019.pdf
22.07.2019;1762P;78453/2018;;Ordin_nr._1762P_din_22.07.2019.pdf
22.07.2019;1762P;78370/2018;;Ordin_nr._1762P_din_22.07.2019.pdf
22.07.2019;1762P;77773/2018;Copii minori: 1;Ordin_nr._1762P_din_22.07.2019.pdf
22.07.2019;1762P;77773/2018;;Ordin_nr._1762P_din_22.07.2019.pdf
22.07.2019;1762P;78272/2018;;Ordin_nr._1762P_din_22.07.2019.pdf
22.07.2019;1762P;78230/2018;;Ordin_nr._1762P_din_22.07.2019.pdf
22.07.2019;1762P;78267/2018;;Ordin_nr._1762P_din_22.07.2019.pdf
22.07.2019;1762P;78244/2018;;Ordin_nr._1762P_din_22.07.2019.pdf
22.07.2019;1762P;77905/2018;;Ordin_nr._1762P_din_22.07.2019.pdf
22.07.2019;1762P;77891/2018;Copii minori: 2;Ordin_nr._1762P_din_22.07.2019.pdf
22.07.2019;1762P;77901/2018;;Ordin_nr._1762P_din_22.07.2019.pdf
22.07.2019;1762P;78421/2018;Copii minori: 2;Ordin_nr._1762P_din_22.07.2019.pdf
22.07.2019;1762P;75699/2018;;Ordin_nr._1762P_din_22.07.2019.pdf
22.07.2019;1762P;79757/2018;;Ordin_nr._1762P_din_22.07.2019.pdf
22.07.2019;1762P;79757/2018;;Ordin_nr._1762P_din_22.07.2019.pdf
22.07.2019;1762P;78322/2018;;Ordin_nr._1762P_din_22.07.2019.pdf
22.07.2019;1762P;78279/2018;;Ordin_nr._1762P_din_22.07.2019.pdf
22.07.2019;1762P;74539/2018;Copii minori: 2;Ordin_nr._1762P_din_22.07.2019.pdf
22.07.2019;1762P;78292/2018;;Ordin_nr._1762P_din_22.07.2019.pdf
22.07.2019;1762P;78498/2018;;Ordin_nr._1762P_din_22.07.2019.pdf
22.07.2019;1762P;78494/2018;;Ordin_nr._1762P_din_22.07.2019.pdf
22.07.2019;1762P;78340/2018;;Ordin_nr._1762P_din_22.07.2019.pdf
22.07.2019;1762P;75505/2018;Copii minori: 1;Ordin_nr._1762P_din_22.07.2019.pdf
22.07.2019;1762P;80528/2018;Copii minori: 2;Ordin_nr._1762P_din_22.07.2019.pdf
22.07.2019;1762P;78462/2018;Copii minori: 1;Ordin_nr._1762P_din_22.07.2019.pdf
22.07.2019;1762P;78481/2018;Copii minori: 2;Ordin_nr._1762P_din_22.07.2019.pdf
22.07.2019;1762P;78465/2018;Copii minori: 2;Ordin_nr._1762P_din_22.07.2019.pdf
22.07.2019;1762P;74545/2018;;Ordin_nr._1762P_din_22.07.2019.pdf
22.07.2019;1762P;78454/2018;;Ordin_nr._1762P_din_22.07.2019.pdf
22.07.2019;1762P;78517/2018;;Ordin_nr._1762P_din_22.07.2019.pdf
22.07.2019;1762P;78460/2018;;Ordin_nr._1762P_din_22.07.2019.pdf
22.07.2019;1762P;78430/2018;;Ordin_nr._1762P_din_22.07.2019.pdf
22.07.2019;1762P;75748/2018;;Ordin_nr._1762P_din_22.07.2019.pdf
22.07.2019;1762P;78458/2018;;Ordin_nr._1762P_din_22.07.2019.pdf
22.07.2019;1762P;78434/2018;;Ordin_nr._1762P_din_22.07.2019.pdf
22.07.2019;1762P;78379/2018;;Ordin_nr._1762P_din_22.07.2019.pdf
22.07.2019;1762P;75144/2018;Copii minori: 1;Ordin_nr._1762P_din_22.07.2019.pdf
22.07.2019;1762P;80727/2018;;Ordin_nr._1762P_din_22.07.2019.pdf
22.07.2019;1762P;80718/2018;;Ordin_nr._1762P_din_22.07.2019.pdf
22.07.2019;1762P;80702/2018;;Ordin_nr._1762P_din_22.07.2019.pdf
22.07.2019;1762P;78410/2018;;Ordin_nr._1762P_din_22.07.2019.pdf
22.07.2019;1762P;75721/2018;;Ordin_nr._1762P_din_22.07.2019.pdf
22.07.2019;1762P;77966/2018;;Ordin_nr._1762P_din_22.07.2019.pdf
22.07.2019;1762P;78982/2018;;Ordin_nr._1762P_din_22.07.2019.pdf
22.07.2019;1762P;78362/2018;;Ordin_nr._1762P_din_22.07.2019.pdf
22.07.2019;1762P;75493/2018;Copii minori: 1;Ordin_nr._1762P_din_22.07.2019.pdf
22.07.2019;1762P;75483/2018;;Ordin_nr._1762P_din_22.07.2019.pdf
22.07.2019;1762P;80748/2018;;Ordin_nr._1762P_din_22.07.2019.pdf
22.07.2019;1762P;80740/2018;;Ordin_nr._1762P_din_22.07.2019.pdf
22.07.2019;1762P;76332/2018;;Ordin_nr._1762P_din_22.07.2019.pdf
22.07.2019;1762P;77518/2018;;Ordin_nr._1762P_din_22.07.2019.pdf
22.07.2019;1762P;78853/2018;;Ordin_nr._1762P_din_22.07.2019.pdf
22.07.2019;1762P;78369/2018;Copii minori: 3;Ordin_nr._1762P_din_22.07.2019.pdf
22.07.2019;1762P;78382/2018;Copii minori: 4;Ordin_nr._1762P_din_22.07.2019.pdf
22.07.2019;1762P;75715/2018;;Ordin_nr._1762P_din_22.07.2019.pdf
22.07.2019;1762P;74343/2018;;Ordin_nr._1762P_din_22.07.2019.pdf
22.07.2019;1762P;80795/2018;;Ordin_nr._1762P_din_22.07.2019.pdf
22.07.2019;1761P;80301/2018;;Ordin_nr._1761P_din_22.07.2019.pdf
22.07.2019;1761P;81204/2018;;Ordin_nr._1761P_din_22.07.2019.pdf
22.07.2019;1761P;80406/2018;Copii minori: 2;Ordin_nr._1761P_din_22.07.2019.pdf
22.07.2019;1761P;80455/2018;;Ordin_nr._1761P_din_22.07.2019.pdf
22.07.2019;1761P;80266/2018;;Ordin_nr._1761P_din_22.07.2019.pdf
22.07.2019;1761P;80344/2018;Copii minori: 2;Ordin_nr._1761P_din_22.07.2019.pdf
22.07.2019;1761P;80212/2018;Copii minori: 1;Ordin_nr._1761P_din_22.07.2019.pdf
22.07.2019;1761P;80212/2018;;Ordin_nr._1761P_din_22.07.2019.pdf
22.07.2019;1761P;78223/2018;;Ordin_nr._1761P_din_22.07.2019.pdf
22.07.2019;1761P;78223/2018;Copii minori: 2;Ordin_nr._1761P_din_22.07.2019.pdf
22.07.2019;1761P;80328/2018;;Ordin_nr._1761P_din_22.07.2019.pdf
22.07.2019;1761P;80315/2018;;Ordin_nr._1761P_din_22.07.2019.pdf
22.07.2019;1761P;80508/2018;;Ordin_nr._1761P_din_22.07.2019.pdf
22.07.2019;1761P;80893/2018;;Ordin_nr._1761P_din_22.07.2019.pdf
22.07.2019;1761P;81093/2018;;Ordin_nr._1761P_din_22.07.2019.pdf
22.07.2019;1761P;80460/2018;;Ordin_nr._1761P_din_22.07.2019.pdf
22.07.2019;1761P;81211/2018;;Ordin_nr._1761P_din_22.07.2019.pdf
22.07.2019;1761P;81236/2018;;Ordin_nr._1761P_din_22.07.2019.pdf
22.07.2019;1761P;80501/2018;Copii minori: 1;Ordin_nr._1761P_din_22.07.2019.pdf
22.07.2019;1761P;80468/2018;;Ordin_nr._1761P_din_22.07.2019.pdf
22.07.2019;1761P;78210/2018;;Ordin_nr._1761P_din_22.07.2019.pdf
22.07.2019;1761P;55326/2018;;Ordin_nr._1761P_din_22.07.2019.pdf
22.07.2019;1761P;81164/2018;Copii minori: 2;Ordin_nr._1761P_din_22.07.2019.pdf
22.07.2019;1761P;80784/2018;;Ordin_nr._1761P_din_22.07.2019.pdf
22.07.2019;1761P;81183/2018;;Ordin_nr._1761P_din_22.07.2019.pdf
22.07.2019;1761P;81174/2018;;Ordin_nr._1761P_din_22.07.2019.pdf
22.07.2019;1761P;80483/2018;;Ordin_nr._1761P_din_22.07.2019.pdf
22.07.2019;1761P;80484/2018;;Ordin_nr._1761P_din_22.07.2019.pdf
22.07.2019;1757P;47269/2018;Copii minori: 2;Ordin_nr._1757P_din_22.07.2019.pdf
22.07.2019;1757P;17212/2018;;Ordin_nr._1757P_din_22.07.2019.pdf
22.07.2019;1757P;44349/2018;;Ordin_nr._1757P_din_22.07.2019.pdf
22.07.2019;1757P;6711/2019;;Ordin_nr._1757P_din_22.07.2019.pdf
22.07.2019;1757P;7158/2019;;Ordin_nr._1757P_din_22.07.2019.pdf
22.07.2019;1757P;44347/2018;;Ordin_nr._1757P_din_22.07.2019.pdf
22.07.2019;1757P;45600/2018;Copii minori: 3;Ordin_nr._1757P_din_22.07.2019.pdf
22.07.2019;1757P;45262/2018;;Ordin_nr._1757P_din_22.07.2019.pdf
22.07.2019;1757P;6219/2019;;Ordin_nr._1757P_din_22.07.2019.pdf
22.07.2019;1757P;46187/2018;Copii minori: 1;Ordin_nr._1757P_din_22.07.2019.pdf
22.07.2019;1757P;7155/2019;;Ordin_nr._1757P_din_22.07.2019.pdf
22.07.2019;1757P;7142/2019;;Ordin_nr._1757P_din_22.07.2019.pdf
22.07.2019;1757P;5423/2019;;Ordin_nr._1757P_din_22.07.2019.pdf
22.07.2019;1757P;44341/2018;;Ordin_nr._1757P_din_22.07.2019.pdf
22.07.2019;1757P;45955/2018;;Ordin_nr._1757P_din_22.07.2019.pdf
22.07.2019;1757P;7146/2019;Copii minori: 2;Ordin_nr._1757P_din_22.07.2019.pdf
22.07.2019;1757P;7147/2019;;Ordin_nr._1757P_din_22.07.2019.pdf
22.07.2019;1757P;5484/2019;;Ordin_nr._1757P_din_22.07.2019.pdf
22.07.2019;1757P;5934/2019;Copii minori: 1;Ordin_nr._1757P_din_22.07.2019.pdf
22.07.2019;1757P;5925/2019;Copii minori: 2;Ordin_nr._1757P_din_22.07.2019.pdf
22.07.2019;1757P;47330/2018;Copii minori: 1;Ordin_nr._1757P_din_22.07.2019.pdf
22.07.2019;1757P;47336/2018;Copii minori: 2;Ordin_nr._1757P_din_22.07.2019.pdf
22.07.2019;1757P;47339/2018;;Ordin_nr._1757P_din_22.07.2019.pdf
22.07.2019;1757P;7154/2019;Copii minori: 2;Ordin_nr._1757P_din_22.07.2019.pdf
22.07.2019;1757P;5416/2019;;Ordin_nr._1757P_din_22.07.2019.pdf
22.07.2019;1757P;44348/2018;;Ordin_nr._1757P_din_22.07.2019.pdf
22.07.2019;1757P;6519/2019;;Ordin_nr._1757P_din_22.07.2019.pdf
22.07.2019;1757P;6049/2019;;Ordin_nr._1757P_din_22.07.2019.pdf
22.07.2019;1757P;7143/2019;;Ordin_nr._1757P_din_22.07.2019.pdf
22.07.2019;1757P;7145/2019;;Ordin_nr._1757P_din_22.07.2019.pdf
22.07.2019;1757P;7141/2019;;Ordin_nr._1757P_din_22.07.2019.pdf
22.07.2019;1757P;45604/2018;Copii minori: 3;Ordin_nr._1757P_din_22.07.2019.pdf
22.07.2019;1757P;7153/2019;;Ordin_nr._1757P_din_22.07.2019.pdf
22.07.2019;1757P;7156/2019;Copii minori: 1;Ordin_nr._1757P_din_22.07.2019.pdf
22.07.2019;1757P;7150/2019;Copii minori: 3;Ordin_nr._1757P_din_22.07.2019.pdf
22.07.2019;1757P;7159/2019;Copii minori: 2;Ordin_nr._1757P_din_22.07.2019.pdf
22.07.2019;1757P;44576/2018;;Ordin_nr._1757P_din_22.07.2019.pdf
22.07.2019;1757P;5429/2019;;Ordin_nr._1757P_din_22.07.2019.pdf
22.07.2019;1757P;5427/2019;;Ordin_nr._1757P_din_22.07.2019.pdf
22.07.2019;1757P;7149/2019;;Ordin_nr._1757P_din_22.07.2019.pdf
22.07.2019;1757P;16980/2018;;Ordin_nr._1757P_din_22.07.2019.pdf
22.07.2019;1757P;5451/2019;;Ordin_nr._1757P_din_22.07.2019.pdf
22.07.2019;1757P;44343/2018;;Ordin_nr._1757P_din_22.07.2019.pdf
22.07.2019;1757P;5448/2019;;Ordin_nr._1757P_din_22.07.2019.pdf
22.07.2019;1757P;45353/2018;;Ordin_nr._1757P_din_22.07.2019.pdf
22.07.2019;1757P;5455/2019;;Ordin_nr._1757P_din_22.07.2019.pdf
22.07.2019;1757P;44339/2018;;Ordin_nr._1757P_din_22.07.2019.pdf
22.07.2019;1757P;17960/2018;;Ordin_nr._1757P_din_22.07.2019.pdf
22.07.2019;1757P;44631/2018;;Ordin_nr._1757P_din_22.07.2019.pdf
22.07.2019;1757P;6798/2019;;Ordin_nr._1757P_din_22.07.2019.pdf
22.07.2019;1757P;17496/2018;;Ordin_nr._1757P_din_22.07.2019.pdf
22.07.2019;1757P;44340/2018;;Ordin_nr._1757P_din_22.07.2019.pdf
22.07.2019;1757P;44595/2018;;Ordin_nr._1757P_din_22.07.2019.pdf
22.07.2019;1757P;6722/2019;;Ordin_nr._1757P_din_22.07.2019.pdf
22.07.2019;1757P;6711/2019;Copii minori: 2;Ordin_nr._1757P_din_22.07.2019.pdf
22.07.2019;1757P;6704/2019;Copii minori: 3;Ordin_nr._1757P_din_22.07.2019.pdf
22.07.2019;1757P;7151/2019;;Ordin_nr._1757P_din_22.07.2019.pdf
22.07.2019;1757P;5437/2019;Copii minori: 1;Ordin_nr._1757P_din_22.07.2019.pdf
22.07.2019;1757P;5437/2019;;Ordin_nr._1757P_din_22.07.2019.pdf
22.07.2019;1757P;7157/2019;Copii minori: 1;Ordin_nr._1757P_din_22.07.2019.pdf
22.07.2019;1757P;5472/2019;Copii minori: 1;Ordin_nr._1757P_din_22.07.2019.pdf
22.07.2019;1757P;44371/2018;;Ordin_nr._1757P_din_22.07.2019.pdf
22.07.2019;1757P;17586/2018;Copii minori: 4;Ordin_nr._1757P_din_22.07.2019.pdf
22.07.2019;1757P;17576/2018;Copii minori: 3;Ordin_nr._1757P_din_22.07.2019.pdf
22.07.2019;1757P;17576/2018;;Ordin_nr._1757P_din_22.07.2019.pdf
22.07.2019;1757P;44584/2018;Copii minori: 3;Ordin_nr._1757P_din_22.07.2019.pdf
22.07.2019;1757P;7152/2019;Copii minori: 2;Ordin_nr._1757P_din_22.07.2019.pdf
22.07.2019;1757P;5399/2019;Copii minori: 1;Ordin_nr._1757P_din_22.07.2019.pdf
22.07.2019;1757P;5393/2019;;Ordin_nr._1757P_din_22.07.2019.pdf
22.07.2019;1757P;7144/2019;;Ordin_nr._1757P_din_22.07.2019.pdf
22.07.2019;1756P;44017/2018;;Ordin_nr._1756P_din_22.07.2019.pdf
22.07.2019;1756P;53400/2018;Copii minori: 2;Ordin_nr._1756P_din_22.07.2019.pdf
22.07.2019;1756P;44335/2018;;Ordin_nr._1756P_din_22.07.2019.pdf
22.07.2019;1756P;54869/2018;;Ordin_nr._1756P_din_22.07.2019.pdf
22.07.2019;1756P;54880/2018;Copii minori: 1;Ordin_nr._1756P_din_22.07.2019.pdf
22.07.2019;1756P;54886/2018;;Ordin_nr._1756P_din_22.07.2019.pdf
22.07.2019;1756P;54860/2018;;Ordin_nr._1756P_din_22.07.2019.pdf
22.07.2019;1756P;9157/2019;;Ordin_nr._1756P_din_22.07.2019.pdf
22.07.2019;1756P;9170/2019;Copii minori: 1;Ordin_nr._1756P_din_22.07.2019.pdf
22.07.2019;1756P;7920/2019;;Ordin_nr._1756P_din_22.07.2019.pdf
22.07.2019;1756P;53292/2018;;Ordin_nr._1756P_din_22.07.2019.pdf
22.07.2019;1756P;53292/2018;Copii minori: 1;Ordin_nr._1756P_din_22.07.2019.pdf
22.07.2019;1756P;7160/2019;;Ordin_nr._1756P_din_22.07.2019.pdf
22.07.2019;1756P;7521/2019;;Ordin_nr._1756P_din_22.07.2019.pdf
22.07.2019;1756P;7525/2019;Copii minori: 1;Ordin_nr._1756P_din_22.07.2019.pdf
22.07.2019;1756P;7509/2019;Copii minori: 2;Ordin_nr._1756P_din_22.07.2019.pdf
22.07.2019;1756P;9190/2019;;Ordin_nr._1756P_din_22.07.2019.pdf
22.07.2019;1756P;44325/2018;;Ordin_nr._1756P_din_22.07.2019.pdf
22.07.2019;1756P;8456/2019;;Ordin_nr._1756P_din_22.07.2019.pdf
22.07.2019;1756P;9172/2019;;Ordin_nr._1756P_din_22.07.2019.pdf
22.07.2019;1756P;7847/2019;;Ordin_nr._1756P_din_22.07.2019.pdf
22.07.2019;1756P;54845/2018;;Ordin_nr._1756P_din_22.07.2019.pdf
22.07.2019;1756P;54243/2018;;Ordin_nr._1756P_din_22.07.2019.pdf
22.07.2019;1756P;8451/2019;;Ordin_nr._1756P_din_22.07.2019.pdf
22.07.2019;1756P;54348/2018;;Ordin_nr._1756P_din_22.07.2019.pdf
22.07.2019;1756P;54354/2018;;Ordin_nr._1756P_din_22.07.2019.pdf
22.07.2019;1756P;54360/2018;Copii minori: 2;Ordin_nr._1756P_din_22.07.2019.pdf
22.07.2019;1756P;54352/2018;;Ordin_nr._1756P_din_22.07.2019.pdf
22.07.2019;1756P;54362/2018;;Ordin_nr._1756P_din_22.07.2019.pdf
22.07.2019;1756P;9198/2019;Copii minori: 2;Ordin_nr._1756P_din_22.07.2019.pdf
22.07.2019;1756P;44337/2018;;Ordin_nr._1756P_din_22.07.2019.pdf
22.07.2019;1756P;43663/2018;Copii minori: 2;Ordin_nr._1756P_din_22.07.2019.pdf
22.07.2019;1756P;9174/2019;;Ordin_nr._1756P_din_22.07.2019.pdf
22.07.2019;1756P;42552/2018;;Ordin_nr._1756P_din_22.07.2019.pdf
22.07.2019;1756P;42554/2018;;Ordin_nr._1756P_din_22.07.2019.pdf
22.07.2019;1756P;9178/2019;;Ordin_nr._1756P_din_22.07.2019.pdf
22.07.2019;1756P;8015/2019;;Ordin_nr._1756P_din_22.07.2019.pdf
22.07.2019;1756P;8015/2019;Copii minori: 2;Ordin_nr._1756P_din_22.07.2019.pdf
22.07.2019;1756P;9166/2019;Copii minori: 3;Ordin_nr._1756P_din_22.07.2019.pdf
22.07.2019;1756P;42549/2018;;Ordin_nr._1756P_din_22.07.2019.pdf
22.07.2019;1756P;54839/2018;;Ordin_nr._1756P_din_22.07.2019.pdf
22.07.2019;1756P;54825/2018;;Ordin_nr._1756P_din_22.07.2019.pdf
22.07.2019;1756P;54815/2018;;Ordin_nr._1756P_din_22.07.2019.pdf
22.07.2019;1756P;54834/2018;;Ordin_nr._1756P_din_22.07.2019.pdf
22.07.2019;1756P;43525/2018;Copii minori: 3;Ordin_nr._1756P_din_22.07.2019.pdf
22.07.2019;1756P;7161/2019;Copii minori: 1;Ordin_nr._1756P_din_22.07.2019.pdf
22.07.2019;1756P;43746/2018;Copii minori: 3;Ordin_nr._1756P_din_22.07.2019.pdf
22.07.2019;1756P;42450/2018;;Ordin_nr._1756P_din_22.07.2019.pdf
22.07.2019;1756P;42453/2018;;Ordin_nr._1756P_din_22.07.2019.pdf
22.07.2019;1756P;42449/2018;;Ordin_nr._1756P_din_22.07.2019.pdf
22.07.2019;1756P;42456/2018;;Ordin_nr._1756P_din_22.07.2019.pdf
22.07.2019;1756P;9158/2019;;Ordin_nr._1756P_din_22.07.2019.pdf
22.07.2019;1756P;9159/2019;;Ordin_nr._1756P_din_22.07.2019.pdf
22.07.2019;1756P;9176/2019;;Ordin_nr._1756P_din_22.07.2019.pdf
22.07.2019;1756P;9168/2019;Copii minori: 2;Ordin_nr._1756P_din_22.07.2019.pdf
22.07.2019;1756P;42426/2018;;Ordin_nr._1756P_din_22.07.2019.pdf
22.07.2019;1756P;7348/2019;;Ordin_nr._1756P_din_22.07.2019.pdf
22.07.2019;1756P;43403/2018;;Ordin_nr._1756P_din_22.07.2019.pdf
22.07.2019;1756P;9164/2019;;Ordin_nr._1756P_din_22.07.2019.pdf
22.07.2019;1756P;43675/2018;Copii minori: 3;Ordin_nr._1756P_din_22.07.2019.pdf
22.07.2019;1756P;43703/2018;;Ordin_nr._1756P_din_22.07.2019.pdf
22.07.2019;1756P;7162/2019;;Ordin_nr._1756P_din_22.07.2019.pdf
22.07.2019;1756P;9162/2019;;Ordin_nr._1756P_din_22.07.2019.pdf
22.07.2019;1756P;9167/2019;Copii minori: 1;Ordin_nr._1756P_din_22.07.2019.pdf
22.07.2019;1756P;43790/2018;Copii minori: 2;Ordin_nr._1756P_din_22.07.2019.pdf
22.07.2019;1756P;9169/2019;Copii minori: 2;Ordin_nr._1756P_din_22.07.2019.pdf
22.07.2019;1756P;9163/2019;;Ordin_nr._1756P_din_22.07.2019.pdf
22.07.2019;1756P;41861/2018;Copii minori: 1;Ordin_nr._1756P_din_22.07.2019.pdf
22.07.2019;1756P;9171/2019;;Ordin_nr._1756P_din_22.07.2019.pdf
22.07.2019;1756P;7163/2019;Copii minori: 2;Ordin_nr._1756P_din_22.07.2019.pdf
22.07.2019;1756P;44091/2018;;Ordin_nr._1756P_din_22.07.2019.pdf
22.07.2019;1756P;9173/2019;Copii minori: 1;Ordin_nr._1756P_din_22.07.2019.pdf
22.07.2019;1756P;7966/2019;;Ordin_nr._1756P_din_22.07.2019.pdf
22.07.2019;1756P;7164/2019;Copii minori: 2;Ordin_nr._1756P_din_22.07.2019.pdf
19.07.2019;1751P;4126/2018;Copii minori: 3;Ordin_nr._1751P_din_19.07.2019.pdf
19.07.2019;1751P;4126/2018;;Ordin_nr._1751P_din_19.07.2019.pdf
19.07.2019;1751P;3921/2018;;Ordin_nr._1751P_din_19.07.2019.pdf
19.07.2019;1751P;3912/2018;;Ordin_nr._1751P_din_19.07.2019.pdf
19.07.2019;1751P;4112/2018;;Ordin_nr._1751P_din_19.07.2019.pdf
19.07.2019;1751P;35755/2019;;Ordin_nr._1751P_din_19.07.2019.pdf
19.07.2019;1751P;54998/2018;;Ordin_nr._1751P_din_19.07.2019.pdf
19.07.2019;1751P;35621/2019;;Ordin_nr._1751P_din_19.07.2019.pdf
19.07.2019;1751P;35625/2019;;Ordin_nr._1751P_din_19.07.2019.pdf
19.07.2019;1751P;36230/2019;;Ordin_nr._1751P_din_19.07.2019.pdf
19.07.2019;1751P;35218/2019;;Ordin_nr._1751P_din_19.07.2019.pdf
19.07.2019;1751P;35187/2019;;Ordin_nr._1751P_din_19.07.2019.pdf
19.07.2019;1751P;35178/2019;;Ordin_nr._1751P_din_19.07.2019.pdf
19.07.2019;1751P;35212/2019;;Ordin_nr._1751P_din_19.07.2019.pdf
19.07.2019;1751P;55142/2018;;Ordin_nr._1751P_din_19.07.2019.pdf
19.07.2019;1751P;55124/2018;Copii minori: 3;Ordin_nr._1751P_din_19.07.2019.pdf
19.07.2019;1751P;3871/2018;;Ordin_nr._1751P_din_19.07.2019.pdf
19.07.2019;1751P;3341/2018;Copii minori: 2;Ordin_nr._1751P_din_19.07.2019.pdf
19.07.2019;1751P;54936/2018;;Ordin_nr._1751P_din_19.07.2019.pdf
19.07.2019;1751P;36231/2019;;Ordin_nr._1751P_din_19.07.2019.pdf
19.07.2019;1751P;35615/2019;;Ordin_nr._1751P_din_19.07.2019.pdf
19.07.2019;1751P;35617/2019;Copii minori: 2;Ordin_nr._1751P_din_19.07.2019.pdf
19.07.2019;1751P;55089/2018;;Ordin_nr._1751P_din_19.07.2019.pdf
19.07.2019;1751P;55106/2018;;Ordin_nr._1751P_din_19.07.2019.pdf
19.07.2019;1751P;55101/2018;;Ordin_nr._1751P_din_19.07.2019.pdf
19.07.2019;1751P;55110/2018;;Ordin_nr._1751P_din_19.07.2019.pdf
19.07.2019;1751P;35629/2019;;Ordin_nr._1751P_din_19.07.2019.pdf
19.07.2019;1751P;55138/2018;Copii minori: 2;Ordin_nr._1751P_din_19.07.2019.pdf
19.07.2019;1751P;35618/2019;;Ordin_nr._1751P_din_19.07.2019.pdf
19.07.2019;1751P;1953/2019;;Ordin_nr._1751P_din_19.07.2019.pdf
19.07.2019;1751P;5507/2018;;Ordin_nr._1751P_din_19.07.2019.pdf
19.07.2019;1751P;35639/2019;;Ordin_nr._1751P_din_19.07.2019.pdf
19.07.2019;1751P;4983/2018;;Ordin_nr._1751P_din_19.07.2019.pdf
19.07.2019;1751P;4335/2018;;Ordin_nr._1751P_din_19.07.2019.pdf
19.07.2019;1751P;54891/2018;;Ordin_nr._1751P_din_19.07.2019.pdf
19.07.2019;1751P;54988/2018;;Ordin_nr._1751P_din_19.07.2019.pdf
19.07.2019;1751P;4240/2018;;Ordin_nr._1751P_din_19.07.2019.pdf
19.07.2019;1751P;4246/2018;;Ordin_nr._1751P_din_19.07.2019.pdf
19.07.2019;1751P;4254/2018;;Ordin_nr._1751P_din_19.07.2019.pdf
19.07.2019;1751P;54980/2018;;Ordin_nr._1751P_din_19.07.2019.pdf
19.07.2019;1751P;54965/2018;Copii minori: 3;Ordin_nr._1751P_din_19.07.2019.pdf
19.07.2019;1751P;36159/2019;Copii minori: 1;Ordin_nr._1751P_din_19.07.2019.pdf
19.07.2019;1751P;5509/2018;;Ordin_nr._1751P_din_19.07.2019.pdf
19.07.2019;1751P;4275/2018;;Ordin_nr._1751P_din_19.07.2019.pdf
19.07.2019;1751P;54973/2018;;Ordin_nr._1751P_din_19.07.2019.pdf
19.07.2019;1751P;54945/2018;Copii minori: 1;Ordin_nr._1751P_din_19.07.2019.pdf
19.07.2019;1751P;35619/2019;;Ordin_nr._1751P_din_19.07.2019.pdf
19.07.2019;1751P;35915/2019;Copii minori: 3;Ordin_nr._1751P_din_19.07.2019.pdf
19.07.2019;1751P;4267/2018;;Ordin_nr._1751P_din_19.07.2019.pdf
19.07.2019;1751P;4263/2018;;Ordin_nr._1751P_din_19.07.2019.pdf
19.07.2019;1751P;4258/2018;;Ordin_nr._1751P_din_19.07.2019.pdf
19.07.2019;1751P;54901/2018;;Ordin_nr._1751P_din_19.07.2019.pdf
19.07.2019;1751P;55093/2018;;Ordin_nr._1751P_din_19.07.2019.pdf
19.07.2019;1751P;36177/2019;;Ordin_nr._1751P_din_19.07.2019.pdf
19.07.2019;1751P;3780/2018;;Ordin_nr._1751P_din_19.07.2019.pdf
19.07.2019;1751P;35616/2019;;Ordin_nr._1751P_din_19.07.2019.pdf
19.07.2019;1751P;3804/2018;;Ordin_nr._1751P_din_19.07.2019.pdf
19.07.2019;1751P;4122/2018;;Ordin_nr._1751P_din_19.07.2019.pdf
19.07.2019;1751P;5071/2018;;Ordin_nr._1751P_din_19.07.2019.pdf
19.07.2019;1750P;91530/2018;Copii minori: 2;Ordin_nr._1750P_din_19.07.2019.pdf
19.07.2019;1750P;91083/2018;;Ordin_nr._1750P_din_19.07.2019.pdf
19.07.2019;1750P;89825/2018;;Ordin_nr._1750P_din_19.07.2019.pdf
19.07.2019;1750P;91103/2018;;Ordin_nr._1750P_din_19.07.2019.pdf
19.07.2019;1750P;91094/2018;;Ordin_nr._1750P_din_19.07.2019.pdf
19.07.2019;1750P;2134/2018;;Ordin_nr._1750P_din_19.07.2019.pdf
19.07.2019;1750P;91476/2018;;Ordin_nr._1750P_din_19.07.2019.pdf
19.07.2019;1750P;91491/2018;;Ordin_nr._1750P_din_19.07.2019.pdf
19.07.2019;1750P;91231/2018;;Ordin_nr._1750P_din_19.07.2019.pdf
19.07.2019;1750P;91238/2018;Copii minori: 2;Ordin_nr._1750P_din_19.07.2019.pdf
19.07.2019;1750P;84457/2018;;Ordin_nr._1750P_din_19.07.2019.pdf
19.07.2019;1750P;2834/2018;;Ordin_nr._1750P_din_19.07.2019.pdf
19.07.2019;1750P;1195/2018;;Ordin_nr._1750P_din_19.07.2019.pdf
19.07.2019;1750P;1204/2018;;Ordin_nr._1750P_din_19.07.2019.pdf
19.07.2019;1750P;91398/2018;;Ordin_nr._1750P_din_19.07.2019.pdf
19.07.2019;1750P;2961/2018;Copii minori: 3;Ordin_nr._1750P_din_19.07.2019.pdf
19.07.2019;1750P;2962/2018;;Ordin_nr._1750P_din_19.07.2019.pdf
19.07.2019;1750P;1264/2018;Copii minori: 1;Ordin_nr._1750P_din_19.07.2019.pdf
19.07.2019;1750P;2629/2018;;Ordin_nr._1750P_din_19.07.2019.pdf
19.07.2019;1750P;91451/2018;;Ordin_nr._1750P_din_19.07.2019.pdf
19.07.2019;1750P;91458/2018;;Ordin_nr._1750P_din_19.07.2019.pdf
19.07.2019;1750P;2889/2018;;Ordin_nr._1750P_din_19.07.2019.pdf
19.07.2019;1750P;91351/2018;Copii minori: 3;Ordin_nr._1750P_din_19.07.2019.pdf
19.07.2019;1750P;2841/2018;;Ordin_nr._1750P_din_19.07.2019.pdf
19.07.2019;1750P;3244/2018;;Ordin_nr._1750P_din_19.07.2019.pdf
19.07.2019;1750P;91304/2018;Copii minori: 1;Ordin_nr._1750P_din_19.07.2019.pdf
19.07.2019;1750P;3339/2018;;Ordin_nr._1750P_din_19.07.2019.pdf
19.07.2019;1750P;1166/2018;Copii minori: 3;Ordin_nr._1750P_din_19.07.2019.pdf
19.07.2019;1750P;91294/2018;;Ordin_nr._1750P_din_19.07.2019.pdf
19.07.2019;1750P;91376/2018;;Ordin_nr._1750P_din_19.07.2019.pdf
19.07.2019;1750P;91406/2018;;Ordin_nr._1750P_din_19.07.2019.pdf
19.07.2019;1750P;91510/2018;;Ordin_nr._1750P_din_19.07.2019.pdf
19.07.2019;1750P;91505/2018;;Ordin_nr._1750P_din_19.07.2019.pdf
19.07.2019;1750P;2959/2018;;Ordin_nr._1750P_din_19.07.2019.pdf
19.07.2019;1750P;91124/2018;;Ordin_nr._1750P_din_19.07.2019.pdf
19.07.2019;1750P;91142/2018;;Ordin_nr._1750P_din_19.07.2019.pdf
19.07.2019;1750P;91379/2018;;Ordin_nr._1750P_din_19.07.2019.pdf
19.07.2019;1750P;91352/2018;;Ordin_nr._1750P_din_19.07.2019.pdf
19.07.2019;1750P;91281/2018;;Ordin_nr._1750P_din_19.07.2019.pdf
19.07.2019;1750P;91286/2018;;Ordin_nr._1750P_din_19.07.2019.pdf
19.07.2019;1750P;91320/2018;;Ordin_nr._1750P_din_19.07.2019.pdf
19.07.2019;1750P;2803/2018;Copii minori: 3;Ordin_nr._1750P_din_19.07.2019.pdf
19.07.2019;1750P;91463/2018;;Ordin_nr._1750P_din_19.07.2019.pdf
19.07.2019;1750P;91386/2018;;Ordin_nr._1750P_din_19.07.2019.pdf
19.07.2019;1750P;3278/2018;Copii minori: 1;Ordin_nr._1750P_din_19.07.2019.pdf
19.07.2019;1750P;91344/2018;Copii minori: 3;Ordin_nr._1750P_din_19.07.2019.pdf
19.07.2019;1750P;91337/2018;Copii minori: 1;Ordin_nr._1750P_din_19.07.2019.pdf
19.07.2019;1750P;1669/2018;;Ordin_nr._1750P_din_19.07.2019.pdf
19.07.2019;1750P;463/2018;;Ordin_nr._1750P_din_19.07.2019.pdf
19.07.2019;1750P;3261/2018;;Ordin_nr._1750P_din_19.07.2019.pdf
19.07.2019;1750P;91249/2018;;Ordin_nr._1750P_din_19.07.2019.pdf
19.07.2019;1750P;91270/2018;;Ordin_nr._1750P_din_19.07.2019.pdf
19.07.2019;1750P;2963/2018;;Ordin_nr._1750P_din_19.07.2019.pdf
19.07.2019;1750P;91462/2018;;Ordin_nr._1750P_din_19.07.2019.pdf
19.07.2019;1750P;91437/2018;Copii minori: 2;Ordin_nr._1750P_din_19.07.2019.pdf
19.07.2019;1750P;1664/2018;Copii minori: 3;Ordin_nr._1750P_din_19.07.2019.pdf
19.07.2019;1750P;2955/2018;;Ordin_nr._1750P_din_19.07.2019.pdf
19.07.2019;1750P;91072/2018;;Ordin_nr._1750P_din_19.07.2019.pdf
19.07.2019;1750P;91055/2018;Copii minori: 4;Ordin_nr._1750P_din_19.07.2019.pdf
19.07.2019;1750P;91651/2018;Copii minori: 2;Ordin_nr._1750P_din_19.07.2019.pdf
19.07.2019;1750P;2932/2018;;Ordin_nr._1750P_din_19.07.2019.pdf
19.07.2019;1750P;91330/2018;;Ordin_nr._1750P_din_19.07.2019.pdf
19.07.2019;1750P;1961/2018;;Ordin_nr._1750P_din_19.07.2019.pdf
19.07.2019;1749P;55930/2018;;Ordin_nr._1749P_din_19.07.2019.pdf
19.07.2019;1749P;56073/2018;;Ordin_nr._1749P_din_19.07.2019.pdf
19.07.2019;1749P;55906/2018;;Ordin_nr._1749P_din_19.07.2019.pdf
19.07.2019;1749P;55920/2018;;Ordin_nr._1749P_din_19.07.2019.pdf
19.07.2019;1749P;56429/2018;;Ordin_nr._1749P_din_19.07.2019.pdf
19.07.2019;1749P;56392/2018;;Ordin_nr._1749P_din_19.07.2019.pdf
19.07.2019;1749P;56394/2018;;Ordin_nr._1749P_din_19.07.2019.pdf
19.07.2019;1749P;56366/2018;;Ordin_nr._1749P_din_19.07.2019.pdf
19.07.2019;1749P;56367/2018;;Ordin_nr._1749P_din_19.07.2019.pdf
19.07.2019;1749P;56218/2018;;Ordin_nr._1749P_din_19.07.2019.pdf
19.07.2019;1749P;16148/2018;;Ordin_nr._1749P_din_19.07.2019.pdf
19.07.2019;1749P;16261/2018;Copii minori: 1;Ordin_nr._1749P_din_19.07.2019.pdf
19.07.2019;1749P;16140/2018;;Ordin_nr._1749P_din_19.07.2019.pdf
19.07.2019;1749P;56152/2018;;Ordin_nr._1749P_din_19.07.2019.pdf
19.07.2019;1749P;16650/2018;Copii minori: 4;Ordin_nr._1749P_din_19.07.2019.pdf
19.07.2019;1749P;56255/2018;;Ordin_nr._1749P_din_19.07.2019.pdf
19.07.2019;1749P;16635/2018;;Ordin_nr._1749P_din_19.07.2019.pdf
19.07.2019;1749P;56360/2018;;Ordin_nr._1749P_din_19.07.2019.pdf
19.07.2019;1749P;56056/2018;;Ordin_nr._1749P_din_19.07.2019.pdf
19.07.2019;1749P;56438/2018;;Ordin_nr._1749P_din_19.07.2019.pdf
19.07.2019;1749P;15775/2018;;Ordin_nr._1749P_din_19.07.2019.pdf
19.07.2019;1749P;55893/2018;;Ordin_nr._1749P_din_19.07.2019.pdf
19.07.2019;1749P;56155/2018;;Ordin_nr._1749P_din_19.07.2019.pdf
19.07.2019;1749P;56147/2018;Copii minori: 3;Ordin_nr._1749P_din_19.07.2019.pdf
19.07.2019;1749P;56113/2018;;Ordin_nr._1749P_din_19.07.2019.pdf
19.07.2019;1749P;16511/2018;;Ordin_nr._1749P_din_19.07.2019.pdf
19.07.2019;1749P;56006/2018;;Ordin_nr._1749P_din_19.07.2019.pdf
19.07.2019;1749P;16908/2018;;Ordin_nr._1749P_din_19.07.2019.pdf
19.07.2019;1749P;16913/2018;;Ordin_nr._1749P_din_19.07.2019.pdf
19.07.2019;1749P;16903/2018;;Ordin_nr._1749P_din_19.07.2019.pdf
19.07.2019;1749P;56314/2018;;Ordin_nr._1749P_din_19.07.2019.pdf
19.07.2019;1749P;16258/2018;;Ordin_nr._1749P_din_19.07.2019.pdf
19.07.2019;1749P;16265/2018;;Ordin_nr._1749P_din_19.07.2019.pdf
19.07.2019;1749P;56205/2018;Copii minori: 2;Ordin_nr._1749P_din_19.07.2019.pdf
19.07.2019;1749P;16374/2018;Copii minori: 1;Ordin_nr._1749P_din_19.07.2019.pdf
19.07.2019;1749P;15771/2018;;Ordin_nr._1749P_din_19.07.2019.pdf
19.07.2019;1749P;15771/2018;;Ordin_nr._1749P_din_19.07.2019.pdf
19.07.2019;1749P;56084/2018;;Ordin_nr._1749P_din_19.07.2019.pdf
19.07.2019;1749P;56084/2018;;Ordin_nr._1749P_din_19.07.2019.pdf
19.07.2019;1749P;56084/2018;Copii minori: 1;Ordin_nr._1749P_din_19.07.2019.pdf
19.07.2019;1749P;16302/2018;;Ordin_nr._1749P_din_19.07.2019.pdf
19.07.2019;1749P;55935/2018;;Ordin_nr._1749P_din_19.07.2019.pdf
19.07.2019;1749P;55899/2018;;Ordin_nr._1749P_din_19.07.2019.pdf
19.07.2019;1749P;56422/2018;;Ordin_nr._1749P_din_19.07.2019.pdf
19.07.2019;1749P;56418/2018;;Ordin_nr._1749P_din_19.07.2019.pdf
19.07.2019;1749P;56211/2018;;Ordin_nr._1749P_din_19.07.2019.pdf
19.07.2019;1749P;56381/2018;;Ordin_nr._1749P_din_19.07.2019.pdf
19.07.2019;1749P;16076/2018;;Ordin_nr._1749P_din_19.07.2019.pdf
19.07.2019;1749P;16231/2018;;Ordin_nr._1749P_din_19.07.2019.pdf
19.07.2019;1749P;16481/2018;;Ordin_nr._1749P_din_19.07.2019.pdf
19.07.2019;1749P;16481/2018;Copii minori: 1;Ordin_nr._1749P_din_19.07.2019.pdf
19.07.2019;1749P;16488/2018;;Ordin_nr._1749P_din_19.07.2019.pdf
19.07.2019;1749P;56261/2018;;Ordin_nr._1749P_din_19.07.2019.pdf
19.07.2019;1749P;56265/2018;;Ordin_nr._1749P_din_19.07.2019.pdf
19.07.2019;1749P;56168/2018;;Ordin_nr._1749P_din_19.07.2019.pdf
19.07.2019;1749P;16187/2018;;Ordin_nr._1749P_din_19.07.2019.pdf
19.07.2019;1749P;16216/2018;;Ordin_nr._1749P_din_19.07.2019.pdf
19.07.2019;1749P;16592/2018;;Ordin_nr._1749P_din_19.07.2019.pdf
19.07.2019;1749P;56406/2018;;Ordin_nr._1749P_din_19.07.2019.pdf
19.07.2019;1749P;56414/2018;;Ordin_nr._1749P_din_19.07.2019.pdf
19.07.2019;1749P;16107/2018;;Ordin_nr._1749P_din_19.07.2019.pdf
19.07.2019;1749P;56104/2018;;Ordin_nr._1749P_din_19.07.2019.pdf
19.07.2019;1749P;56301/2018;;Ordin_nr._1749P_din_19.07.2019.pdf
19.07.2019;1749P;56433/2018;;Ordin_nr._1749P_din_19.07.2019.pdf
19.07.2019;1749P;56162/2018;;Ordin_nr._1749P_din_19.07.2019.pdf
19.07.2019;1749P;56175/2018;;Ordin_nr._1749P_din_19.07.2019.pdf
19.07.2019;1749P;16253/2018;;Ordin_nr._1749P_din_19.07.2019.pdf
19.07.2019;1749P;56230/2018;Copii minori: 2;Ordin_nr._1749P_din_19.07.2019.pdf
18.07.2019;1746P;49603/2018;;Ordin_nr._1746P_din_18.07.2019.pdf
18.07.2019;1746P;41460/2018;;Ordin_nr._1746P_din_18.07.2019.pdf
18.07.2019;1746P;41429/2018;;Ordin_nr._1746P_din_18.07.2019.pdf
18.07.2019;1746P;41443/2018;Copii minori: 3;Ordin_nr._1746P_din_18.07.2019.pdf
18.07.2019;1746P;15508/2018;;Ordin_nr._1746P_din_18.07.2019.pdf
18.07.2019;1746P;15513/2018;;Ordin_nr._1746P_din_18.07.2019.pdf
18.07.2019;1746P;15503/2018;;Ordin_nr._1746P_din_18.07.2019.pdf
18.07.2019;1746P;81245/2018;;Ordin_nr._1746P_din_18.07.2019.pdf
18.07.2019;1746P;12297/2018;;Ordin_nr._1746P_din_18.07.2019.pdf
18.07.2019;1746P;12292/2018;;Ordin_nr._1746P_din_18.07.2019.pdf
18.07.2019;1746P;50036/2018;;Ordin_nr._1746P_din_18.07.2019.pdf
18.07.2019;1746P;50040/2018;;Ordin_nr._1746P_din_18.07.2019.pdf
18.07.2019;1746P;12288/2018;Copii minori: 3;Ordin_nr._1746P_din_18.07.2019.pdf
18.07.2019;1746P;81405/2018;;Ordin_nr._1746P_din_18.07.2019.pdf
18.07.2019;1746P;13805/2018;;Ordin_nr._1746P_din_18.07.2019.pdf
18.07.2019;1746P;41613/2018;Copii minori: 1;Ordin_nr._1746P_din_18.07.2019.pdf
18.07.2019;1746P;82354/2018;;Ordin_nr._1746P_din_18.07.2019.pdf
18.07.2019;1746P;82356/2018;;Ordin_nr._1746P_din_18.07.2019.pdf
18.07.2019;1746P;15483/2018;;Ordin_nr._1746P_din_18.07.2019.pdf
18.07.2019;1746P;41793/2018;;Ordin_nr._1746P_din_18.07.2019.pdf
18.07.2019;1746P;41794/2018;;Ordin_nr._1746P_din_18.07.2019.pdf
18.07.2019;1746P;13704/2018;Copii minori: 3;Ordin_nr._1746P_din_18.07.2019.pdf
18.07.2019;1746P;13694/2018;;Ordin_nr._1746P_din_18.07.2019.pdf
18.07.2019;1746P;12277/2018;Copii minori: 2;Ordin_nr._1746P_din_18.07.2019.pdf
18.07.2019;1746P;81241/2018;;Ordin_nr._1746P_din_18.07.2019.pdf
18.07.2019;1746P;41594/2018;;Ordin_nr._1746P_din_18.07.2019.pdf
18.07.2019;1746P;41597/2018;;Ordin_nr._1746P_din_18.07.2019.pdf
18.07.2019;1746P;41580/2018;;Ordin_nr._1746P_din_18.07.2019.pdf
18.07.2019;1746P;12271/2018;Copii minori: 2;Ordin_nr._1746P_din_18.07.2019.pdf
18.07.2019;1746P;82077/2018;;Ordin_nr._1746P_din_18.07.2019.pdf
18.07.2019;1746P;12693/2018;;Ordin_nr._1746P_din_18.07.2019.pdf
18.07.2019;1746P;49453/2018;Copii minori: 1;Ordin_nr._1746P_din_18.07.2019.pdf
18.07.2019;1746P;81652/2018;;Ordin_nr._1746P_din_18.07.2019.pdf
18.07.2019;1746P;81652/2018;;Ordin_nr._1746P_din_18.07.2019.pdf
18.07.2019;1746P;81248/2018;;Ordin_nr._1746P_din_18.07.2019.pdf
18.07.2019;1746P;41400/2018;;Ordin_nr._1746P_din_18.07.2019.pdf
18.07.2019;1746P;41405/2018;;Ordin_nr._1746P_din_18.07.2019.pdf
18.07.2019;1746P;41437/2018;Copii minori: 1;Ordin_nr._1746P_din_18.07.2019.pdf
18.07.2019;1746P;51283/2018;;Ordin_nr._1746P_din_18.07.2019.pdf
18.07.2019;1746P;51880/2018;;Ordin_nr._1746P_din_18.07.2019.pdf
18.07.2019;1746P;51876/2018;;Ordin_nr._1746P_din_18.07.2019.pdf
18.07.2019;1746P;41414/2018;Copii minori: 3;Ordin_nr._1746P_din_18.07.2019.pdf
18.07.2019;1746P;41387/2018;Copii minori: 4;Ordin_nr._1746P_din_18.07.2019.pdf
18.07.2019;1746P;82364/2018;Copii minori: 2;Ordin_nr._1746P_din_18.07.2019.pdf
18.07.2019;1746P;41368/2018;;Ordin_nr._1746P_din_18.07.2019.pdf
18.07.2019;1746P;14483/2018;Copii minori: 1;Ordin_nr._1746P_din_18.07.2019.pdf
18.07.2019;1746P;81238/2018;Copii minori: 1;Ordin_nr._1746P_din_18.07.2019.pdf
18.07.2019;1746P;82428/2018;Copii minori: 2;Ordin_nr._1746P_din_18.07.2019.pdf
18.07.2019;1746P;41450/2018;Copii minori: 3;Ordin_nr._1746P_din_18.07.2019.pdf
18.07.2019;1746P;50026/2018;Copii minori: 4;Ordin_nr._1746P_din_18.07.2019.pdf
18.07.2019;1746P;14440/2018;;Ordin_nr._1746P_din_18.07.2019.pdf
18.07.2019;1746P;14451/2018;;Ordin_nr._1746P_din_18.07.2019.pdf
18.07.2019;1746P;41474/2018;Copii minori: 3;Ordin_nr._1746P_din_18.07.2019.pdf
18.07.2019;1746P;41432/2018;;Ordin_nr._1746P_din_18.07.2019.pdf
18.07.2019;1746P;41461/2018;Copii minori: 3;Ordin_nr._1746P_din_18.07.2019.pdf
18.07.2019;1746P;49374/2018;;Ordin_nr._1746P_din_18.07.2019.pdf
18.07.2019;1746P;81508/2018;Copii minori: 2;Ordin_nr._1746P_din_18.07.2019.pdf
18.07.2019;1746P;12406/2018;;Ordin_nr._1746P_din_18.07.2019.pdf
18.07.2019;1746P;12413/2018;;Ordin_nr._1746P_din_18.07.2019.pdf
18.07.2019;1746P;51435/2018;;Ordin_nr._1746P_din_18.07.2019.pdf
18.07.2019;1746P;41393/2018;;Ordin_nr._1746P_din_18.07.2019.pdf
18.07.2019;1746P;15304/2018;Copii minori: 1;Ordin_nr._1746P_din_18.07.2019.pdf
18.07.2019;1746P;15309/2018;;Ordin_nr._1746P_din_18.07.2019.pdf
18.07.2019;1746P;15314/2018;;Ordin_nr._1746P_din_18.07.2019.pdf
18.07.2019;1746P;81420/2018;;Ordin_nr._1746P_din_18.07.2019.pdf
18.07.2019;1746P;81436/2018;;Ordin_nr._1746P_din_18.07.2019.pdf
18.07.2019;1746P;81554/2018;Copii minori: 1;Ordin_nr._1746P_din_18.07.2019.pdf
18.07.2019;1740P;62227/2017;Copii minori: 2;Ordin_nr._1740P-18.07.2019_art._10.pdf
18.07.2019;1740P;11297/2018;Copii minori: 3;Ordin_nr._1740P-18.07.2019_art._10.pdf
18.07.2019;1740P;10850/2018;Copii minori: 3;Ordin_nr._1740P-18.07.2019_art._10.pdf
18.07.2019;1740P;10091/2018;Copii minori: 2;Ordin_nr._1740P-18.07.2019_art._10.pdf
18.07.2019;1740P;31165/2018;Copii minori: 2;Ordin_nr._1740P-18.07.2019_art._10.pdf
18.07.2019;1740P;31172/2018;;Ordin_nr._1740P-18.07.2019_art._10.pdf
18.07.2019;1740P;29735/2018;;Ordin_nr._1740P-18.07.2019_art._10.pdf
18.07.2019;1740P;37799/2018;;Ordin_nr._1740P-18.07.2019_art._10.pdf
18.07.2019;1740P;30121/2018;;Ordin_nr._1740P-18.07.2019_art._10.pdf
18.07.2019;1740P;29112/2018;;Ordin_nr._1740P-18.07.2019_art._10.pdf
18.07.2019;1740P;29130/2018;;Ordin_nr._1740P-18.07.2019_art._10.pdf
18.07.2019;1740P;29122/2018;Copii minori: 2;Ordin_nr._1740P-18.07.2019_art._10.pdf
18.07.2019;1740P;10811/2018;;Ordin_nr._1740P-18.07.2019_art._10.pdf
18.07.2019;1740P;12184/2018;;Ordin_nr._1740P-18.07.2019_art._10.pdf
18.07.2019;1740P;12193/2018;;Ordin_nr._1740P-18.07.2019_art._10.pdf
18.07.2019;1740P;12163/2018;;Ordin_nr._1740P-18.07.2019_art._10.pdf
18.07.2019;1740P;33186/2018;;Ordin_nr._1740P-18.07.2019_art._10.pdf
18.07.2019;1740P;33190/2018;;Ordin_nr._1740P-18.07.2019_art._10.pdf
18.07.2019;1740P;11374/2018;;Ordin_nr._1740P-18.07.2019_art._10.pdf
18.07.2019;1740P;11372/2018;;Ordin_nr._1740P-18.07.2019_art._10.pdf
18.07.2019;1740P;32829/2018;Copii minori: 1;Ordin_nr._1740P-18.07.2019_art._10.pdf
18.07.2019;1740P;32820/2018;;Ordin_nr._1740P-18.07.2019_art._10.pdf
18.07.2019;1740P;12254/2018;;Ordin_nr._1740P-18.07.2019_art._10.pdf
18.07.2019;1740P;12223/2018;;Ordin_nr._1740P-18.07.2019_art._10.pdf
18.07.2019;1740P;32753/2018;;Ordin_nr._1740P-18.07.2019_art._10.pdf
18.07.2019;1740P;62226/2017;;Ordin_nr._1740P-18.07.2019_art._10.pdf
18.07.2019;1740P;66759/2017;Copii minori: 1;Ordin_nr._1740P-18.07.2019_art._10.pdf
18.07.2019;1740P;11879/2018;;Ordin_nr._1740P-18.07.2019_art._10.pdf
18.07.2019;1740P;11303/2018;;Ordin_nr._1740P-18.07.2019_art._10.pdf
18.07.2019;1740P;11307/2018;;Ordin_nr._1740P-18.07.2019_art._10.pdf
18.07.2019;1740P;31297/2018;;Ordin_nr._1740P-18.07.2019_art._10.pdf
18.07.2019;1740P;32761/2018;;Ordin_nr._1740P-18.07.2019_art._10.pdf
18.07.2019;1740P;28768/2018;;Ordin_nr._1740P-18.07.2019_art._10.pdf
18.07.2019;1740P;28771/2018;;Ordin_nr._1740P-18.07.2019_art._10.pdf
18.07.2019;1740P;28776/2018;;Ordin_nr._1740P-18.07.2019_art._10.pdf
18.07.2019;1740P;28869/2018;;Ordin_nr._1740P-18.07.2019_art._10.pdf
18.07.2019;1740P;28662/2018;;Ordin_nr._1740P-18.07.2019_art._10.pdf
18.07.2019;1740P;28655/2018;;Ordin_nr._1740P-18.07.2019_art._10.pdf
18.07.2019;1740P;28665/2018;;Ordin_nr._1740P-18.07.2019_art._10.pdf
18.07.2019;1740P;11314/2018;Copii minori: 1;Ordin_nr._1740P-18.07.2019_art._10.pdf
18.07.2019;1740P;32619/2018;;Ordin_nr._1740P-18.07.2019_art._10.pdf
18.07.2019;1740P;30010/2018;Copii minori: 2;Ordin_nr._1740P-18.07.2019_art._10.pdf
18.07.2019;1740P;11700/2018;;Ordin_nr._1740P-18.07.2019_art._10.pdf
18.07.2019;1740P;32275/2018;;Ordin_nr._1740P-18.07.2019_art._10.pdf
18.07.2019;1740P;29137/2018;;Ordin_nr._1740P-18.07.2019_art._10.pdf
18.07.2019;1740P;11726/2018;;Ordin_nr._1740P-18.07.2019_art._10.pdf
18.07.2019;1740P;12205/2018;;Ordin_nr._1740P-18.07.2019_art._10.pdf
18.07.2019;1740P;11754/2018;Copii minori: 2;Ordin_nr._1740P-18.07.2019_art._10.pdf
18.07.2019;1740P;12263/2018;Copii minori: 2;Ordin_nr._1740P-18.07.2019_art._10.pdf
18.07.2019;1740P;28516/2018;;Ordin_nr._1740P-18.07.2019_art._10.pdf
18.07.2019;1740P;10565/2018;;Ordin_nr._1740P-18.07.2019_art._10.pdf
18.07.2019;1740P;10565/2018;;Ordin_nr._1740P-18.07.2019_art._10.pdf
18.07.2019;1740P;5811/2018;;Ordin_nr._1740P-18.07.2019_art._10.pdf
18.07.2019;1740P;5811/2018;Copii minori: 1;Ordin_nr._1740P-18.07.2019_art._10.pdf
18.07.2019;1740P;32623/2018;;Ordin_nr._1740P-18.07.2019_art._10.pdf
18.07.2019;1740P;32628/2018;;Ordin_nr._1740P-18.07.2019_art._10.pdf
18.07.2019;1740P;38320/2018;;Ordin_nr._1740P-18.07.2019_art._10.pdf
18.07.2019;1740P;33057/2018;;Ordin_nr._1740P-18.07.2019_art._10.pdf
18.07.2019;1740P;10987/2018;;Ordin_nr._1740P-18.07.2019_art._10.pdf
17.07.2019;1739P;40883/2018;;Ordin_nr._1739P_din_17.07.2019.pdf
17.07.2019;1739P;36020/2018;;Ordin_nr._1739P_din_17.07.2019.pdf
17.07.2019;1739P;35796/2018;;Ordin_nr._1739P_din_17.07.2019.pdf
17.07.2019;1739P;35802/2018;;Ordin_nr._1739P_din_17.07.2019.pdf
17.07.2019;1739P;37531/2018;;Ordin_nr._1739P_din_17.07.2019.pdf
17.07.2019;1739P;37531/2018;Copii minori: 1;Ordin_nr._1739P_din_17.07.2019.pdf
17.07.2019;1739P;37543/2018;;Ordin_nr._1739P_din_17.07.2019.pdf
17.07.2019;1739P;48530/2018;Copii minori: 1;Ordin_nr._1739P_din_17.07.2019.pdf
17.07.2019;1739P;40570/2018;Copii minori: 3;Ordin_nr._1739P_din_17.07.2019.pdf
17.07.2019;1739P;49311/2018;;Ordin_nr._1739P_din_17.07.2019.pdf
17.07.2019;1739P;49301/2018;;Ordin_nr._1739P_din_17.07.2019.pdf
17.07.2019;1739P;39397/2018;Copii minori: 3;Ordin_nr._1739P_din_17.07.2019.pdf
17.07.2019;1739P;40076/2018;;Ordin_nr._1739P_din_17.07.2019.pdf
17.07.2019;1739P;39167/2018;Copii minori: 1;Ordin_nr._1739P_din_17.07.2019.pdf
17.07.2019;1739P;39175/2018;;Ordin_nr._1739P_din_17.07.2019.pdf
17.07.2019;1739P;40084/2018;;Ordin_nr._1739P_din_17.07.2019.pdf
17.07.2019;1739P;40066/2018;;Ordin_nr._1739P_din_17.07.2019.pdf
17.07.2019;1739P;38783/2018;;Ordin_nr._1739P_din_17.07.2019.pdf
17.07.2019;1739P;39852/2018;;Ordin_nr._1739P_din_17.07.2019.pdf
17.07.2019;1739P;48223/2018;;Ordin_nr._1739P_din_17.07.2019.pdf
17.07.2019;1739P;48333/2018;;Ordin_nr._1739P_din_17.07.2019.pdf
17.07.2019;1739P;35867/2018;;Ordin_nr._1739P_din_17.07.2019.pdf
17.07.2019;1739P;40234/2018;Copii minori: 2;Ordin_nr._1739P_din_17.07.2019.pdf
17.07.2019;1739P;40192/2018;Copii minori: 3;Ordin_nr._1739P_din_17.07.2019.pdf
17.07.2019;1739P;35820/2018;;Ordin_nr._1739P_din_17.07.2019.pdf
17.07.2019;1739P;39843/2018;;Ordin_nr._1739P_din_17.07.2019.pdf
17.07.2019;1739P;49110/2018;;Ordin_nr._1739P_din_17.07.2019.pdf
17.07.2019;1739P;49115/2018;;Ordin_nr._1739P_din_17.07.2019.pdf
17.07.2019;1739P;48536/2018;;Ordin_nr._1739P_din_17.07.2019.pdf
17.07.2019;1739P;40626/2018;;Ordin_nr._1739P_din_17.07.2019.pdf
17.07.2019;1739P;40339/2018;Copii minori: 3;Ordin_nr._1739P_din_17.07.2019.pdf
17.07.2019;1739P;35997/2018;;Ordin_nr._1739P_din_17.07.2019.pdf
17.07.2019;1739P;36248/2018;;Ordin_nr._1739P_din_17.07.2019.pdf
17.07.2019;1739P;36235/2018;;Ordin_nr._1739P_din_17.07.2019.pdf
17.07.2019;1739P;36240/2018;;Ordin_nr._1739P_din_17.07.2019.pdf
17.07.2019;1739P;36245/2018;;Ordin_nr._1739P_din_17.07.2019.pdf
17.07.2019;1739P;49221/2018;;Ordin_nr._1739P_din_17.07.2019.pdf
17.07.2019;1739P;49219/2018;;Ordin_nr._1739P_din_17.07.2019.pdf
17.07.2019;1739P;49216/2018;;Ordin_nr._1739P_din_17.07.2019.pdf
17.07.2019;1739P;40832/2018;;Ordin_nr._1739P_din_17.07.2019.pdf
17.07.2019;1739P;40842/2018;;Ordin_nr._1739P_din_17.07.2019.pdf
17.07.2019;1739P;49023/2018;;Ordin_nr._1739P_din_17.07.2019.pdf
17.07.2019;1739P;35848/2018;Copii minori: 2;Ordin_nr._1739P_din_17.07.2019.pdf
17.07.2019;1739P;48226/2018;;Ordin_nr._1739P_din_17.07.2019.pdf
17.07.2019;1739P;48943/2018;;Ordin_nr._1739P_din_17.07.2019.pdf
17.07.2019;1739P;48947/2018;;Ordin_nr._1739P_din_17.07.2019.pdf
17.07.2019;1739P;48951/2018;;Ordin_nr._1739P_din_17.07.2019.pdf
17.07.2019;1739P;48220/2018;;Ordin_nr._1739P_din_17.07.2019.pdf
17.07.2019;1739P;40324/2018;;Ordin_nr._1739P_din_17.07.2019.pdf
17.07.2019;1739P;35876/2018;Copii minori: 2;Ordin_nr._1739P_din_17.07.2019.pdf
17.07.2019;1739P;40577/2018;;Ordin_nr._1739P_din_17.07.2019.pdf
17.07.2019;1739P;35830/2018;;Ordin_nr._1739P_din_17.07.2019.pdf
17.07.2019;1739P;40463/2018;;Ordin_nr._1739P_din_17.07.2019.pdf
17.07.2019;1739P;49309/2018;;Ordin_nr._1739P_din_17.07.2019.pdf
17.07.2019;1739P;35920/2018;;Ordin_nr._1739P_din_17.07.2019.pdf
17.07.2019;1739P;35920/2018;;Ordin_nr._1739P_din_17.07.2019.pdf
17.07.2019;1739P;35909/2018;;Ordin_nr._1739P_din_17.07.2019.pdf
17.07.2019;1739P;35930/2018;;Ordin_nr._1739P_din_17.07.2019.pdf
17.07.2019;1739P;35938/2018;;Ordin_nr._1739P_din_17.07.2019.pdf
17.07.2019;1739P;39845/2018;;Ordin_nr._1739P_din_17.07.2019.pdf
17.07.2019;1739P;47638/2018;;Ordin_nr._1739P_din_17.07.2019.pdf
17.07.2019;1738P;28561/2018;;Ordin_nr._1738P_din_17.07.2019.pdf
17.07.2019;1738P;28567/2018;;Ordin_nr._1738P_din_17.07.2019.pdf
17.07.2019;1738P;28573/2018;;Ordin_nr._1738P_din_17.07.2019.pdf
17.07.2019;1738P;27328/2018;;Ordin_nr._1738P_din_17.07.2019.pdf
17.07.2019;1738P;18309/2018;;Ordin_nr._1738P_din_17.07.2019.pdf
17.07.2019;1738P;18310/2018;;Ordin_nr._1738P_din_17.07.2019.pdf
17.07.2019;1738P;10119/2018;;Ordin_nr._1738P_din_17.07.2019.pdf
17.07.2019;1738P;19783/2018;Copii minori: 2;Ordin_nr._1738P_din_17.07.2019.pdf
17.07.2019;1738P;18099/2018;Copii minori: 3;Ordin_nr._1738P_din_17.07.2019.pdf
17.07.2019;1738P;27309/2018;;Ordin_nr._1738P_din_17.07.2019.pdf
17.07.2019;1738P;19755/2018;;Ordin_nr._1738P_din_17.07.2019.pdf
17.07.2019;1738P;19225/2018;;Ordin_nr._1738P_din_17.07.2019.pdf
17.07.2019;1738P;19228/2018;;Ordin_nr._1738P_din_17.07.2019.pdf
17.07.2019;1738P;20835/2018;;Ordin_nr._1738P_din_17.07.2019.pdf
17.07.2019;1738P;19771/2018;;Ordin_nr._1738P_din_17.07.2019.pdf
17.07.2019;1738P;19779/2018;;Ordin_nr._1738P_din_17.07.2019.pdf
17.07.2019;1738P;10036/2018;Copii minori: 2;Ordin_nr._1738P_din_17.07.2019.pdf
17.07.2019;1738P;27897/2018;;Ordin_nr._1738P_din_17.07.2019.pdf
17.07.2019;1738P;10399/2018;;Ordin_nr._1738P_din_17.07.2019.pdf
17.07.2019;1738P;18223/2018;Copii minori: 2;Ordin_nr._1738P_din_17.07.2019.pdf
17.07.2019;1738P;20507/2018;Copii minori: 2;Ordin_nr._1738P_din_17.07.2019.pdf
17.07.2019;1738P;26714/2018;;Ordin_nr._1738P_din_17.07.2019.pdf
17.07.2019;1738P;10046/2018;Copii minori: 1;Ordin_nr._1738P_din_17.07.2019.pdf
17.07.2019;1738P;10067/2018;;Ordin_nr._1738P_din_17.07.2019.pdf
17.07.2019;1738P;10046/2018;;Ordin_nr._1738P_din_17.07.2019.pdf
17.07.2019;1738P;20304/2018;;Ordin_nr._1738P_din_17.07.2019.pdf
17.07.2019;1738P;27806/2018;;Ordin_nr._1738P_din_17.07.2019.pdf
17.07.2019;1738P;27810/2018;;Ordin_nr._1738P_din_17.07.2019.pdf
17.07.2019;1738P;18283/2018;;Ordin_nr._1738P_din_17.07.2019.pdf
17.07.2019;1738P;18283/2018;Copii minori: 1;Ordin_nr._1738P_din_17.07.2019.pdf
17.07.2019;1738P;10060/2018;Copii minori: 2;Ordin_nr._1738P_din_17.07.2019.pdf
17.07.2019;1738P;10140/2018;;Ordin_nr._1738P_din_17.07.2019.pdf
17.07.2019;1738P;19309/2018;;Ordin_nr._1738P_din_17.07.2019.pdf
17.07.2019;1738P;19309/2018;Copii minori: 1;Ordin_nr._1738P_din_17.07.2019.pdf
17.07.2019;1738P;19317/2018;;Ordin_nr._1738P_din_17.07.2019.pdf
17.07.2019;1738P;19776/2018;;Ordin_nr._1738P_din_17.07.2019.pdf
17.07.2019;1738P;19778/2018;;Ordin_nr._1738P_din_17.07.2019.pdf
17.07.2019;1738P;27316/2018;Copii minori: 1;Ordin_nr._1738P_din_17.07.2019.pdf
17.07.2019;1738P;18097/2018;;Ordin_nr._1738P_din_17.07.2019.pdf
17.07.2019;1738P;18076/2018;;Ordin_nr._1738P_din_17.07.2019.pdf
17.07.2019;1738P;9986/2018;;Ordin_nr._1738P_din_17.07.2019.pdf
17.07.2019;1738P;27502/2018;Copii minori: 1;Ordin_nr._1738P_din_17.07.2019.pdf
17.07.2019;1738P;27506/2018;;Ordin_nr._1738P_din_17.07.2019.pdf
17.07.2019;1738P;27490/2018;;Ordin_nr._1738P_din_17.07.2019.pdf
17.07.2019;1738P;27494/2018;Copii minori: 2;Ordin_nr._1738P_din_17.07.2019.pdf
17.07.2019;1738P;25552/2018;Copii minori: 2;Ordin_nr._1738P_din_17.07.2019.pdf
17.07.2019;1738P;9936/2018;;Ordin_nr._1738P_din_17.07.2019.pdf
17.07.2019;1738P;19710/2018;;Ordin_nr._1738P_din_17.07.2019.pdf
17.07.2019;1738P;10546/2018;Copii minori: 2;Ordin_nr._1738P_din_17.07.2019.pdf
17.07.2019;1738P;18297/2018;;Ordin_nr._1738P_din_17.07.2019.pdf
17.07.2019;1738P;18096/2018;;Ordin_nr._1738P_din_17.07.2019.pdf
17.07.2019;1738P;18079/2018;;Ordin_nr._1738P_din_17.07.2019.pdf
17.07.2019;1738P;19680/2018;;Ordin_nr._1738P_din_17.07.2019.pdf
17.07.2019;1738P;19685/2018;;Ordin_nr._1738P_din_17.07.2019.pdf
17.07.2019;1738P;10145/2018;Copii minori: 2;Ordin_nr._1738P_din_17.07.2019.pdf
17.07.2019;1738P;19787/2018;;Ordin_nr._1738P_din_17.07.2019.pdf
17.07.2019;1738P;9993/2018;;Ordin_nr._1738P_din_17.07.2019.pdf
17.07.2019;1738P;9997/2018;;Ordin_nr._1738P_din_17.07.2019.pdf
17.07.2019;1738P;26383/2018;;Ordin_nr._1738P_din_17.07.2019.pdf
17.07.2019;1738P;18028/2018;;Ordin_nr._1738P_din_17.07.2019.pdf
17.07.2019;1738P;9969/2018;;Ordin_nr._1738P_din_17.07.2019.pdf
17.07.2019;1738P;9977/2018;;Ordin_nr._1738P_din_17.07.2019.pdf
17.07.2019;1738P;19130/2018;Copii minori: 3;Ordin_nr._1738P_din_17.07.2019.pdf
17.07.2019;1738P;19694/2018;;Ordin_nr._1738P_din_17.07.2019.pdf
17.07.2019;1738P;19701/2018;;Ordin_nr._1738P_din_17.07.2019.pdf
17.07.2019;1738P;19767/2018;;Ordin_nr._1738P_din_17.07.2019.pdf
17.07.2019;1738P;19757/2018;;Ordin_nr._1738P_din_17.07.2019.pdf
17.07.2019;1738P;19761/2018;;Ordin_nr._1738P_din_17.07.2019.pdf
17.07.2019;1738P;18019/2018;;Ordin_nr._1738P_din_17.07.2019.pdf
17.07.2019;1738P;18087/2018;;Ordin_nr._1738P_din_17.07.2019.pdf
17.07.2019;1738P;18023/2018;;Ordin_nr._1738P_din_17.07.2019.pdf
17.07.2019;1738P;18067/2018;Copii minori: 2;Ordin_nr._1738P_din_17.07.2019.pdf
17.07.2019;1738P;19744/2018;;Ordin_nr._1738P_din_17.07.2019.pdf
17.07.2019;1738P;19790/2018;;Ordin_nr._1738P_din_17.07.2019.pdf
17.07.2019;1738P;10555/2018;;Ordin_nr._1738P_din_17.07.2019.pdf
17.07.2019;1738P;18093/2018;;Ordin_nr._1738P_din_17.07.2019.pdf
17.07.2019;1737P;23623/2017;;Ordin_nr._1737P_din_17.07.2019.pdf
17.07.2019;1737P;65893/2017;;Ordin_nr._1737P_din_17.07.2019.pdf
17.07.2019;1737P;84153/2017;;Ordin_nr._1737P_din_17.07.2019.pdf
17.07.2019;1737P;75202/2017;Copii minori: 1;Ordin_nr._1737P_din_17.07.2019.pdf
17.07.2019;1737P;107665/2016;Copii minori: 1;Ordin_nr._1737P_din_17.07.2019.pdf
17.07.2019;1737P;88642/2017;Copii minori: 3;Ordin_nr._1737P_din_17.07.2019.pdf
17.07.2019;1737P;88649/2017;;Ordin_nr._1737P_din_17.07.2019.pdf
17.07.2019;1737P;82420/2017;Copii minori: 3;Ordin_nr._1737P_din_17.07.2019.pdf
17.07.2019;1737P;63341/2016;;Ordin_nr._1737P_din_17.07.2019.pdf
17.07.2019;1737P;79802/2017;;Ordin_nr._1737P_din_17.07.2019.pdf
17.07.2019;1737P;79796/2017;;Ordin_nr._1737P_din_17.07.2019.pdf
17.07.2019;1737P;80200/2017;;Ordin_nr._1737P_din_17.07.2019.pdf
17.07.2019;1737P;79789/2017;Copii minori: 2;Ordin_nr._1737P_din_17.07.2019.pdf
17.07.2019;1737P;108752/2016;;Ordin_nr._1737P_din_17.07.2019.pdf
17.07.2019;1737P;84263/2017;Copii minori: 2;Ordin_nr._1737P_din_17.07.2019.pdf
17.07.2019;1737P;71411/2017;Copii minori: 1;Ordin_nr._1737P_din_17.07.2019.pdf
17.07.2019;1737P;69137/2017;;Ordin_nr._1737P_din_17.07.2019.pdf
17.07.2019;1737P;71420/2017;Copii minori: 3;Ordin_nr._1737P_din_17.07.2019.pdf
17.07.2019;1737P;71402/2017;;Ordin_nr._1737P_din_17.07.2019.pdf
17.07.2019;1737P;69555/2017;;Ordin_nr._1737P_din_17.07.2019.pdf
17.07.2019;1737P;77696/2017;Copii minori: 3;Ordin_nr._1737P_din_17.07.2019.pdf
17.07.2019;1737P;82117/2017;;Ordin_nr._1737P_din_17.07.2019.pdf
17.07.2019;1737P;82120/2017;;Ordin_nr._1737P_din_17.07.2019.pdf
17.07.2019;1737P;79522/2017;;Ordin_nr._1737P_din_17.07.2019.pdf
17.07.2019;1737P;55103/2017;;Ordin_nr._1737P_din_17.07.2019.pdf
17.07.2019;1737P;96514/2016;Copii minori: 1;Ordin_nr._1737P_din_17.07.2019.pdf
17.07.2019;1737P;72649/2017;Copii minori: 3;Ordin_nr._1737P_din_17.07.2019.pdf
17.07.2019;1737P;71411/2017;;Ordin_nr._1737P_din_17.07.2019.pdf
17.07.2019;1737P;77540/2017;Copii minori: 3;Ordin_nr._1737P_din_17.07.2019.pdf
17.07.2019;1737P;77531/2017;Copii minori: 3;Ordin_nr._1737P_din_17.07.2019.pdf
17.07.2019;1737P;50479/2017;;Ordin_nr._1737P_din_17.07.2019.pdf
17.07.2019;1737P;77676/2017;;Ordin_nr._1737P_din_17.07.2019.pdf
17.07.2019;1737P;77671/2017;;Ordin_nr._1737P_din_17.07.2019.pdf
17.07.2019;1737P;77667/2017;;Ordin_nr._1737P_din_17.07.2019.pdf
17.07.2019;1737P;11740/2017;Copii minori: 1;Ordin_nr._1737P_din_17.07.2019.pdf
17.07.2019;1737P;100714/2016;Copii minori: 1;Ordin_nr._1737P_din_17.07.2019.pdf
17.07.2019;1737P;17564/2019;;Ordin_nr._1737P_din_17.07.2019.pdf
17.07.2019;1737P;88653/2017;;Ordin_nr._1737P_din_17.07.2019.pdf
17.07.2019;1737P;100758/2016;Copii minori: 3;Ordin_nr._1737P_din_17.07.2019.pdf
17.07.2019;1737P;60488/2017;;Ordin_nr._1737P_din_17.07.2019.pdf
17.07.2019;1737P;87424/2016;;Ordin_nr._1737P_din_17.07.2019.pdf
17.07.2019;1737P;79101/2017;;Ordin_nr._1737P_din_17.07.2019.pdf
16.07.2019;1735P;98911/2018;;Ordin_nr._1735P_din_16.07.2019.pdf
16.07.2019;1735P;99428/2018;;Ordin_nr._1735P_din_16.07.2019.pdf
16.07.2019;1735P;99442/2018;;Ordin_nr._1735P_din_16.07.2019.pdf
16.07.2019;1735P;98740/2018;;Ordin_nr._1735P_din_16.07.2019.pdf
16.07.2019;1735P;98782/2018;;Ordin_nr._1735P_din_16.07.2019.pdf
16.07.2019;1735P;23560/2018;Copii minori: 2;Ordin_nr._1735P_din_16.07.2019.pdf
16.07.2019;1735P;23563/2018;;Ordin_nr._1735P_din_16.07.2019.pdf
16.07.2019;1735P;99423/2018;;Ordin_nr._1735P_din_16.07.2019.pdf
16.07.2019;1735P;23554/2018;;Ordin_nr._1735P_din_16.07.2019.pdf
16.07.2019;1735P;23902/2018;;Ordin_nr._1735P_din_16.07.2019.pdf
16.07.2019;1735P;23895/2018;;Ordin_nr._1735P_din_16.07.2019.pdf
16.07.2019;1735P;23899/2018;;Ordin_nr._1735P_din_16.07.2019.pdf
16.07.2019;1735P;23889/2018;;Ordin_nr._1735P_din_16.07.2019.pdf
16.07.2019;1735P;98800/2018;;Ordin_nr._1735P_din_16.07.2019.pdf
16.07.2019;1735P;98810/2018;;Ordin_nr._1735P_din_16.07.2019.pdf
16.07.2019;1735P;98869/2018;;Ordin_nr._1735P_din_16.07.2019.pdf
16.07.2019;1735P;23567/2018;;Ordin_nr._1735P_din_16.07.2019.pdf
16.07.2019;1735P;98723/2018;;Ordin_nr._1735P_din_16.07.2019.pdf
16.07.2019;1735P;23952/2018;;Ordin_nr._1735P_din_16.07.2019.pdf
16.07.2019;1735P;98935/2018;;Ordin_nr._1735P_din_16.07.2019.pdf
16.07.2019;1735P;98892/2018;;Ordin_nr._1735P_din_16.07.2019.pdf
16.07.2019;1735P;23611/2018;;Ordin_nr._1735P_din_16.07.2019.pdf
16.07.2019;1735P;23750/2018;Copii minori: 4;Ordin_nr._1735P_din_16.07.2019.pdf
16.07.2019;1735P;99460/2018;;Ordin_nr._1735P_din_16.07.2019.pdf
16.07.2019;1735P;23746/2018;Copii minori: 3;Ordin_nr._1735P_din_16.07.2019.pdf
16.07.2019;1735P;98903/2018;Copii minori: 1;Ordin_nr._1735P_din_16.07.2019.pdf
16.07.2019;1735P;24599/2018;;Ordin_nr._1735P_din_16.07.2019.pdf
16.07.2019;1735P;98730/2018;;Ordin_nr._1735P_din_16.07.2019.pdf
16.07.2019;1735P;98702/2018;;Ordin_nr._1735P_din_16.07.2019.pdf
16.07.2019;1735P;98888/2018;Copii minori: 1;Ordin_nr._1735P_din_16.07.2019.pdf
16.07.2019;1735P;98693/2018;;Ordin_nr._1735P_din_16.07.2019.pdf
16.07.2019;1735P;98709/2018;;Ordin_nr._1735P_din_16.07.2019.pdf
16.07.2019;1735P;24769/2018;;Ordin_nr._1735P_din_16.07.2019.pdf
16.07.2019;1735P;24909/2018;;Ordin_nr._1735P_din_16.07.2019.pdf
16.07.2019;1735P;24905/2018;Copii minori: 2;Ordin_nr._1735P_din_16.07.2019.pdf
16.07.2019;1735P;99768/2018;;Ordin_nr._1735P_din_16.07.2019.pdf
16.07.2019;1735P;23606/2018;;Ordin_nr._1735P_din_16.07.2019.pdf
16.07.2019;1735P;98324/2018;;Ordin_nr._1735P_din_16.07.2019.pdf
16.07.2019;1735P;99419/2018;;Ordin_nr._1735P_din_16.07.2019.pdf
16.07.2019;1735P;98769/2018;;Ordin_nr._1735P_din_16.07.2019.pdf
16.07.2019;1735P;24661/2018;;Ordin_nr._1735P_din_16.07.2019.pdf
16.07.2019;1735P;24653/2018;;Ordin_nr._1735P_din_16.07.2019.pdf
16.07.2019;1735P;24648/2018;;Ordin_nr._1735P_din_16.07.2019.pdf
16.07.2019;1735P;24655/2018;;Ordin_nr._1735P_din_16.07.2019.pdf
16.07.2019;1735P;98100/2018;;Ordin_nr._1735P_din_16.07.2019.pdf
18.06.2019;1439P;76406/2017;;Ordin_nr._1439P_din_18.06.2019.pdf
18.06.2019;1439P;76402/2017;;Ordin_nr._1439P_din_18.06.2019.pdf
18.06.2019;1439P;76400/2017;Copii minori: 2;Ordin_nr._1439P_din_18.06.2019.pdf
18.06.2019;1439P;76394/2017;;Ordin_nr._1439P_din_18.06.2019.pdf
18.06.2019;1439P;90110/2017;Copii minori: 1;Ordin_nr._1439P_din_18.06.2019.pdf
18.06.2019;1439P;90100/2017;;Ordin_nr._1439P_din_18.06.2019.pdf
18.06.2019;1439P;89871/2017;;Ordin_nr._1439P_din_18.06.2019.pdf
18.06.2019;1439P;92187/2017;;Ordin_nr._1439P_din_18.06.2019.pdf
18.06.2019;1439P;92191/2017;;Ordin_nr._1439P_din_18.06.2019.pdf
18.06.2019;1439P;91519/2017;;Ordin_nr._1439P_din_18.06.2019.pdf
18.06.2019;1439P;90522/2017;;Ordin_nr._1439P_din_18.06.2019.pdf
18.06.2019;1439P;91512/2017;;Ordin_nr._1439P_din_18.06.2019.pdf
18.06.2019;1439P;91510/2017;;Ordin_nr._1439P_din_18.06.2019.pdf
18.06.2019;1439P;91499/2017;;Ordin_nr._1439P_din_18.06.2019.pdf
18.06.2019;1439P;91499/2017;Copii minori: 1;Ordin_nr._1439P_din_18.06.2019.pdf
18.06.2019;1439P;91475/2017;;Ordin_nr._1439P_din_18.06.2019.pdf
18.06.2019;1439P;77580/2017;;Ordin_nr._1439P_din_18.06.2019.pdf
18.06.2019;1439P;76554/2017;;Ordin_nr._1439P_din_18.06.2019.pdf
18.06.2019;1439P;76883/2017;Copii minori: 1;Ordin_nr._1439P_din_18.06.2019.pdf
18.06.2019;1439P;76871/2017;Copii minori: 1;Ordin_nr._1439P_din_18.06.2019.pdf
18.06.2019;1439P;76875/2017;;Ordin_nr._1439P_din_18.06.2019.pdf
18.06.2019;1439P;9476/2019;;Ordin_nr._1439P_din_18.06.2019.pdf
18.06.2019;1439P;112195/2016;;Ordin_nr._1439P_din_18.06.2019.pdf
18.06.2019;1439P;89371/2017;;Ordin_nr._1439P_din_18.06.2019.pdf
18.06.2019;1439P;77274/2017;;Ordin_nr._1439P_din_18.06.2019.pdf
18.06.2019;1439P;91559/2017;;Ordin_nr._1439P_din_18.06.2019.pdf
18.06.2019;1439P;77294/2017;Copii minori: 2;Ordin_nr._1439P_din_18.06.2019.pdf
18.06.2019;1439P;89386/2017;;Ordin_nr._1439P_din_18.06.2019.pdf
18.06.2019;1439P;89389/2017;;Ordin_nr._1439P_din_18.06.2019.pdf
18.06.2019;1439P;90136/2017;;Ordin_nr._1439P_din_18.06.2019.pdf
18.06.2019;1439P;96555/2016;Copii minori: 2;Ordin_nr._1439P_din_18.06.2019.pdf
18.06.2019;1439P;91683/2017;;Ordin_nr._1439P_din_18.06.2019.pdf
18.06.2019;1439P;29284/2017;Copii minori: 2;Ordin_nr._1439P_din_18.06.2019.pdf
18.06.2019;1439P;91704/2017;;Ordin_nr._1439P_din_18.06.2019.pdf
18.06.2019;1439P;89478/2017;Copii minori: 1;Ordin_nr._1439P_din_18.06.2019.pdf
18.06.2019;1439P;89492/2017;;Ordin_nr._1439P_din_18.06.2019.pdf
18.06.2019;1439P;89485/2017;;Ordin_nr._1439P_din_18.06.2019.pdf
18.06.2019;1439P;92087/2017;;Ordin_nr._1439P_din_18.06.2019.pdf
18.06.2019;1439P;77351/2017;;Ordin_nr._1439P_din_18.06.2019.pdf
18.06.2019;1439P;77344/2017;;Ordin_nr._1439P_din_18.06.2019.pdf
18.06.2019;1439P;77354/2017;;Ordin_nr._1439P_din_18.06.2019.pdf
18.06.2019;1439P;90127/2017;Copii minori: 1;Ordin_nr._1439P_din_18.06.2019.pdf
18.06.2019;1439P;90130/2017;;Ordin_nr._1439P_din_18.06.2019.pdf
18.06.2019;1439P;89381/2017;;Ordin_nr._1439P_din_18.06.2019.pdf
18.06.2019;1439P;77303/2017;;Ordin_nr._1439P_din_18.06.2019.pdf
18.06.2019;1439P;77306/2017;Copii minori: 2;Ordin_nr._1439P_din_18.06.2019.pdf
18.06.2019;1439P;76861/2017;;Ordin_nr._1439P_din_18.06.2019.pdf
18.06.2019;1439P;76866/2017;;Ordin_nr._1439P_din_18.06.2019.pdf
18.06.2019;1439P;91504/2017;;Ordin_nr._1439P_din_18.06.2019.pdf
18.06.2019;1439P;92091/2017;;Ordin_nr._1439P_din_18.06.2019.pdf
18.06.2019;1439P;91696/2017;;Ordin_nr._1439P_din_18.06.2019.pdf
18.06.2019;1439P;91700/2017;;Ordin_nr._1439P_din_18.06.2019.pdf
18.06.2019;1439P;91691/2017;;Ordin_nr._1439P_din_18.06.2019.pdf
18.06.2019;1439P;91622/2017;Copii minori: 1;Ordin_nr._1439P_din_18.06.2019.pdf
18.06.2019;1439P;89395/2017;;Ordin_nr._1439P_din_18.06.2019.pdf
18.06.2019;1439P;89399/2017;;Ordin_nr._1439P_din_18.06.2019.pdf
18.06.2019;1439P;89392/2017;;Ordin_nr._1439P_din_18.06.2019.pdf
18.06.2019;1439P;90119/2017;Copii minori: 2;Ordin_nr._1439P_din_18.06.2019.pdf
18.06.2019;1439P;91483/2017;Copii minori: 1;Ordin_nr._1439P_din_18.06.2019.pdf
18.06.2019;1439P;91494/2017;Copii minori: 2;Ordin_nr._1439P_din_18.06.2019.pdf
31.05.2019;1326P;92753/2017;;Ordin_nr._1326P_din_31.05.2019.pdf
31.05.2019;1326P;92742/2017;;Ordin_nr._1326P_din_31.05.2019.pdf
31.05.2019;1326P;101792/2016;;Ordin_nr._1326P_din_31.05.2019.pdf
31.05.2019;1326P;51352/2016;;Ordin_nr._1326P_din_31.05.2019.pdf
31.05.2019;1326P;8376/2018;;Ordin_nr._1326P_din_31.05.2019.pdf
31.05.2019;1326P;8369/2018;;Ordin_nr._1326P_din_31.05.2019.pdf
31.05.2019;1326P;10953/2014;;Ordin_nr._1326P_din_31.05.2019.pdf
31.05.2019;1326P;7640/2018;Copii minori: 1;Ordin_nr._1326P_din_31.05.2019.pdf
31.05.2019;1326P;7643/2018;;Ordin_nr._1326P_din_31.05.2019.pdf
31.05.2019;1326P;7640/2018;;Ordin_nr._1326P_din_31.05.2019.pdf
31.05.2019;1326P;76302/2016;;Ordin_nr._1326P_din_31.05.2019.pdf
31.05.2019;1326P;7427/2018;;Ordin_nr._1326P_din_31.05.2019.pdf
31.05.2019;1326P;9219/2015;;Ordin_nr._1326P_din_31.05.2019.pdf
31.05.2019;1326P;7761/2018;;Ordin_nr._1326P_din_31.05.2019.pdf
31.05.2019;1326P;7284/2018;;Ordin_nr._1326P_din_31.05.2019.pdf
31.05.2019;1326P;81684/2016;;Ordin_nr._1326P_din_31.05.2019.pdf
31.05.2019;1326P;78987/2016;Copii minori: 3;Ordin_nr._1326P_din_31.05.2019.pdf
31.05.2019;1326P;7416/2018;Copii minori: 3;Ordin_nr._1326P_din_31.05.2019.pdf
31.05.2019;1326P;7449/2018;;Ordin_nr._1326P_din_31.05.2019.pdf
31.05.2019;1326P;7421/2018;;Ordin_nr._1326P_din_31.05.2019.pdf
31.05.2019;1326P;8619/2018;;Ordin_nr._1326P_din_31.05.2019.pdf
31.05.2019;1326P;8621/2018;;Ordin_nr._1326P_din_31.05.2019.pdf
31.05.2019;1326P;80171/2017;;Ordin_nr._1326P_din_31.05.2019.pdf
31.05.2019;1326P;41811/2017;;Ordin_nr._1326P_din_31.05.2019.pdf
31.05.2019;1326P;41808/2017;;Ordin_nr._1326P_din_31.05.2019.pdf
31.05.2019;1326P;82431/2017;;Ordin_nr._1326P_din_31.05.2019.pdf
31.05.2019;1326P;93005/2017;;Ordin_nr._1326P_din_31.05.2019.pdf
31.05.2019;1326P;5786/2018;Copii minori: 3;Ordin_nr._1326P_din_31.05.2019.pdf
31.05.2019;1326P;6983/2018;;Ordin_nr._1326P_din_31.05.2019.pdf
31.05.2019;1326P;7724/2018;;Ordin_nr._1326P_din_31.05.2019.pdf
31.05.2019;1326P;82807/2018;Copii minori: 1;Ordin_nr._1326P_din_31.05.2019.pdf
31.05.2019;1326P;5512/2018;;Ordin_nr._1326P_din_31.05.2019.pdf
31.05.2019;1326P;6387/2018;;Ordin_nr._1326P_din_31.05.2019.pdf
31.05.2019;1326P;7692/2018;;Ordin_nr._1326P_din_31.05.2019.pdf
29.03.2019;875P;86906/2017;;Ordin_nr._875P_din_29.03.2019.pdf
29.03.2019;875P;86906/2017;Copii minori: 1;Ordin_nr._875P_din_29.03.2019.pdf
29.03.2019;875P;86914/2017;;Ordin_nr._875P_din_29.03.2019.pdf
29.03.2019;875P;91435/2017;Copii minori: 2;Ordin_nr._875P_din_29.03.2019.pdf
29.03.2019;875P;17082/2018;;Ordin_nr._875P_din_29.03.2019.pdf
29.03.2019;875P;17041/2018;;Ordin_nr._875P_din_29.03.2019.pdf
29.03.2019;875P;17075/2018;;Ordin_nr._875P_din_29.03.2019.pdf
29.03.2019;875P;91405/2017;Copii minori: 1;Ordin_nr._875P_din_29.03.2019.pdf
29.03.2019;875P;91422/2017;;Ordin_nr._875P_din_29.03.2019.pdf
29.03.2019;875P;71714/2017;;Ordin_nr._875P_din_29.03.2019.pdf
29.03.2019;875P;91358/2017;Copii minori: 3;Ordin_nr._875P_din_29.03.2019.pdf
29.03.2019;875P;91114/2017;;Ordin_nr._875P_din_29.03.2019.pdf
29.03.2019;875P;91123/2017;;Ordin_nr._875P_din_29.03.2019.pdf
29.03.2019;875P;91110/2017;Copii minori: 1;Ordin_nr._875P_din_29.03.2019.pdf
29.03.2019;875P;88030/2017;;Ordin_nr._875P_din_29.03.2019.pdf
29.03.2019;875P;88041/2017;;Ordin_nr._875P_din_29.03.2019.pdf
29.03.2019;875P;91369/2017;;Ordin_nr._875P_din_29.03.2019.pdf
29.03.2019;875P;91324/2017;;Ordin_nr._875P_din_29.03.2019.pdf
29.03.2019;875P;91415/2017;;Ordin_nr._875P_din_29.03.2019.pdf
29.03.2019;875P;91445/2017;Copii minori: 1;Ordin_nr._875P_din_29.03.2019.pdf
29.03.2019;875P;91391/2017;;Ordin_nr._875P_din_29.03.2019.pdf
29.03.2019;875P;91391/2017;;Ordin_nr._875P_din_29.03.2019.pdf
29.03.2019;875P;91469/2017;;Ordin_nr._875P_din_29.03.2019.pdf
29.03.2019;875P;91464/2017;;Ordin_nr._875P_din_29.03.2019.pdf
29.03.2019;875P;91380/2017;Copii minori: 3;Ordin_nr._875P_din_29.03.2019.pdf
29.03.2019;875P;87956/2017;Copii minori: 4;Ordin_nr._875P_din_29.03.2019.pdf
29.03.2019;875P;87961/2017;;Ordin_nr._875P_din_29.03.2019.pdf
29.03.2019;875P;87991/2017;Copii minori: 2;Ordin_nr._875P_din_29.03.2019.pdf
29.03.2019;875P;88811/2017;;Ordin_nr._875P_din_29.03.2019.pdf
29.03.2019;875P;88814/2017;;Ordin_nr._875P_din_29.03.2019.pdf
29.03.2019;875P;91425/2017;;Ordin_nr._875P_din_29.03.2019.pdf
29.03.2019;875P;89503/2017;Copii minori: 1;Ordin_nr._875P_din_29.03.2019.pdf
29.03.2019;875P;91351/2017;;Ordin_nr._875P_din_29.03.2019.pdf
29.03.2019;875P;87604/2017;;Ordin_nr._875P_din_29.03.2019.pdf
29.03.2019;875P;87187/2017;;Ordin_nr._875P_din_29.03.2019.pdf
29.03.2019;875P;91366/2017;;Ordin_nr._875P_din_29.03.2019.pdf
29.03.2019;875P;87810/2017;;Ordin_nr._875P_din_29.03.2019.pdf
29.03.2019;875P;91203/2017;;Ordin_nr._875P_din_29.03.2019.pdf
29.03.2019;875P;87728/2017;;Ordin_nr._875P_din_29.03.2019.pdf
29.03.2019;875P;91194/2017;;Ordin_nr._875P_din_29.03.2019.pdf
08.03.2019;696P;103882/2016;;Ordin_nr._696P_din_08_03_2019.pdf
08.03.2019;696P;37895/2017;Copii minori: 3;Ordin_nr._696P_din_08_03_2019.pdf
08.03.2019;696P;37880/2017;Copii minori: 1;Ordin_nr._696P_din_08_03_2019.pdf
08.03.2019;696P;37880/2017;;Ordin_nr._696P_din_08_03_2019.pdf
08.03.2019;696P;103770/2016;;Ordin_nr._696P_din_08_03_2019.pdf
08.03.2019;696P;37893/2017;;Ordin_nr._696P_din_08_03_2019.pdf
08.03.2019;696P;37913/2017;;Ordin_nr._696P_din_08_03_2019.pdf
08.03.2019;696P;37912/2017;;Ordin_nr._696P_din_08_03_2019.pdf
08.03.2019;696P;37911/2017;;Ordin_nr._696P_din_08_03_2019.pdf
08.03.2019;696P;61942/2016;;Ordin_nr._696P_din_08_03_2019.pdf
08.03.2019;696P;100715/2016;;Ordin_nr._696P_din_08_03_2019.pdf
08.03.2019;696P;36985/2017;Copii minori: 3;Ordin_nr._696P_din_08_03_2019.pdf
08.03.2019;696P;36978/2017;;Ordin_nr._696P_din_08_03_2019.pdf
08.03.2019;696P;36832/2017;Copii minori: 1;Ordin_nr._696P_din_08_03_2019.pdf
08.03.2019;696P;37887/2017;;Ordin_nr._696P_din_08_03_2019.pdf
08.03.2019;696P;37917/2017;;Ordin_nr._696P_din_08_03_2019.pdf
08.03.2019;696P;37894/2017;;Ordin_nr._696P_din_08_03_2019.pdf
08.03.2019;696P;37915/2017;;Ordin_nr._696P_din_08_03_2019.pdf
08.03.2019;696P;37892/2017;;Ordin_nr._696P_din_08_03_2019.pdf
08.03.2019;696P;37914/2017;;Ordin_nr._696P_din_08_03_2019.pdf
08.03.2019;696P;55248/2015;;Ordin_nr._696P_din_08_03_2019.pdf
08.03.2019;696P;100726/2016;Copii minori: 2;Ordin_nr._696P_din_08_03_2019.pdf
08.03.2019;696P;87998/2016;;Ordin_nr._696P_din_08_03_2019.pdf
08.03.2019;696P;59596/2016;;Ordin_nr._696P_din_08_03_2019.pdf
08.03.2019;696P;37873/2017;Copii minori: 1;Ordin_nr._696P_din_08_03_2019.pdf
08.03.2019;696P;103882/2016;;Ordin_nr._696P_din_08_03_2019.pdf
08.03.2019;696P;37456/2017;;Ordin_nr._696P_din_08_03_2019.pdf
08.03.2019;696P;37467/2017;;Ordin_nr._696P_din_08_03_2019.pdf
08.03.2019;696P;61926/2017;;Ordin_nr._696P_din_08_03_2019.pdf
08.03.2019;696P;36901/2017;;Ordin_nr._696P_din_08_03_2019.pdf
15.02.2019;430P;80188/2017;;Ordin_nr._430P_din_15.02.2019.pdf
15.02.2019;430P;71923/2017;Copii minori: 1;Ordin_nr._430P_din_15.02.2019.pdf
15.02.2019;430P;71923/2017;;Ordin_nr._430P_din_15.02.2019.pdf
15.02.2019;430P;73396/2017;;Ordin_nr._430P_din_15.02.2019.pdf
15.02.2019;430P;89362/2017;Copii minori: 3;Ordin_nr._430P_din_15.02.2019.pdf
15.02.2019;430P;89358/2017;Copii minori: 2;Ordin_nr._430P_din_15.02.2019.pdf
15.02.2019;430P;64332/2017;;Ordin_nr._430P_din_15.02.2019.pdf
15.02.2019;430P;78460/2017;;Ordin_nr._430P_din_15.02.2019.pdf
15.02.2019;430P;74015/2017;;Ordin_nr._430P_din_15.02.2019.pdf
15.02.2019;430P;89028/2017;Copii minori: 1;Ordin_nr._430P_din_15.02.2019.pdf
15.02.2019;430P;81151/2017;;Ordin_nr._430P_din_15.02.2019.pdf
15.02.2019;430P;80252/2017;;Ordin_nr._430P_din_15.02.2019.pdf
15.02.2019;430P;80155/2017;;Ordin_nr._430P_din_15.02.2019.pdf
15.02.2019;430P;89368/2017;;Ordin_nr._430P_din_15.02.2019.pdf
15.02.2019;430P;79416/2017;;Ordin_nr._430P_din_15.02.2019.pdf
15.02.2019;430P;89080/2017;;Ordin_nr._430P_din_15.02.2019.pdf
15.02.2019;430P;74054/2017;;Ordin_nr._430P_din_15.02.2019.pdf
15.02.2019;430P;58964/2016;;Ordin_nr._430P_din_15.02.2019.pdf
15.02.2019;430P;80194/2017;;Ordin_nr._430P_din_15.02.2019.pdf
15.02.2019;430P;89270/2017;;Ordin_nr._430P_din_15.02.2019.pdf
15.02.2019;430P;89270/2017;;Ordin_nr._430P_din_15.02.2019.pdf
15.02.2019;430P;78434/2017;Copii minori: 2;Ordin_nr._430P_din_15.02.2019.pdf
15.02.2019;430P;78440/2017;;Ordin_nr._430P_din_15.02.2019.pdf
15.02.2019;430P;78437/2017;;Ordin_nr._430P_din_15.02.2019.pdf
15.02.2019;430P;74068/2017;;Ordin_nr._430P_din_15.02.2019.pdf
15.02.2019;430P;74078/2017;;Ordin_nr._430P_din_15.02.2019.pdf
15.02.2019;430P;74083/2017;Copii minori: 1;Ordin_nr._430P_din_15.02.2019.pdf
15.02.2019;430P;73908/2017;;Ordin_nr._430P_din_15.02.2019.pdf
15.02.2019;430P;80233/2017;;Ordin_nr._430P_din_15.02.2019.pdf
15.02.2019;430P;81155/2017;;Ordin_nr._430P_din_15.02.2019.pdf
15.02.2019;430P;41960/2017;;Ordin_nr._430P_din_15.02.2019.pdf
15.02.2019;430P;41966/2017;;Ordin_nr._430P_din_15.02.2019.pdf
15.02.2019;430P;89132/2017;;Ordin_nr._430P_din_15.02.2019.pdf
15.02.2019;430P;72456/2017;;Ordin_nr._430P_din_15.02.2019.pdf
15.02.2019;430P;72456/2017;;Ordin_nr._430P_din_15.02.2019.pdf
15.02.2019;430P;72457/2017;;Ordin_nr._430P_din_15.02.2019.pdf
15.02.2019;430P;89365/2017;Copii minori: 1;Ordin_nr._430P_din_15.02.2019.pdf
15.02.2019;430P;80239/2017;;Ordin_nr._430P_din_15.02.2019.pdf
15.02.2019;430P;103050/2016;;Ordin_nr._430P_din_15.02.2019.pdf
15.02.2019;430P;89357/2017;;Ordin_nr._430P_din_15.02.2019.pdf
15.02.2019;430P;74001/2017;;Ordin_nr._430P_din_15.02.2019.pdf
15.02.2019;430P;74508/2017;;Ordin_nr._430P_din_15.02.2019.pdf
15.02.2019;430P;74508/2017;Copii minori: 2;Ordin_nr._430P_din_15.02.2019.pdf
15.02.2019;430P;74508/2017;;Ordin_nr._430P_din_15.02.2019.pdf
15.02.2019;430P;64872/2017;;Ordin_nr._430P_din_15.02.2019.pdf
15.02.2019;430P;74367/2017;;Ordin_nr._430P_din_15.02.2019.pdf
15.02.2019;430P;74371/2017;;Ordin_nr._430P_din_15.02.2019.pdf
15.02.2019;430P;89359/2017;;Ordin_nr._430P_din_15.02.2019.pdf
15.02.2019;430P;77614/2017;;Ordin_nr._430P_din_15.02.2019.pdf
15.02.2019;430P;89127/2017;Copii minori: 1;Ordin_nr._430P_din_15.02.2019.pdf
15.02.2019;430P;73759/2017;;Ordin_nr._430P_din_15.02.2019.pdf
15.02.2019;430P;89037/2017;;Ordin_nr._430P_din_15.02.2019.pdf
15.02.2019;430P;41914/2017;;Ordin_nr._430P_din_15.02.2019.pdf
15.02.2019;430P;41914/2017;;Ordin_nr._430P_din_15.02.2019.pdf
15.02.2019;430P;79759/2017;;Ordin_nr._430P_din_15.02.2019.pdf
15.02.2019;430P;89353/2017;;Ordin_nr._430P_din_15.02.2019.pdf
15.02.2019;430P;40384/2017;;Ordin_nr._430P_din_15.02.2019.pdf
15.02.2019;430P;78337/2017;Copii minori: 3;Ordin_nr._430P_din_15.02.2019.pdf
15.02.2019;430P;78328/2017;Copii minori: 1;Ordin_nr._430P_din_15.02.2019.pdf
15.02.2019;430P;80272/2017;Copii minori: 4;Ordin_nr._430P_din_15.02.2019.pdf
15.02.2019;430P;89349/2017;;Ordin_nr._430P_din_15.02.2019.pdf
15.02.2019;430P;45162/2017;;Ordin_nr._430P_din_15.02.2019.pdf
15.02.2019;430P;79420/2017;Copii minori: 3;Ordin_nr._430P_din_15.02.2019.pdf
15.02.2019;430P;80181/2017;;Ordin_nr._430P_din_15.02.2019.pdf
15.02.2019;430P;73902/2017;;Ordin_nr._430P_din_15.02.2019.pdf
15.02.2019;430P;80245/2017;;Ordin_nr._430P_din_15.02.2019.pdf
15.02.2019;430P;74405/2017;;Ordin_nr._430P_din_15.02.2019.pdf
15.02.2019;430P;74423/2017;;Ordin_nr._430P_din_15.02.2019.pdf
15.02.2019;430P;74412/2017;;Ordin_nr._430P_din_15.02.2019.pdf
15.02.2019;430P;74419/2017;;Ordin_nr._430P_din_15.02.2019.pdf
15.02.2019;430P;74400/2017;;Ordin_nr._430P_din_15.02.2019.pdf
15.02.2019;430P;74400/2017;;Ordin_nr._430P_din_15.02.2019.pdf
15.02.2019;430P;70179/2017;;Ordin_nr._430P_din_15.02.2019.pdf
15.02.2019;430P;23234/2016;Copii minori: 6;Ordin_nr._430P_din_15.02.2019.pdf
15.02.2019;430P;74636/2017;;Ordin_nr._430P_din_15.02.2019.pdf
15.02.2019;430P;89338/2017;Copii minori: 2;Ordin_nr._430P_din_15.02.2019.pdf
15.02.2019;430P;89338/2017;;Ordin_nr._430P_din_15.02.2019.pdf
15.02.2019;430P;89346/2017;;Ordin_nr._430P_din_15.02.2019.pdf
15.02.2019;430P;36829/2018;;Ordin_nr._430P_din_15.02.2019.pdf
15.02.2019;430P;36827/2018;;Ordin_nr._430P_din_15.02.2019.pdf
17.01.2019;150P;66600/2017;;Ordin_nr._150P_din_17_01_2019.pdf
17.01.2019;150P;55663/2017;Copii minori: 1;Ordin_nr._150P_din_17_01_2019.pdf
17.01.2019;150P;111141/2016;Copii minori: 3;Ordin_nr._150P_din_17_01_2019.pdf
17.01.2019;150P;42926/2017;Copii minori: 1;Ordin_nr._150P_din_17_01_2019.pdf
17.01.2019;150P;41866/2017;;Ordin_nr._150P_din_17_01_2019.pdf
17.01.2019;150P;65995/2017;;Ordin_nr._150P_din_17_01_2019.pdf
17.01.2019;150P;62993/2017;;Ordin_nr._150P_din_17_01_2019.pdf
17.01.2019;150P;71663/2017;;Ordin_nr._150P_din_17_01_2019.pdf
17.01.2019;150P;71669/2017;;Ordin_nr._150P_din_17_01_2019.pdf
17.01.2019;150P;27226/2017;;Ordin_nr._150P_din_17_01_2019.pdf
17.01.2019;150P;66737/2017;;Ordin_nr._150P_din_17_01_2019.pdf
17.01.2019;150P;62978/2017;;Ordin_nr._150P_din_17_01_2019.pdf
17.01.2019;150P;62978/2017;;Ordin_nr._150P_din_17_01_2019.pdf
17.01.2019;150P;70640/2017;;Ordin_nr._150P_din_17_01_2019.pdf
17.01.2019;150P;66656/2017;;Ordin_nr._150P_din_17_01_2019.pdf
17.01.2019;150P;69155/2017;Copii minori: 1;Ordin_nr._150P_din_17_01_2019.pdf
17.01.2019;150P;25932/2017;Copii minori: 6;Ordin_nr._150P_din_17_01_2019.pdf
17.01.2019;150P;65808/2017;;Ordin_nr._150P_din_17_01_2019.pdf
17.01.2019;150P;65813/2017;;Ordin_nr._150P_din_17_01_2019.pdf
17.01.2019;150P;66216/2017;;Ordin_nr._150P_din_17_01_2019.pdf
17.01.2019;150P;66214/2017;;Ordin_nr._150P_din_17_01_2019.pdf
17.01.2019;150P;66209/2017;;Ordin_nr._150P_din_17_01_2019.pdf
17.01.2019;150P;66209/2017;;Ordin_nr._150P_din_17_01_2019.pdf
17.01.2019;150P;62989/2017;;Ordin_nr._150P_din_17_01_2019.pdf
17.01.2019;150P;66070/2017;;Ordin_nr._150P_din_17_01_2019.pdf
17.01.2019;150P;66083/2017;;Ordin_nr._150P_din_17_01_2019.pdf
17.01.2019;150P;66075/2017;;Ordin_nr._150P_din_17_01_2019.pdf
17.01.2019;150P;66080/2017;;Ordin_nr._150P_din_17_01_2019.pdf
17.01.2019;150P;39707/2017;;Ordin_nr._150P_din_17_01_2019.pdf
17.01.2019;150P;72050/2017;;Ordin_nr._150P_din_17_01_2019.pdf
17.01.2019;150P;71826/2017;;Ordin_nr._150P_din_17_01_2019.pdf
17.01.2019;150P;71378/2017;;Ordin_nr._150P_din_17_01_2019.pdf
17.01.2019;150P;71371/2017;;Ordin_nr._150P_din_17_01_2019.pdf
17.01.2019;150P;70591/2017;;Ordin_nr._150P_din_17_01_2019.pdf
17.01.2019;150P;69326/2017;;Ordin_nr._150P_din_17_01_2019.pdf
17.01.2019;150P;69339/2017;;Ordin_nr._150P_din_17_01_2019.pdf
17.01.2019;150P;69347/2017;;Ordin_nr._150P_din_17_01_2019.pdf
17.01.2019;150P;69337/2017;Copii minori: 1;Ordin_nr._150P_din_17_01_2019.pdf
17.01.2019;150P;42044/2017;Copii minori: 2;Ordin_nr._150P_din_17_01_2019.pdf
17.01.2019;150P;42044/2017;;Ordin_nr._150P_din_17_01_2019.pdf
17.01.2019;150P;66729/2017;;Ordin_nr._150P_din_17_01_2019.pdf
17.01.2019;150P;65783/2017;Copii minori: 5;Ordin_nr._150P_din_17_01_2019.pdf
17.01.2019;150P;65774/2017;Copii minori: 4;Ordin_nr._150P_din_17_01_2019.pdf
17.01.2019;150P;65946/2017;;Ordin_nr._150P_din_17_01_2019.pdf
17.01.2019;150P;70531/2017;;Ordin_nr._150P_din_17_01_2019.pdf
17.01.2019;150P;21039/2017;;Ordin_nr._150P_din_17_01_2019.pdf
17.01.2019;150P;70591/2017;Copii minori: 1;Ordin_nr._150P_din_17_01_2019.pdf
17.01.2019;150P;70601/2017;Copii minori: 2;Ordin_nr._150P_din_17_01_2019.pdf
17.01.2019;150P;71866/2017;;Ordin_nr._150P_din_17_01_2019.pdf
